symbol,atr_mult,rr_ratio,pause_after_loss,trades,wins,losses,win_rate,profit_factor,total_pnl,total_pnl_pct,sharpe,max_dd_pct,error
ETH-USD,2.5,1.5,2,2,0,2,0.0,0.0,-214.98610590522367,-0.021498610590522365,-0.5022452995679242,0.021498610590522365,
ETH-USD,2.5,2.0,2,2,0,2,0.0,0.0,-214.98610590522367,-0.021498610590522365,-0.5022452995679242,0.021498610590522365,
ETH-USD,2.5,3.0,2,2,0,2,0.0,0.0,-214.98610590522367,-0.021498610590522365,-0.5022452995679242,0.021498610590522365,
ETH-USD,2.5,2.5,2,2,0,2,0.0,0.0,-214.98610590522367,-0.021498610590522365,-0.5022452995679242,0.021498610590522365,
ETH-USD,2.5,1.5,3,3,0,3,0.0,0.0,-320.88432958821795,-0.03208843295882179,-0.6152770996619541,0.03208843295882179,
ETH-USD,3.0,1.5,2,2,0,2,0.0,0.0,-212.72666764387395,-0.021272666764387396,-0.5022471742629785,0.021272666764387396,
ETH-USD,2.5,2.0,3,3,0,3,0.0,0.0,-320.88432958821795,-0.03208843295882179,-0.6152770996619541,0.03208843295882179,
ETH-USD,2.5,2.5,3,3,0,3,0.0,0.0,-320.88432958821795,-0.03208843295882179,-0.6152770996619541,0.03208843295882179,
ETH-USD,3.0,1.5,3,3,0,3,0.0,0.0,-317.3837515336709,-0.03173837515336709,-0.6152787579435219,0.03173837515336709,
ETH-USD,2.5,3.0,3,3,0,3,0.0,0.0,-320.88432958821795,-0.03208843295882179,-0.6152770996619541,0.03208843295882179,
ETH-USD,2.5,1.5,0,10,0,10,0.0,0.0,-1038.818281580894,-0.10388182815808941,-1.125132923537565,0.10388182815808941,
ETH-USD,2.5,2.5,0,10,0,10,0.0,0.0,-1038.818281580894,-0.10388182815808941,-1.125132923537565,0.10388182815808941,
ETH-USD,2.5,3.0,0,10,0,10,0.0,0.0,-1038.818281580894,-0.10388182815808941,-1.125132923537565,0.10388182815808941,
ETH-USD,2.5,2.0,0,10,0,10,0.0,0.0,-1038.818281580894,-0.10388182815808941,-1.125132923537565,0.10388182815808941,
ETH-USD,3.0,1.5,0,13,1,12,0.07692307692307693,0.10593303142282148,-1093.4400297513203,-0.10934400297513203,-1.0260969692015671,0.10934400297513203,
ETH-USD,3.0,2.0,2,2,0,2,0.0,0.0,-212.72666764387395,-0.021272666764387396,-0.5022471742629785,0.021272666764387396,
ETH-USD,3.0,2.0,3,3,0,3,0.0,0.0,-317.3837515336709,-0.03173837515336709,-0.6152787579435219,0.03173837515336709,
ETH-USD,3.0,3.0,3,3,0,3,0.0,0.0,-317.3837515336709,-0.03173837515336709,-0.6152787579435219,0.03173837515336709,
ETH-USD,3.0,2.5,2,2,0,2,0.0,0.0,-212.72666764387395,-0.021272666764387396,-0.5022471742629785,0.021272666764387396,
ETH-USD,3.0,2.5,3,3,0,3,0.0,0.0,-317.3837515336709,-0.03173837515336709,-0.6152787579435219,0.03173837515336709,
ETH-USD,3.0,3.0,2,2,0,2,0.0,0.0,-212.72666764387395,-0.021272666764387396,-0.5022471742629785,0.021272666764387396,
ETH-USD,3.0,2.0,0,13,1,12,0.07692307692307693,0.14319219670731917,-1049.8877692163642,-0.10498877692163641,-0.9335457952353348,0.10498877692163641,
ETH-USD,3.5,1.5,2,3,1,2,0.3333333333333333,0.1453584330800354,-180.65819891000865,-0.018065819891000864,-0.42058507133295236,0.021073723283131923,
ETH-USD,3.5,2.0,2,3,1,2,0.3333333333333333,0.1453584330800354,-180.65819891000865,-0.018065819891000864,-0.42058507133295236,0.021073723283131923,
ETH-USD,3.0,3.0,0,11,1,10,0.09090909090909091,0.004938297397141548,-1021.1862926708036,-0.10211862926708036,-1.11922856745987,0.10211862926708036,
ETH-USD,3.5,1.5,3,4,1,3,0.25,0.09763073971026018,-283.9955989671562,-0.02839955989671562,-0.5479066393799843,0.03137580852802234,
ETH-USD,3.0,2.5,0,19,4,15,0.21052631578947367,0.48471424331262014,-793.5124256019826,-0.07935124256019827,-0.48007960901238594,0.09074703098600657,
ETH-USD,3.5,2.0,3,4,1,3,0.25,0.09763073971026018,-283.9955989671562,-0.02839955989671562,-0.5479066393799843,0.03137580852802234,
ETH-USD,3.5,1.5,0,17,4,13,0.23529411764705882,0.30277680376429456,-846.1028165236585,-0.08461028165236585,-0.7381476685024485,0.08741434316149277,
ETH-USD,3.5,2.0,0,16,4,12,0.25,0.4149597988246298,-655.8891182906282,-0.06558891182906282,-0.53142202171316,0.0684512404236762,
ETH-USD,3.5,2.5,2,3,1,2,0.3333333333333333,0.1453584330800354,-180.65819891000865,-0.018065819891000864,-0.42058507133295236,0.021073723283131923,
ETH-USD,3.5,3.0,2,3,1,2,0.3333333333333333,0.1453584330800354,-180.65819891000865,-0.018065819891000864,-0.42058507133295236,0.021073723283131923,
ETH-USD,3.5,2.5,3,4,1,3,0.25,0.09763073971026018,-283.9955989671562,-0.02839955989671562,-0.5479066393799843,0.03137580852802234,
ETH-USD,3.5,3.0,3,4,1,3,0.25,0.09763073971026018,-283.9955989671562,-0.02839955989671562,-0.5479066393799843,0.03137580852802234,
ETH-USD,4.0,1.5,2,3,1,2,0.3333333333333333,0.12811400721573626,-182.97216861466404,-0.018297216861466403,-0.4310294756811938,0.020929520030657057,
ETH-USD,4.0,2.0,2,3,1,2,0.3333333333333333,0.12811400721573626,-182.97216861466404,-0.018297216861466403,-0.4310294756811938,0.020929520030657057,
ETH-USD,4.0,1.5,3,4,1,3,0.25,0.08602324392883488,-285.6546418276612,-0.028565464182766117,-0.5566351019745688,0.031170234436261577,
ETH-USD,3.5,2.5,0,16,4,12,0.25,0.2961529475829547,-783.141464605731,-0.07831414646057311,-0.667512769713226,0.08113749456424407,
ETH-USD,4.0,2.5,2,3,1,2,0.3333333333333333,0.12811400721573626,-182.97216861466404,-0.018297216861466403,-0.4310294756811938,0.020929520030657057,
ETH-USD,3.5,3.0,0,16,4,12,0.25,0.30373994572062407,-774.8893916417892,-0.07748893916417891,-0.6225977934584643,0.08031481507865057,
ETH-USD,4.0,2.0,3,4,1,3,0.25,0.08602324392883488,-285.6546418276612,-0.028565464182766117,-0.5566351019745688,0.031170234436261577,
ETH-USD,4.0,1.5,0,16,4,12,0.25,0.3272464558086535,-741.0173020246293,-0.07410173020246293,-0.6712651548843661,0.07658440112058364,
ETH-USD,4.0,2.0,0,15,4,11,0.26666666666666666,0.45541738701415385,-549.1013139889692,-0.054910131398896916,-0.4587540487222328,0.05744426199220665,
ETH-USD,4.0,2.5,3,4,1,3,0.25,0.08602324392883488,-285.6546418276612,-0.028565464182766117,-0.5566351019745688,0.031170234436261577,
ETH-USD,4.0,2.5,0,15,4,11,0.26666666666666666,0.2875264690564009,-711.5813858682923,-0.07115813858682923,-0.6366549798191745,0.07364870234754112,
ETH-USD,4.0,3.0,2,3,1,2,0.3333333333333333,0.12811400721573626,-182.97216861466404,-0.018297216861466403,-0.4310294756811938,0.020929520030657057,
ETH-USD,4.0,3.0,3,4,1,3,0.25,0.08602324392883488,-285.6546418276612,-0.028565464182766117,-0.5566351019745688,0.031170234436261577,
ETH-USD,5.0,1.5,2,3,1,2,0.3333333333333333,0.10354507468343588,-186.21340836459785,-0.018621340836459787,-0.445630172911245,0.020727617635392475,
ETH-USD,4.0,3.0,0,15,3,12,0.2,0.30027812239368645,-708.9850929110689,-0.07089850929110689,-0.5885388002243112,0.07338976921264229,
ETH-USD,5.0,2.0,2,3,1,2,0.3333333333333333,0.10354507468343588,-186.21340836459785,-0.018621340836459787,-0.445630172911245,0.020727617635392475,
ETH-USD,5.0,1.5,3,4,1,3,0.25,0.0694973179535673,-287.97946595810936,-0.028797946595810937,-0.5687682562321047,0.03088238192875834,
ETH-USD,5.0,2.5,2,3,1,2,0.3333333333333333,0.10354507468343588,-186.21340836459785,-0.018621340836459787,-0.445630172911245,0.020727617635392475,
ETH-USD,5.0,2.0,3,4,1,3,0.25,0.0694973179535673,-287.97946595810936,-0.028797946595810937,-0.5687682562321047,0.03088238192875834,
ETH-USD,5.0,1.5,0,14,4,10,0.2857142857142857,0.4483718928348325,-428.6566827999377,-0.04286566827999377,-0.444859063383397,0.04961703406387877,
ETH-USD,5.0,2.5,3,4,1,3,0.25,0.0694973179535673,-287.97946595810936,-0.028797946595810937,-0.5687682562321047,0.03088238192875834,
ETH-USD,5.0,2.0,0,14,4,10,0.2857142857142857,0.2986730944100546,-542.049853244318,-0.0542049853244318,-0.5834360227975096,0.06287276800731294,
ETH-USD,5.0,3.0,2,3,1,2,0.3333333333333333,0.10354507468343588,-186.21340836459785,-0.018621340836459787,-0.445630172911245,0.020727617635392475,
ETH-USD,5.0,2.5,0,13,3,10,0.23076923076923078,0.20546554320538965,-613.2539305965256,-0.06132539305965256,-0.7250542176596005,0.06334001659755471,
ETH-USD,5.0,3.0,3,4,1,3,0.25,0.0694973179535673,-287.97946595810936,-0.028797946595810937,-0.5687682562321047,0.03088238192875834,
ADA-USD,2.5,1.5,2,4,2,2,0.5,1.273348750757084,60.70007809433082,0.006070007809433082,0.09002720346031366,0.021595457761978413,
ETH-USD,6.0,1.5,2,3,1,2,0.3333333333333333,0.08705772794667081,-187.9605379614204,-0.01879605379614204,-0.4552148514458792,0.020551599952930304,
ETH-USD,5.0,3.0,0,13,3,10,0.23076923076923078,0.20546554320538965,-613.2539305965256,-0.06132539305965256,-0.7250542176596005,0.06334001659755471,
ADA-USD,2.5,1.5,0,33,10,23,0.30303030303030304,0.561057562932496,-1056.0462765461161,-0.10560462765461161,-0.5687951491523509,0.13019920277242789,
ETH-USD,6.0,1.5,0,13,4,9,0.3076923076923077,0.27718566966783065,-465.8077984737429,-0.046580779847374285,-0.5877788672828869,0.05075075858279678,
ETH-USD,6.0,1.5,3,4,1,3,0.25,0.05796478585509737,-291.2953774911075,-0.02912953774911075,-0.5769920609275597,0.03086659548857247,
ETH-USD,6.0,2.0,2,3,1,2,0.3333333333333333,0.08705772794667081,-187.9605379614204,-0.01879605379614204,-0.4552148514458792,0.020551599952930304,
ADA-USD,2.5,1.5,3,5,2,3,0.4,0.8565249225238244,-47.36483040634812,-0.004736483040634812,-0.05689112965819524,0.032104785792123586,
ADA-USD,2.5,2.0,2,3,1,2,0.3333333333333333,0.8694623816765747,-28.753995109464086,-0.0028753995109464087,-0.03728850859409609,0.021613423553551343,
ETH-USD,6.0,2.5,2,3,1,2,0.3333333333333333,0.08705772794667081,-187.9605379614204,-0.01879605379614204,-0.4552148514458792,0.020551599952930304,
ETH-USD,6.0,2.0,3,4,1,3,0.25,0.05796478585509737,-291.2953774911075,-0.02912953774911075,-0.5769920609275597,0.03086659548857247,
ETH-USD,6.0,2.5,3,4,1,3,0.25,0.05796478585509737,-291.2953774911075,-0.02912953774911075,-0.5769920609275597,0.03086659548857247,
ADA-USD,2.5,2.0,3,4,1,3,0.25,0.5795718953859706,-138.93054159331405,-0.013893054159331404,-0.1796752377144791,0.03242403378883761,
ADA-USD,2.5,2.0,0,24,5,19,0.20833333333333334,0.4623609348442228,-1065.4540457002186,-0.10654540457002186,-0.6188512595287501,0.12333525579015188,
ADA-USD,2.5,2.5,2,3,1,2,0.3333333333333333,1.0911367859094303,20.168659650717018,0.002016865965071702,0.030022121197357365,0.021608322208867242,
ADA-USD,2.5,2.5,3,4,1,3,0.25,0.7272785521248885,-90.54845409460177,-0.009054845409460176,-0.09983814774913097,0.0324189888110849,
ETH-USD,6.0,2.0,0,13,3,10,0.23076923076923078,0.31519635791250106,-448.11719182027446,-0.04481171918202745,-0.51360526963589,0.05075075858279678,
ADA-USD,2.5,3.0,2,3,1,2,0.3333333333333333,1.3112367395175064,69.17171737769604,0.006917171737769604,0.08005471321514245,0.02159545776197835,
ADA-USD,2.5,3.0,3,4,1,3,0.25,0.882010483033708,-38.98418746686548,-0.003898418746686548,-0.03393945608142471,0.0321047857921235,
ETH-USD,6.0,3.0,2,3,1,2,0.3333333333333333,0.08705772794667081,-187.9605379614204,-0.01879605379614204,-0.4552148514458792,0.020551599952930304,
ETH-USD,6.0,2.5,0,12,3,9,0.25,0.20749443258434166,-510.2270144287686,-0.05102270144287686,-0.677921792743536,0.05272058846810407,
ADA-USD,3.0,1.5,2,4,2,2,0.5,1.3049927794225658,66.83169690473369,0.006683169690473369,0.09846380895656943,0.0213033654520708,
ETH-USD,6.0,3.0,3,4,1,3,0.25,0.05796478585509737,-291.2953774911075,-0.02912953774911075,-0.5769920609275597,0.03086659548857247,
ADA-USD,3.0,1.5,0,26,7,19,0.2692307692307692,0.4877242844220606,-1002.8064371814235,-0.10028064371814234,-0.6167228579419228,0.12529350589875432,
ADA-USD,2.5,3.0,0,25,4,21,0.16,0.5077838173584686,-1084.8424299973485,-0.10848424299973485,-0.5202129648461357,0.1337290786088706,
ADA-USD,3.0,1.5,3,5,2,3,0.4,0.8774233870708606,-39.94840553125687,-0.003994840553125687,-0.0472205164557703,0.0316845191295401,
ADA-USD,3.0,2.0,2,3,1,2,0.3333333333333333,0.8874660519031892,-24.460388487123055,-0.0024460388487123055,-0.031099760034573203,0.021324656491634217,
ADA-USD,2.5,2.5,0,32,7,25,0.21875,0.6108755267488972,-1019.7941340152956,-0.10197941340152956,-0.44251514469831166,0.12315261523384227,
ADA-USD,3.0,2.5,2,3,1,2,0.3333333333333333,1.1129317877129563,24.642525839244627,0.0024642525839244627,0.035557083282825114,0.021303365452070757,
ADA-USD,3.0,2.0,3,4,1,3,0.25,0.5919784675201581,-132.95623738332688,-0.013295623738332688,-0.17229485633997815,0.03196891397773331,
ADA-USD,3.0,2.5,3,4,1,3,0.25,0.748289487997028,-81.69007095209963,-0.008169007095209964,-0.0900161191798552,0.03168451912953999,
ADA-USD,3.0,3.0,2,3,1,2,0.3333333333333333,1.3353308510370063,73.52842273491297,0.0073528422734912965,0.08465803206007272,0.021303365452070896,
ETH-USD,6.0,3.0,0,12,3,9,0.25,0.20749443258434166,-510.2270144287686,-0.05102270144287686,-0.677921792743536,0.05272058846810407,
ADA-USD,3.0,3.0,3,4,1,3,0.25,0.897821456679276,-33.322712682622296,-0.0033322712682622296,-0.028139376582619065,0.03168451912954027,
ADA-USD,3.0,2.5,0,26,5,21,0.19230769230769232,0.5337689892795128,-1018.0166525639524,-0.10180166525639524,-0.508625183676012,0.12309722256502431,
ADA-USD,3.0,2.0,0,24,5,19,0.20833333333333334,0.4719473869026982,-1037.55114535764,-0.10375511453576401,-0.6028143537653559,0.12071646717033853,
ADA-USD,3.5,1.5,2,3,1,2,0.3333333333333333,0.6718942610256904,-70.28791760513013,-0.007028791760513013,-0.11669812995626712,0.021118368946099562,
ADA-USD,3.5,1.5,3,4,1,3,0.25,0.4484081203644343,-177.0566230707609,-0.01770566230707609,-0.26671390858219124,0.03164374205706928,
ADA-USD,3.5,2.0,2,3,1,2,0.3333333333333333,0.9018955916721532,-21.090044026646865,-0.0021090044026646866,-0.026250758035144,0.02108867113276724,
ADA-USD,3.5,2.0,3,4,1,3,0.25,0.6016182956842232,-128.38774703319905,-0.012838774703319905,-0.16665770008046918,0.031614363567908615,
ADA-USD,3.5,2.5,2,3,1,2,0.3333333333333333,1.1306549926500455,28.176870611270715,0.0028176870611270714,0.039938836874099236,0.021052523172106638,
ADA-USD,3.5,2.5,3,4,1,3,0.25,0.7537743028990826,-79.65057229655213,-0.007965057229655213,-0.08749347126134259,0.031578604286288524,
ADA-USD,3.5,1.5,0,27,7,20,0.25925925925925924,0.46715649152684025,-1081.1980825532955,-0.10811980825532955,-0.6587759095702043,0.12077497357896652,
ADA-USD,3.0,3.0,0,36,8,28,0.2222222222222222,0.6485430236173486,-1009.6408938263321,-0.10096408938263321,-0.3904702704148506,0.12653900089948256,
ADA-USD,4.0,1.5,2,3,1,2,0.3333333333333333,0.8147266866519481,-32.899836020536895,-0.0032899836020536897,-0.05735841153085015,0.01750421892764989,
ADA-USD,3.5,3.0,2,3,1,2,0.3333333333333333,0.41913636573635976,-124.32426925798245,-0.012432426925798245,-0.24997703023761894,0.021213048129081993,
ADA-USD,3.5,3.0,3,7,2,5,0.2857142857142857,0.6967273485645095,-163.28144684720064,-0.016328144684720065,-0.14459070746199296,0.03192225625363719,
ADA-USD,3.5,2.0,0,30,7,23,0.23333333333333334,0.547213364096689,-1064.8042701199174,-0.10648042701199174,-0.5411668768312634,0.12347497229495073,
ADA-USD,4.0,1.5,3,4,1,3,0.25,0.5125916821807307,-137.56697537511354,-0.013756697537511355,-0.22036421674544238,0.027821665440771456,
ADA-USD,4.0,2.0,2,3,1,2,0.3333333333333333,0.9131781126144952,-18.50426528605749,-0.0018504265286057489,-0.022525889723343896,0.020906020789436562,
ADA-USD,4.0,2.0,3,4,1,3,0.25,0.6091004513941972,-124.90342997319203,-0.012490342997319203,-0.1623401800132882,0.03134281145758307,
ADA-USD,4.0,2.5,2,3,1,2,0.3333333333333333,1.1417704857473023,30.36817353467086,0.0030368173534670857,0.04263791515619692,0.020909271821478476,
ADA-USD,4.0,1.5,0,25,6,19,0.24,0.43788114830324226,-1063.604071073778,-0.10636040710737779,-0.6865809038374691,0.11910473922069545,
ADA-USD,3.5,3.0,0,28,7,21,0.25,0.525170331658685,-1033.6039836211894,-0.10336039836211894,-0.5140429332663496,0.11757479100687852,
ADA-USD,4.0,2.5,3,4,1,3,0.25,0.7616145040787489,-76.5519538222834,-0.007655195382228339,-0.0839397298719103,0.03134602783478941,
ADA-USD,5.0,1.5,2,3,1,2,0.3333333333333333,0.6937726380211628,-64.31549854695004,-0.006431549854695004,-0.10693289336149331,0.020700899201053547,
ADA-USD,4.0,2.0,0,24,5,19,0.20833333333333334,0.4793395631818151,-1001.0624623761105,-0.10010624623761105,-0.5829091623118233,0.11728604644522343,
ADA-USD,4.0,2.5,0,16,2,14,0.125,0.3352009484329889,-953.1527363468049,-0.0953152736346805,-0.6723890983521787,0.11691334536839329,
ADA-USD,3.5,2.5,0,35,9,26,0.2571428571428571,0.5926879280613256,-1094.9729786753014,-0.10949729786753014,-0.4863551649811359,0.13069405874184153,
ADA-USD,4.0,3.0,2,3,1,2,0.3333333333333333,0.37001444400525424,-133.64633037641215,-0.013364633037641216,-0.2796767672797532,0.021048964573665754,
ADA-USD,5.0,1.5,3,4,1,3,0.25,0.46309241936507156,-168.93540561540976,-0.016893540561540975,-0.2562377668943327,0.031012637753422886,
ADA-USD,4.0,3.0,3,7,2,5,0.2857142857142857,0.687920336835971,-165.59705136420234,-0.016559705136420234,-0.1481891619865392,0.03136865908885902,
ADA-USD,5.0,2.0,2,3,1,2,0.3333333333333333,0.926920594548804,-15.426028112033237,-0.0015426028112033236,-0.01806245221003849,0.02070350027351611,
ADA-USD,5.0,1.5,0,23,5,18,0.21739130434782608,0.38876252682710066,-1080.3466233534145,-0.10803466233534145,-0.7373222213799862,0.12084481648840287,
ADA-USD,4.0,3.0,0,14,2,12,0.14285714285714285,0.29683259290862135,-864.7138717710441,-0.08647138717710441,-0.671656074129356,0.10022758898435917,
ADA-USD,5.0,2.0,3,4,1,3,0.25,0.6187447995168506,-120.56072727687751,-0.012056072727687751,-0.15684628862373395,0.031015211437338628,
ADA-USD,5.0,2.0,0,25,6,19,0.24,0.42401633500054214,-1074.6344835320979,-0.10746344835320978,-0.6676122328351247,0.12459167174623717,
ADA-USD,5.0,2.5,2,3,1,2,0.3333333333333333,0.2997449450861121,-146.7031690796921,-0.01467031690796921,-0.32351837924367943,0.02081922482093785,
ADA-USD,5.0,2.5,3,7,2,5,0.2857142857142857,0.5756491831602806,-222.23593095779688,-0.02222359309577969,-0.2266783592280053,0.03113448936726883,
ADA-USD,6.0,1.5,2,3,1,2,0.3333333333333333,0.8160802067490641,-32.99409735797417,-0.003299409735797417,-0.05703100626021381,0.017680551539229747,
ADA-USD,6.0,1.5,3,4,1,3,0.25,0.5167719816592181,-136.8969506679823,-0.01368969506679823,-0.21826791462010398,0.027920918059925016,
ADA-USD,5.0,2.5,0,14,2,12,0.14285714285714285,0.2752930552250088,-793.6230892175445,-0.07936230892175444,-0.6901556637534694,0.0877524755394944,
ADA-USD,5.0,3.0,2,3,1,2,0.3333333333333333,0.2997449450861121,-146.7031690796921,-0.01467031690796921,-0.32351837924367943,0.02081922482093785,
ADA-USD,5.0,3.0,3,4,1,3,0.25,0.1987014284967906,-253.2377755906091,-0.025323777559060907,-0.46669511341432196,0.03140620300466651,
ADA-USD,5.0,3.0,0,11,1,10,0.09090909090909091,0.06418826766906052,-915.5202223154029,-0.09155202223154028,-1.0326247170641496,0.09722115313754498,
ADA-USD,6.0,2.0,0,11,1,10,0.09090909090909091,0.05705856687948068,-864.8040694913452,-0.08648040694913452,-1.013409468210596,0.09123600321939714,
ADA-USD,6.0,2.0,2,3,1,2,0.3333333333333333,0.2519008487376626,-155.41158728201844,-0.015541158728201844,-0.35384656123612573,0.020666050224118063,
ADA-USD,6.0,1.5,0,25,7,18,0.28,0.3433945943570612,-1007.9723207257393,-0.10079723207257393,-0.7965413127530655,0.11377160235179219,
ADA-USD,6.0,2.0,3,4,1,3,0.25,0.1684902288664637,-258.25366984133143,-0.025825366984133142,-0.4917010736980217,0.030896720994048457,
ADA-USD,6.0,2.5,2,3,1,2,0.3333333333333333,0.2519008487376626,-155.41158728201844,-0.015541158728201844,-0.35384656123612573,0.020666050224118063,
ADA-USD,6.0,2.5,0,11,1,10,0.09090909090909091,0.05705856687948068,-864.8040694913452,-0.08648040694913452,-1.013409468210596,0.09123600321939714,
ADA-USD,6.0,2.5,3,4,1,3,0.25,0.1684902288664637,-258.25366984133143,-0.025825366984133142,-0.4917010736980217,0.030896720994048457,
ADA-USD,6.0,3.0,2,3,1,2,0.3333333333333333,0.2519008487376626,-155.41158728201844,-0.015541158728201844,-0.35384656123612573,0.020666050224118063,
ADA-USD,6.0,3.0,0,11,1,10,0.09090909090909091,0.05705856687948068,-864.8040694913452,-0.08648040694913452,-1.013409468210596,0.09123600321939714,
ADA-USD,6.0,3.0,3,4,1,3,0.25,0.1684902288664637,-258.25366984133143,-0.025825366984133142,-0.4917010736980217,0.030896720994048457,
DOT-USD,2.5,1.5,2,3,1,2,0.3333333333333333,0.6127193410242008,-86.71815321008944,-0.008671815321008945,-0.1445496137266537,0.022088504312294092,
DOT-USD,2.5,2.5,2,3,1,2,0.3333333333333333,1.0621874696691576,13.881246220476896,0.0013881246220476895,0.02236570504248126,0.02180463077812782,
DOT-USD,2.5,1.5,3,4,1,3,0.25,0.412243558183636,-195.60921981379033,-0.019560921981379032,-0.29335943805430365,0.03283023721721868,
DOT-USD,2.5,2.0,2,3,1,2,0.3333333333333333,0.8321685074243208,-37.74382585974672,-0.003774382585974672,-0.05063639463958717,0.02207597399972988,
DOT-USD,2.5,2.0,3,4,1,3,0.25,0.5597847935963283,-147.17284415530958,-0.014717284415530957,-0.19177817732399985,0.03281784454213132,
DOT-USD,2.5,2.5,3,4,1,3,0.25,0.7090172436640403,-97.30545798621279,-0.009730545798621279,-0.10871132403523674,0.0326657860584619,
DOT-USD,2.5,3.0,2,3,1,2,0.3333333333333333,1.2707528932108159,61.15973263419073,0.006115973263419073,0.07196206384232919,0.021958452591256325,
DOT-USD,2.5,3.0,3,4,1,3,0.25,0.8532840958283989,-49.35567805308892,-0.004935567805308893,-0.04489401957111057,0.0327016140312348,
DOT-USD,3.0,1.5,2,3,1,2,0.3333333333333333,0.6324464742606082,-80.95936502934819,-0.008095936502934819,-0.13504045786145816,0.021723923458173654,
DOT-USD,3.0,1.5,3,4,1,3,0.25,0.42526361206218416,-188.26983702995858,-0.018826983702995858,-0.2836420662028006,0.032307534452818934,
DOT-USD,3.0,2.0,2,3,1,2,0.3333333333333333,0.8568825979462407,-31.60975371119821,-0.003160975371119821,-0.041733090440810056,0.021676351654308826,
DOT-USD,3.0,2.0,3,4,1,3,0.25,0.5757536796663051,-139.45412110335747,-0.013945412110335747,-0.18200922779663498,0.03226047731089717,
DOT-USD,3.0,2.5,2,3,1,2,0.3333333333333333,1.080787260716936,17.88030813444857,0.001788030813444857,0.027304131252187683,0.021615527055026135,
DOT-USD,3.0,2.5,3,4,1,3,0.25,0.7255143112010033,-90.49947413213704,-0.009049947413213704,-0.10072041915733196,0.03220031075070305,
DOT-USD,2.5,2.0,0,52,18,34,0.34615384615384615,0.9089604391869599,-327.45295411052393,-0.032745295411052394,-0.09961238721216724,0.09561690714433445,
DOT-USD,2.5,1.5,0,59,24,35,0.4067796610169492,0.9024063091073359,-356.1271374119351,-0.035612713741193514,-0.12037411325936327,0.0921983353034196,
DOT-USD,3.0,3.0,2,2,0,2,0.0,0.0,-218.4481727179791,-0.02184481727179791,-0.5022393398319909,0.02184481727179791,
DOT-USD,3.0,3.0,3,3,0,3,0.0,0.0,-324.2712036049961,-0.03242712036049961,-0.6152568568503608,0.03242712036049961,
DOT-USD,2.5,2.5,0,44,11,33,0.25,0.7553830372833392,-827.7699010766355,-0.08277699010766355,-0.28747545541902164,0.1203496347384336,
DOT-USD,3.5,1.5,2,3,1,2,0.3333333333333333,0.647216386885528,-76.7537904758592,-0.007675379047585921,-0.12807180202591847,0.02145451391662644,
DOT-USD,2.5,3.0,0,40,10,30,0.25,0.9146201462414748,-267.39348883144885,-0.026739348883144883,-0.06938083313540423,0.10879239457856141,
DOT-USD,3.0,1.5,0,49,21,28,0.42857142857142855,0.9844980994481745,-46.56470103598622,-0.004656470103598622,-0.0038331595936441157,0.06818260450862562,
DOT-USD,3.5,1.5,3,4,1,3,0.25,0.43494517485948664,-182.93508377191029,-0.01829350837719103,-0.2765106595484973,0.03192520294998139,
DOT-USD,3.0,2.0,0,39,13,26,0.3333333333333333,0.885473031131277,-301.33647889834356,-0.030133647889834355,-0.11209043373847977,0.0720044347461176,
DOT-USD,3.5,2.0,2,3,1,2,0.3333333333333333,0.873800336439273,-27.551090360835587,-0.002755109036083559,-0.0358077051328639,0.02142268576951707,
DOT-USD,3.0,3.0,0,32,8,24,0.25,0.708921978194579,-728.6807310071526,-0.07286807310071526,-0.2874472159506998,0.10207776152747745,
DOT-USD,3.0,2.5,0,37,12,25,0.32432432432432434,0.9457329948947408,-142.78646065814064,-0.014278646065814063,-0.038108417479279684,0.08256344833210924,
DOT-USD,3.5,2.0,3,4,1,3,0.25,0.5869228408905265,-134.25886523575355,-0.013425886523575355,-0.17531452401096947,0.03189371537225349,
DOT-USD,3.5,2.5,2,2,0,2,0.0,0.0,-215.67103871236577,-0.021567103871236577,-0.5022416092614843,0.021567103871236577,
DOT-USD,3.5,1.5,0,43,17,26,0.3953488372093023,0.8468134995082467,-389.3652675159865,-0.03893652675159865,-0.17083652385119252,0.0707558762259827,
DOT-USD,3.5,2.5,3,3,0,3,0.0,0.0,-320.36588163044144,-0.032036588163044145,-0.6152623117315762,0.032036588163044145,
DOT-USD,3.5,3.0,2,2,0,2,0.0,0.0,-215.67103871236577,-0.021567103871236577,-0.5022416092614843,0.021567103871236577,
DOT-USD,3.5,3.0,3,3,0,3,0.0,0.0,-320.36588163044144,-0.032036588163044145,-0.6152623117315762,0.032036588163044145,
DOT-USD,3.5,2.0,0,37,14,23,0.3783783783783784,0.9531905003121555,-108.37275623226378,-0.010837275623226379,-0.03319160214967467,0.059674728627909214,
DOT-USD,4.0,1.5,2,3,1,2,0.3333333333333333,0.6591598366408887,-73.39581236159029,-0.0073395812361590285,-0.12253150675514475,0.021232414782149354,
DOT-USD,4.0,2.0,2,3,1,2,0.3333333333333333,0.8894152579359819,-23.858753501668616,-0.0023858753501668616,-0.030463888441159194,0.02116887231414139,
DOT-USD,4.0,1.5,3,4,1,3,0.25,0.44263700836143055,-178.73173080270863,-0.017873173080270862,-0.27090352977875176,0.0316185831616348,
DOT-USD,4.0,2.5,2,2,0,2,0.0,0.0,-191.777881324595,-0.0191777881324595,-0.4992402157565624,0.0191777881324595,
DOT-USD,4.0,2.0,3,4,1,3,0.25,0.5966563598897685,-129.7203332357385,-0.012972033323573851,-0.1695749161221444,0.03155571497297777,
DOT-USD,4.0,2.5,3,3,0,3,0.0,0.0,-295.8575913257009,-0.029585759132570093,-0.6123219976965549,0.029585759132570093,
DOT-USD,3.5,2.5,0,29,9,20,0.3103448275862069,0.7652167123896194,-464.37814323577004,-0.046437814323577006,-0.21109323978870317,0.07337369149938906,
DOT-USD,3.5,3.0,0,26,8,18,0.3076923076923077,0.6073060181385889,-696.7628500586161,-0.06967628500586161,-0.3617459700582902,0.0766365714664862,
DOT-USD,4.0,3.0,2,2,0,2,0.0,0.0,-191.777881324595,-0.0191777881324595,-0.4992402157565624,0.0191777881324595,
DOT-USD,4.0,3.0,3,3,0,3,0.0,0.0,-295.8575913257009,-0.029585759132570093,-0.6123219976965549,0.029585759132570093,
DOT-USD,5.0,1.5,2,3,1,2,0.3333333333333333,0.6760455569891101,-68.7751523787665,-0.0068775152378766505,-0.11484028470401113,0.020929496127791082,
DOT-USD,4.0,1.5,0,37,15,22,0.40540540540540543,0.892657660773449,-229.07905885629953,-0.022907905885629954,-0.10397587487673676,0.057179756072471576,
DOT-USD,5.0,2.0,2,2,0,2,0.0,0.0,-173.4516810673449,-0.01734516810673449,-0.49129897920679716,0.01734516810673449,
DOT-USD,4.0,2.0,0,32,10,22,0.3125,0.74458557476835,-546.2778150183785,-0.054627781501837856,-0.26215273539087425,0.08273233286902912,
DOT-USD,4.0,2.5,0,26,8,18,0.3076923076923077,0.5474562483763197,-777.5801032382533,-0.07775801032382533,-0.45384721904938224,0.08379991633948303,
DOT-USD,5.0,1.5,3,4,1,3,0.25,0.4535438938878092,-172.92569999385705,-0.017292569999385707,-0.263042062877408,0.031197185229251474,
DOT-USD,5.0,2.0,3,3,0,3,0.0,0.0,-276.5044670314164,-0.02765044670314164,-0.6049366998781326,0.02765044670314164,
DOT-USD,5.0,2.5,2,2,0,2,0.0,0.0,-173.4516810673449,-0.01734516810673449,-0.49129897920679716,0.01734516810673449,
DOT-USD,5.0,2.5,3,3,0,3,0.0,0.0,-276.5044670314164,-0.02765044670314164,-0.6049366998781326,0.02765044670314164,
DOT-USD,4.0,3.0,0,24,7,17,0.2916666666666667,0.537812060720933,-748.398081367055,-0.0748398081367055,-0.433327554475471,0.08090083224018235,
DOT-USD,5.0,3.0,2,2,0,2,0.0,0.0,-173.4516810673449,-0.01734516810673449,-0.49129897920679716,0.01734516810673449,
DOT-USD,5.0,3.0,3,3,0,3,0.0,0.0,-276.5044670314164,-0.02765044670314164,-0.6049366998781326,0.02765044670314164,
DOT-USD,6.0,1.5,2,2,0,2,0.0,0.0,-161.2316097826042,-0.01612316097826042,-0.4819134188478618,0.01612316097826042,
DOT-USD,6.0,2.0,2,2,0,2,0.0,0.0,-161.2316097826042,-0.01612316097826042,-0.4819134188478618,0.01612316097826042,
DOT-USD,5.0,2.0,0,24,7,17,0.2916666666666667,0.5315079551062106,-630.5432561940779,-0.0630543256194078,-0.44400906226745035,0.06797011240156335,
DOT-USD,6.0,1.5,3,3,0,3,0.0,0.0,-263.597275866834,-0.026359727586683403,-0.596748936148623,0.026359727586683403,
DOT-USD,6.0,2.0,3,3,0,3,0.0,0.0,-263.597275866834,-0.026359727586683403,-0.596748936148623,0.026359727586683403,
DOT-USD,5.0,1.5,0,31,12,19,0.3870967741935484,0.8431474087511498,-272.0217108966026,-0.02720217108966026,-0.14514513893965647,0.061169281468299384,
DOT-USD,6.0,2.5,2,2,0,2,0.0,0.0,-161.2316097826042,-0.01612316097826042,-0.4819134188478618,0.01612316097826042,
DOT-USD,5.0,2.5,0,23,7,16,0.30434782608695654,0.5004031380295003,-689.6122556220198,-0.06896122556220198,-0.46484998167467745,0.07384602115516027,
DOT-USD,6.0,2.5,3,3,0,3,0.0,0.0,-263.597275866834,-0.026359727586683403,-0.596748936148623,0.026359727586683403,
DOT-USD,5.0,3.0,0,23,7,16,0.30434782608695654,0.5945778917003203,-563.3479250866039,-0.05633479250866039,-0.3379266251602777,0.06128583404778983,
DOT-USD,6.0,3.0,2,2,0,2,0.0,0.0,-161.2316097826042,-0.01612316097826042,-0.4819134188478618,0.01612316097826042,
DOT-USD,6.0,1.5,0,26,9,17,0.34615384615384615,0.516792893301177,-696.2742995087137,-0.06962742995087137,-0.49978658378144286,0.07107558192101132,
DOT-USD,6.0,3.0,3,3,0,3,0.0,0.0,-263.597275866834,-0.026359727586683403,-0.596748936148623,0.026359727586683403,
DOT-USD,6.0,2.0,0,22,6,16,0.2727272727272727,0.44048111559141095,-663.8374294597925,-0.06638374294597925,-0.5254552891427318,0.06783694380930229,
DOT-USD,6.0,2.5,0,22,6,16,0.2727272727272727,0.5332110828334695,-565.4778928321521,-0.05654778928321521,-0.3963581060041195,0.058016300094545656,
DOT-USD,6.0,3.0,0,23,7,16,0.30434782608695654,0.5290054348226405,-632.4975513187437,-0.06324975513187438,-0.41020794794513815,0.06470783413839891,
