symbol,w_trend,w_elliott,w_volume,trades,wins,losses,win_rate,profit_factor,total_pnl,total_pnl_pct,sharpe,max_dd_pct,error
BTC-USD,0.0,1.0,0.0,34,8,26,0.23529411764705882,0.6277260685349351,-1025.0592779125072,-0.10250592779125073,-0.1984843955171537,0.10250592779125073,
BTC-USD,0.0,0.9,0.1,34,8,26,0.23529411764705882,0.6277260685349351,-1025.0592779125072,-0.10250592779125073,-0.1984843955171537,0.10250592779125073,
BTC-USD,0.0,0.8,0.2,159,59,100,0.3710691823899371,1.3988390159976793,5144.788994721237,0.5144788994721237,0.3289042046915035,0.10024314520686428,
BTC-USD,0.1,0.2,0.7,63,18,45,0.2857142857142857,0.790450534525798,-1036.3362573637332,-0.10363362573637333,-0.13939135975619904,0.16766339647248513,
BTC-USD,0.0,0.7,0.3,143,55,88,0.38461538461538464,1.454693529090226,5121.511066081104,0.5121511066081105,0.3414432283888682,0.1018201580930422,
BTC-USD,0.1,0.0,0.9,64,18,46,0.28125,0.7918706956752423,-1089.3010368021114,-0.10893010368021114,-0.14642522085268625,0.20579092980859895,
BTC-USD,0.0,0.0,1.0,57,16,41,0.2807017543859649,0.781874166721566,-1003.1123702777986,-0.10031123702777986,-0.14330434161704794,0.19339089732995238,
BTC-USD,0.1,0.1,0.8,99,35,64,0.35353535353535354,1.1482745874992735,1086.4206543472628,0.10864206543472628,0.11751501917004531,0.17219506757767375,
BTC-USD,0.0,0.2,0.8,85,31,54,0.36470588235294116,1.1959089233164875,1227.4103131141346,0.12274103131141346,0.13812008560976377,0.14679372779839372,
BTC-USD,0.0,0.3,0.7,92,34,58,0.3695652173913043,1.2451294107014725,1625.5273324487498,0.162552733244875,0.16808354550383384,0.11941933531521183,
BTC-USD,0.0,0.1,0.9,91,31,60,0.34065934065934067,1.0665866354522957,456.0049455709941,0.04560049455709941,0.0611356844711649,0.19696082135229595,
BTC-USD,0.0,0.6,0.4,81,32,49,0.3950617283950617,1.4247392598504336,2496.636811588274,0.24966368115882742,0.2462098677469792,0.08384386939600741,
BTC-USD,0.0,0.5,0.5,81,32,49,0.3950617283950617,1.4247392598504336,2496.636811588274,0.24966368115882742,0.2462098677469792,0.08384386939600741,
BTC-USD,0.0,0.4,0.6,81,32,49,0.3950617283950617,1.419287205016244,2459.4202290703815,0.24594202290703815,0.2433430053102666,0.08656855243235201,
BTC-USD,0.1,0.3,0.6,77,30,47,0.38961038961038963,1.376969216005442,2102.0418976944,0.21020418976944003,0.21935654561103554,0.106427164386179,
BTC-USD,0.1,0.9,0.0,34,8,26,0.23529411764705882,0.6277260685349351,-1025.0592779125072,-0.10250592779125073,-0.1984843955171537,0.10250592779125073,
BTC-USD,0.1,0.5,0.4,128,50,78,0.390625,1.3958253972101928,3899.342937885842,0.3899342937885842,0.290943419923682,0.12242743124206698,
BTC-USD,0.1,0.6,0.3,149,57,92,0.3825503355704698,1.4512137548645936,5286.087765709031,0.5286087765709031,0.343474517189574,0.1018201580930422,
BTC-USD,0.1,0.8,0.1,159,59,100,0.3710691823899371,1.3988390159976793,5144.788994721237,0.5144788994721237,0.3289042046915035,0.10024314520686428,
BTC-USD,0.1,0.7,0.2,143,55,88,0.38461538461538464,1.4517233865461385,5076.539119368845,0.5076539119368845,0.33930750671870963,0.1018201580930422,
BTC-USD,0.2,0.0,0.8,57,16,41,0.2807017543859649,0.7685444516403915,-1022.9146270332803,-0.10229146270332803,-0.14750635775789644,0.1705673779808498,
BTC-USD,0.1,0.4,0.5,78,31,47,0.3974358974358974,1.4250002049799368,2381.724413429454,0.23817244134294543,0.24096035078460326,0.08036918916337374,
BTC-USD,0.2,0.1,0.7,58,16,42,0.27586206896551724,0.7552408761246141,-1101.8493004595239,-0.11018493004595238,-0.15947225901780868,0.1737567911724713,
BTC-USD,0.2,0.8,0.0,175,64,111,0.3657142857142857,1.361513461024145,5000.63205567642,0.500063205567642,0.31042110410534474,0.10024314520686428,
BTC-USD,0.2,0.5,0.3,152,58,94,0.3815789473684211,1.4235572109093393,5041.800105398963,0.5041800105398963,0.3301987687588292,0.1018201580930422,
BTC-USD,0.2,0.6,0.2,154,57,97,0.37012987012987014,1.3406760024344653,4152.276661911883,0.4152276661911883,0.28486728747523177,0.1018201580930422,
BTC-USD,0.2,0.4,0.4,130,49,81,0.3769230769230769,1.3736685229209513,3783.662823802775,0.37836628238027753,0.28233995210508706,0.1273645599140855,
BTC-USD,0.2,0.2,0.6,55,15,40,0.2727272727272727,0.7634577533562081,-1048.6114278802143,-0.10486114278802143,-0.15181646957689676,0.16880322880318832,
BTC-USD,0.2,0.7,0.1,156,57,99,0.36538461538461536,1.3235434158103958,4012.22198734196,0.401222198734196,0.27508314048013555,0.1018201580930422,
BTC-USD,0.3,0.0,0.7,42,11,31,0.2619047619047619,0.6723921682782859,-1058.162625247949,-0.10581626252479491,-0.19160259584940115,0.1442929277047709,
BTC-USD,0.3,0.1,0.6,41,11,30,0.2682926829268293,0.6746557043894139,-1056.8890792686798,-0.10568890792686798,-0.19095533221228095,0.14417105316649861,
BTC-USD,0.3,0.3,0.4,101,30,71,0.297029702970297,0.9836050614295474,-131.70687008462664,-0.013170687008462665,0.0019240214214814413,0.11392451609748723,
BTC-USD,0.2,0.3,0.5,74,28,46,0.3783783783783784,1.2944177868938702,1554.6264850560037,0.15546264850560038,0.17479923026152241,0.14658921022380075,
BTC-USD,0.3,0.2,0.5,49,14,35,0.2857142857142857,0.7321121015913559,-1020.0336205394833,-0.10200336205394833,-0.1625591904388289,0.14064409608088813,
BTC-USD,0.3,0.4,0.3,142,50,92,0.352112676056338,1.2627199254139527,2928.970999984389,0.2928970999984389,0.22349040241136928,0.09299609038429986,
BTC-USD,0.3,0.5,0.2,139,50,89,0.3597122302158273,1.3030712787975438,3354.165236921177,0.3354165236921177,0.2500926333218221,0.09299609038429989,
BTC-USD,0.4,0.0,0.6,34,8,26,0.23529411764705882,0.6437954429811735,-1000.8370299376365,-0.10008370299376365,-0.19202099913755188,0.1388070398190131,
BTC-USD,0.4,0.1,0.5,38,9,29,0.23684210526315788,0.6674668463674714,-1049.5167378398728,-0.10495167378398729,-0.1877222353247449,0.16801049296728007,
BTC-USD,0.3,0.6,0.1,139,50,89,0.3597122302158273,1.3030712787975438,3354.165236921177,0.3354165236921177,0.2500926333218221,0.09299609038429989,
BTC-USD,0.4,0.2,0.4,108,31,77,0.28703703703703703,0.9125268756160096,-746.4605855929294,-0.07464605855929295,-0.06050048693288259,0.13019027101652775,
BTC-USD,0.3,0.7,0.0,139,51,88,0.3669064748201439,1.3505743240851704,3895.1288549240235,0.38951288549240237,0.2800564585703811,0.0783819506361414,
BTC-USD,0.4,0.3,0.3,162,54,108,0.3333333333333333,1.1521247343667156,1863.8698996017229,0.18638698996017228,0.14961949106540517,0.10636878186733556,
BTC-USD,0.4,0.4,0.2,148,52,96,0.35135135135135137,1.274954759631115,3168.652311344211,0.3168652311344211,0.233582916804799,0.09299609038430022,
BTC-USD,0.5,0.0,0.5,89,26,63,0.29213483146067415,0.8554043421804322,-1014.7932546698157,-0.10147932546698157,-0.10553194184786939,0.17796995750913738,
BTC-USD,0.4,0.5,0.1,138,50,88,0.36231884057971014,1.3164416407568587,3505.977905294394,0.3505977905294394,0.25944724481312936,0.09299609038430022,
BTC-USD,0.4,0.6,0.0,138,50,88,0.36231884057971014,1.3164416407568587,3505.977905294394,0.3505977905294394,0.25944724481312936,0.09299609038430022,
BTC-USD,0.5,0.5,0.0,52,16,36,0.3076923076923077,0.9775286262415677,-92.96438807122468,-0.009296438807122467,-0.0027153127539025186,0.10564455160681097,
BTC-USD,0.5,0.2,0.3,175,58,117,0.3314285714285714,1.1266412052753245,1718.5491774914863,0.17185491774914863,0.13686144368808753,0.11507286662321939,
BTC-USD,0.5,0.1,0.4,168,55,113,0.3273809523809524,1.1239463434690655,1628.417153613691,0.1628417153613691,0.13261974094806783,0.11670902539344064,
BTC-USD,0.5,0.3,0.2,174,58,116,0.3333333333333333,1.1354148375035138,1839.436345684917,0.1839436345684917,0.14451486559259738,0.11166272493078269,
BTC-USD,0.6,0.0,0.4,121,38,83,0.3140495867768595,1.0478779315586948,486.31205316301384,0.048631205316301385,0.05914471911032652,0.12333014519003815,
BTC-USD,0.5,0.4,0.1,170,58,112,0.3411764705882353,1.1625134982069036,2149.072726750941,0.2149072726750941,0.16471798840846122,0.1084514148359655,
BTC-USD,0.6,0.1,0.3,177,59,118,0.3333333333333333,1.1611643932608895,2294.4151251398252,0.22944151251398254,0.17019272811249897,0.10845141483596558,
BTC-USD,0.6,0.2,0.2,177,59,118,0.3333333333333333,1.1611643932608895,2294.4151251398252,0.22944151251398254,0.17019272811249897,0.10845141483596558,
BTC-USD,0.6,0.3,0.1,177,59,118,0.3333333333333333,1.1611643932608895,2294.4151251398252,0.22944151251398254,0.17019272811249897,0.10845141483596558,
BTC-USD,0.6,0.4,0.0,176,59,117,0.3352272727272727,1.155929820886981,2189.266023632046,0.21892660236320463,0.16466913419222634,0.11563317363874395,
BTC-USD,0.7,0.0,0.3,188,63,125,0.3351063829787234,1.1581644749458906,2382.1488313984064,0.23821488313984063,0.17185926913920357,0.11857040383663259,
BTC-USD,0.7,0.1,0.2,188,63,125,0.3351063829787234,1.1581644749458906,2382.1488313984064,0.23821488313984063,0.17185926913920357,0.11857040383663259,
BTC-USD,0.7,0.2,0.1,188,63,125,0.3351063829787234,1.1581644749458906,2382.1488313984064,0.23821488313984063,0.17185926913920357,0.11857040383663259,
BTC-USD,0.7,0.3,0.0,188,63,125,0.3351063829787234,1.1581644749458906,2382.1488313984064,0.23821488313984063,0.17185926913920357,0.11857040383663259,
BTC-USD,0.8,0.0,0.2,188,63,125,0.3351063829787234,1.1581644749458906,2382.1488313984064,0.23821488313984063,0.17185926913920357,0.11857040383663259,
BTC-USD,0.8,0.1,0.1,188,63,125,0.3351063829787234,1.1581644749458906,2382.1488313984064,0.23821488313984063,0.17185926913920357,0.11857040383663259,
BTC-USD,0.8,0.2,0.0,188,63,125,0.3351063829787234,1.1581644749458906,2382.1488313984064,0.23821488313984063,0.17185926913920357,0.11857040383663259,
BTC-USD,0.9,0.0,0.1,188,63,125,0.3351063829787234,1.1581644749458906,2382.1488313984064,0.23821488313984063,0.17185926913920357,0.11857040383663259,
BTC-USD,0.9,0.1,0.0,188,63,125,0.3351063829787234,1.1581644749458906,2382.1488313984064,0.23821488313984063,0.17185926913920357,0.11857040383663259,
BTC-USD,1.0,0.0,0.0,188,63,125,0.3351063829787234,1.1581644749458906,2382.1488313984064,0.23821488313984063,0.17185926913920357,0.11857040383663259,
ETH-USD,0.0,0.0,1.0,21,5,16,0.23809523809523808,0.6977397159260915,-526.1245727851583,-0.05261245727851583,-0.09055056037479778,0.10297932260565504,
ETH-USD,0.0,0.1,0.9,30,7,23,0.23333333333333334,0.6207274536400679,-931.5778134560187,-0.09315778134560188,-0.14630861217663402,0.16000574726116407,
ETH-USD,0.0,0.2,0.8,26,6,20,0.23076923076923078,0.678305286406016,-694.3152279668884,-0.06943152279668884,-0.11023417781430607,0.12653420736030552,
ETH-USD,0.1,0.2,0.7,33,11,22,0.3333333333333333,1.028182698201938,72.34160487286499,0.007234160487286499,0.015074333255108317,0.13601405482697873,
ETH-USD,0.0,0.9,0.1,161,54,107,0.33540372670807456,1.068910828832985,804.833862797188,0.0804833862797188,0.05849213103982699,0.19239865444388451,
ETH-USD,0.1,0.0,0.9,38,10,28,0.2631578947368421,0.6461714395799137,-1051.0416793452423,-0.10510416793452423,-0.15057725657525597,0.18030093684294635,
ETH-USD,0.0,0.4,0.6,63,20,43,0.31746031746031744,0.9463010797031608,-266.9038644790853,-0.02669038644790853,-0.01874929884742388,0.1312290225714092,
ETH-USD,0.0,0.3,0.7,58,15,43,0.25862068965517243,0.7778365351358068,-1056.1644020867516,-0.10561644020867515,-0.10840275650632579,0.2000468033010047,
ETH-USD,0.0,0.7,0.3,79,23,56,0.2911392405063291,0.8782972802371461,-770.660250953124,-0.0770660250953124,-0.06155130821572968,0.18221777867335798,
ETH-USD,0.0,0.5,0.5,66,21,45,0.3181818181818182,0.9462918942879656,-279.19741377882747,-0.027919741377882747,-0.019104661405731006,0.13115866791207723,
ETH-USD,0.0,0.6,0.4,76,23,53,0.3026315789473684,0.9217672306637948,-474.3013873975906,-0.047430138739759056,-0.0344234345767958,0.14595963667370124,
ETH-USD,0.0,0.8,0.2,80,24,56,0.3,0.9148175404620256,-544.998705709857,-0.054499870570985695,-0.03966610297042456,0.16222263224307304,
ETH-USD,0.1,0.1,0.8,54,14,40,0.25925925925925924,0.7603728103528284,-1043.4035501561739,-0.10434035501561739,-0.11329555101300666,0.18932476130766754,
ETH-USD,0.0,1.0,0.0,217,78,139,0.35944700460829493,1.1379483924679283,2273.4704010539735,0.22734704010539736,0.1193078977679359,0.1310806243982844,
ETH-USD,0.1,0.3,0.6,57,19,38,0.3333333333333333,1.0084629995700984,38.11592956752065,0.003811592956752065,0.011081071003340541,0.13049063279082093,
ETH-USD,0.1,0.7,0.2,121,43,78,0.35537190082644626,1.1902654297451722,1695.226467474311,0.1695226467474311,0.11650958810804331,0.13262982027605208,
ETH-USD,0.2,0.2,0.6,30,10,20,0.3333333333333333,0.9474492366299686,-119.68234326740458,-0.011968234326740457,-0.012345717910777406,0.11929154925111175,
ETH-USD,0.1,0.8,0.1,147,51,96,0.3469387755102041,1.116117511577263,1247.13043203073,0.124713043203073,0.08477765288927769,0.12314216217068463,
ETH-USD,0.1,0.4,0.5,86,36,50,0.4186046511627907,1.4944708164667886,2848.4021407230102,0.28484021407230103,0.2023586395357773,0.11852828484353532,
ETH-USD,0.1,0.5,0.4,77,30,47,0.38961038961038963,1.3385329311403877,1777.7090791597457,0.17777090791597458,0.1435820784206234,0.15405129848713162,
ETH-USD,0.1,0.9,0.0,216,78,138,0.3611111111111111,1.1525777953410736,2535.210629641939,0.25352106296419386,0.13032833192086468,0.1188225445446839,
ETH-USD,0.2,0.1,0.7,50,16,34,0.32,0.9065661367949798,-360.8275166151416,-0.03608275166151416,-0.03461767949453439,0.13700542423149184,
ETH-USD,0.2,0.6,0.2,125,45,80,0.36,1.2154038187124148,2002.495554958903,0.2002495554958903,0.13166523786805104,0.12194958257925134,
ETH-USD,0.1,0.6,0.3,81,32,49,0.3950617283950617,1.371647592725458,2079.3757456261374,0.20793757456261375,0.15997406934614347,0.1403593592620266,
ETH-USD,0.2,0.0,0.8,60,17,43,0.2833333333333333,0.7810364205542538,-1039.437457923399,-0.1039437457923399,-0.1087241669083098,0.18342614828677395,
ETH-USD,0.2,0.7,0.1,183,64,119,0.34972677595628415,1.1282103410094075,1796.7917543138265,0.17967917543138265,0.10512619992930913,0.12842460389151247,
ETH-USD,0.2,0.8,0.0,184,64,120,0.34782608695652173,1.1189596048955734,1671.744696020216,0.1671744696020216,0.09910400712163063,0.12842460389151245,
ETH-USD,0.2,0.5,0.3,80,31,49,0.3875,1.3260825863727699,1798.3637100740289,0.17983637100740288,0.14271598380878797,0.14291825370958489,
ETH-USD,0.2,0.4,0.4,80,31,49,0.3875,1.3260825863727699,1798.3637100740289,0.17983637100740288,0.14271598380878797,0.14291825370958489,
ETH-USD,0.2,0.3,0.5,75,29,46,0.38666666666666666,1.316057904045462,1607.6529055216724,0.16076529055216723,0.1332742178401854,0.15636533346735065,
ETH-USD,0.3,0.2,0.5,32,10,22,0.3125,0.9347198035187603,-164.19681129889614,-0.016419681129889615,-0.017354468453603295,0.12904280928675535,
ETH-USD,0.3,0.5,0.2,130,45,85,0.34615384615384615,1.1423225839524975,1354.4328341744167,0.13544328341744166,0.09434661439459623,0.15998100263392678,
ETH-USD,0.4,0.0,0.6,78,22,56,0.28205128205128205,0.8300667506034382,-1031.0389825393613,-0.10310389825393614,-0.08947275781514073,0.19695163582049724,
ETH-USD,0.3,0.6,0.1,183,64,119,0.34972677595628415,1.1282395256044284,1797.1834211337737,0.17971834211337737,0.10514527301236665,0.12842460389151272,
ETH-USD,0.3,0.7,0.0,184,64,120,0.34782608695652173,1.1189596048955734,1671.744696020216,0.1671744696020216,0.09910400712163063,0.12842460389151245,
ETH-USD,0.4,0.1,0.5,76,23,53,0.3026315789473684,0.8878234964306371,-665.6166077655525,-0.06656166077655526,-0.054054083491205426,0.18231401381698933,
ETH-USD,0.3,0.0,0.7,91,35,56,0.38461538461538464,1.221749588587106,1383.2218595427603,0.13832218595427603,0.11096390175135627,0.140597254491332,
ETH-USD,0.3,0.1,0.6,90,36,54,0.4,1.3289308083974534,2003.6643995942522,0.2003664399594252,0.15133128116241204,0.14174536212740324,
ETH-USD,0.3,0.3,0.4,80,31,49,0.3875,1.3260825863727699,1798.3637100740289,0.17983637100740288,0.14271598380878797,0.14291825370958489,
ETH-USD,0.4,0.3,0.3,105,34,71,0.3238095238095238,1.0611255427314261,485.81856672371214,0.048581856672371214,0.04480242819406696,0.131868183941387,
ETH-USD,0.3,0.4,0.3,80,31,49,0.3875,1.3260825863727699,1798.3637100740289,0.17983637100740288,0.14271598380878797,0.14291825370958489,
ETH-USD,0.4,0.4,0.2,164,60,104,0.36585365853658536,1.2416592121984906,3069.9096156631695,0.30699096156631694,0.1669379305128095,0.1095499112009404,
ETH-USD,0.4,0.6,0.0,184,64,120,0.34782608695652173,1.1189596048955734,1671.744696020216,0.1671744696020216,0.09910400712163063,0.12842460389151245,
ETH-USD,0.4,0.5,0.1,184,64,120,0.34782608695652173,1.118906006967363,1670.936346422428,0.1670936346422428,0.0990681211414966,0.12842460389151275,
ETH-USD,0.5,0.0,0.5,80,24,56,0.3,0.9069114632617256,-584.195638278281,-0.0584195638278281,-0.043971252282122,0.17101026477510217,
ETH-USD,0.4,0.2,0.4,97,37,60,0.38144329896907214,1.2538279117785618,1760.3889475037267,0.17603889475037268,0.13103125267787724,0.1588241244242975,
ETH-USD,0.5,0.1,0.4,80,25,55,0.3125,0.9577159274261681,-265.31276432197774,-0.026531276432197774,-0.014621711524744693,0.14292479860841711,
ETH-USD,0.5,0.3,0.2,140,51,89,0.36428571428571427,1.2340246345991825,2473.4851436545123,0.24734851436545122,0.15005015181710435,0.10485719716297398,
ETH-USD,0.5,0.2,0.3,161,54,107,0.33540372670807456,1.0344397443146476,415.61889772218274,0.04156188977221827,0.03673850574917251,0.13479052130915223,
ETH-USD,0.7,0.0,0.3,58,22,36,0.3793103448275862,1.1879615404054542,802.1555215406224,0.08021555215406224,0.08360678763394079,0.1019086230189741,
ETH-USD,0.7,0.1,0.2,62,22,40,0.3548387096774194,1.1145774342047483,522.7555985778617,0.052275559857786175,0.05693199543781796,0.10160775803007044,
ETH-USD,0.6,0.0,0.4,81,26,55,0.32098765432098764,0.9668834196480847,-207.6354634920499,-0.02076354634920499,-0.009529759797446786,0.1424250034441343,
ETH-USD,0.7,0.2,0.1,70,25,45,0.35714285714285715,1.0745505719740633,378.71916060310286,0.03787191606031028,0.042366984371514246,0.10165894885887941,
ETH-USD,0.5,0.5,0.0,184,64,120,0.34782608695652173,1.1189596048955734,1671.744696020216,0.1671744696020216,0.09910400712163063,0.12842460389151245,
ETH-USD,0.5,0.4,0.1,184,64,120,0.34782608695652173,1.1189543236549273,1671.6650433940777,0.16716650433940777,0.09910047158449327,0.1284246038915124,
ETH-USD,0.6,0.2,0.2,187,66,121,0.35294117647058826,1.1499116073387259,2149.1959317699148,0.21491959317699147,0.1205216096758041,0.11001497166327645,
ETH-USD,0.8,0.0,0.2,68,24,44,0.35294117647058826,1.1101073423257481,552.5099287451503,0.05525099287451503,0.05751500786143052,0.10128201559211071,
ETH-USD,0.7,0.3,0.0,70,25,45,0.35714285714285715,1.0735436593562224,373.9544297878001,0.03739544297878001,0.041933764080599,0.10207136519106724,
ETH-USD,0.6,0.3,0.1,200,70,130,0.35,1.1111009123379916,1706.375259503835,0.1706375259503835,0.0982744901071758,0.1284246038915129,
ETH-USD,0.6,0.1,0.3,201,71,130,0.35323383084577115,1.0831290064129926,1223.4582751079033,0.12234582751079033,0.07587022198136453,0.1527455648268164,
ETH-USD,0.6,0.4,0.0,184,64,120,0.34782608695652173,1.1189596048955734,1671.744696020216,0.1671744696020216,0.09910400712163063,0.12842460389151245,
ADA-USD,0.0,0.7,0.3,74,37,37,0.5,2.080244546899884,5145.683988368595,0.5145683988368596,0.3421158041083807,0.041372860779188954,
ADA-USD,0.0,0.8,0.2,74,37,37,0.5,2.061420741032215,5191.526112035897,0.5191526112035897,0.34504139450536475,0.09563993188669513,
ADA-USD,0.0,0.5,0.5,74,29,45,0.3918918918918919,1.2351196313816282,1243.7329404250358,0.12437329404250358,0.11152403275433247,0.10487752755216125,
ADA-USD,0.0,0.9,0.1,74,37,37,0.5,2.061420741032215,5191.526112035897,0.5191526112035897,0.34504139450536475,0.09563993188669513,
ADA-USD,0.0,0.6,0.4,154,66,88,0.42857142857142855,1.4385435933686723,5181.675977436946,0.5181675977436946,0.2630806581736443,0.1379031550599901,
ETH-USD,0.8,0.1,0.1,76,27,49,0.35526315789473684,1.074138291548226,410.2824718849133,0.04102824718849133,0.04388262273552375,0.10126567886011352,
ADA-USD,0.0,0.1,0.9,122,58,64,0.47540983606557374,1.6670039204630223,5105.813072090636,0.5105813072090636,0.2903695846477955,0.08405757444275587,
ADA-USD,0.0,1.0,0.0,74,37,37,0.5,2.061420741032215,5191.526112035897,0.5191526112035897,0.34504139450536475,0.09563993188669513,
ADA-USD,0.0,0.0,1.0,129,60,69,0.46511627906976744,1.6372098604353638,5126.623188762402,0.5126623188762401,0.2876722501560984,0.07643597682414872,
ETH-USD,0.8,0.2,0.0,76,27,49,0.35526315789473684,1.0732193284229208,405.54387255177426,0.040554387255177425,0.04347251512116703,0.10167476880232443,
ADA-USD,0.1,0.0,0.9,12,1,11,0.08333333333333333,0.05690142083703731,-1000.2579503391244,-0.10002579503391244,-0.3609640754601902,0.10002579503391244,
ETH-USD,0.9,0.0,0.1,76,27,49,0.35526315789473684,1.088992280505641,492.46430303856687,0.049246430303856684,0.05095884187524711,0.10126278606925887,
ADA-USD,0.0,0.2,0.8,155,66,89,0.4258064516129032,1.4675002406981015,5115.451877361587,0.5115451877361588,0.26205997163955036,0.09549760765915795,
ETH-USD,1.0,0.0,0.0,76,27,49,0.35526315789473684,1.088992280505641,492.46430303856687,0.049246430303856684,0.05095884187524711,0.10126278606925887,
ETH-USD,0.9,0.1,0.0,76,27,49,0.35526315789473684,1.088992280505641,492.46430303856687,0.049246430303856684,0.05095884187524711,0.10126278606925887,
ADA-USD,0.1,0.8,0.1,74,37,37,0.5,2.061420741032215,5191.526112035897,0.5191526112035897,0.34504139450536475,0.09563993188669513,
ADA-USD,0.1,0.6,0.3,71,36,35,0.5070422535211268,2.1468668277052645,5102.556389358071,0.5102556389358072,0.3457464788621284,0.041372860779188954,
ADA-USD,0.1,0.7,0.2,74,37,37,0.5,2.080244546899884,5145.683988368595,0.5145683988368596,0.3421158041083807,0.041372860779188954,
ADA-USD,0.1,0.9,0.0,74,37,37,0.5,2.061420741032215,5191.526112035897,0.5191526112035897,0.34504139450536475,0.09563993188669513,
ADA-USD,0.0,0.3,0.7,221,79,142,0.3574660633484163,1.042059437839175,754.0318061558264,0.07540318061558264,0.05240925817160815,0.2269185022401365,
ADA-USD,0.1,0.5,0.4,82,37,45,0.45121951219512196,1.5780462478299349,3367.8848522280095,0.33678848522280097,0.2419321172664449,0.10493168396050184,
ADA-USD,0.0,0.4,0.6,196,67,129,0.34183673469387754,0.9872235416429338,-202.912752469083,-0.0202912752469083,0.0013074663388922903,0.2594978205107975,
ADA-USD,0.2,0.6,0.2,71,36,35,0.5070422535211268,2.146798593812655,5102.367294334294,0.5102367294334293,0.34573422207109655,0.041372860779188926,
ADA-USD,0.1,0.1,0.8,134,61,73,0.4552238805970149,1.5575671095127297,5059.50672400495,0.5059506724004951,0.27693467428123514,0.08754994907952078,
ADA-USD,0.2,0.7,0.1,74,37,37,0.5,2.080244546899884,5145.683988368595,0.5145683988368596,0.3421158041083807,0.041372860779188954,
ADA-USD,0.2,0.8,0.0,74,37,37,0.5,2.061420741032215,5191.526112035897,0.5191526112035897,0.34504139450536475,0.09563993188669513,
ADA-USD,0.2,0.5,0.3,89,37,52,0.4157303370786517,1.3895906627124606,2612.4955802557906,0.2612495580255791,0.19016287945852367,0.1056172654639563,
ADA-USD,0.2,0.4,0.4,71,31,40,0.43661971830985913,1.5144859270425874,2751.7801561952474,0.27517801561952476,0.2171439761419455,0.11020730237656469,
ADA-USD,0.2,0.0,0.8,152,66,86,0.4342105263157895,1.493204465661018,5257.668790801623,0.5257668790801623,0.27064111194247015,0.08229786123645198,
ADA-USD,0.1,0.2,0.7,226,82,144,0.36283185840707965,1.0627422364115922,1163.7867768360156,0.11637867768360156,0.07188222315556049,0.20816970103596985,
ADA-USD,0.3,0.6,0.1,71,36,35,0.5070422535211268,2.139171212232715,5106.816912789856,0.5106816912789857,0.3460221796802334,0.04762947676765142,
ADA-USD,0.3,0.5,0.2,89,37,52,0.4157303370786517,1.3890242779753983,2609.464645875016,0.2609464645875016,0.18995823441003948,0.10565176124508797,
ADA-USD,0.3,0.7,0.0,74,37,37,0.5,2.0735051887221725,5149.956678359566,0.5149956678359565,0.34238519456925637,0.04762947676765142,
ADA-USD,0.3,0.4,0.3,80,34,46,0.425,1.3963694859395996,2401.6285825651466,0.24016285825651468,0.1860707900408216,0.11725423285680205,
ADA-USD,0.1,0.3,0.6,194,67,127,0.34536082474226804,0.9845695111529594,-244.96471608725187,-0.024496471608725187,-0.0013124593852208535,0.2770922807379875,
ADA-USD,0.2,0.1,0.7,221,80,141,0.36199095022624433,1.0538577852079354,953.2729233861646,0.09532729233861646,0.06248991408434982,0.2478162751324701,
ADA-USD,0.3,0.0,0.7,170,71,99,0.4176470588235294,1.4023607745257984,5006.918984619762,0.5006918984619763,0.24775856338806684,0.09556301225727316,
ADA-USD,0.2,0.2,0.6,196,68,128,0.3469387755102041,0.9729122156335671,-417.15720490151034,-0.041715720490151036,-0.011843128716850079,0.25339885686886154,
ADA-USD,0.3,0.3,0.4,185,68,117,0.3675675675675676,1.1440279273167886,2202.8351934846414,0.22028351934846413,0.12617664564847691,0.11800111548982883,
ADA-USD,0.2,0.3,0.5,179,65,114,0.36312849162011174,1.0476978309177951,718.9317725556557,0.07189317725556557,0.05339023171313152,0.235180103947492,
ADA-USD,0.4,0.6,0.0,71,36,35,0.5070422535211268,2.139171212232715,5106.816912789856,0.5106816912789857,0.3460221796802334,0.04762947676765142,
ADA-USD,0.1,0.4,0.5,216,76,140,0.35185185185185186,0.9828840663155471,-287.3794163454877,-0.02873794163454877,-0.002512389379518673,0.28701638777568145,
ADA-USD,0.3,0.1,0.6,196,68,128,0.3469387755102041,0.9767956548214111,-350.1948239465255,-0.03501948239465255,-0.007785682232703137,0.24644165889088543,
ADA-USD,0.3,0.2,0.5,183,63,120,0.3442622950819672,0.9788339555309139,-308.4914130226898,-0.03084914130226898,-0.006302988573763238,0.2378813034259051,
ADA-USD,0.4,0.5,0.1,293,100,193,0.3412969283276451,1.047206531438614,1158.919182417707,0.1158919182417707,0.0658913423559226,0.2087957295042277,
ADA-USD,0.5,0.5,0.0,152,57,95,0.375,1.1704425872172044,2069.0013402554887,0.20690013402554888,0.12878911816863972,0.14398469402571074,
ADA-USD,0.5,0.2,0.3,129,49,80,0.3798449612403101,1.171719690762245,1764.62860085204,0.176462860085204,0.1213376065097561,0.15358425435896866,
ADA-USD,0.5,0.3,0.2,132,50,82,0.3787878787878788,1.1572543540249909,1664.878674319716,0.1664878674319716,0.11451600257716996,0.1639912802589469,
ADA-USD,0.4,0.1,0.5,201,71,130,0.35323383084577115,1.0677143379044627,1172.1097535238096,0.11721097535238095,0.0744366485011063,0.21488004359245585,
ADA-USD,0.6,0.2,0.2,14,4,10,0.2857142857142857,0.812584928167015,-197.15569169453556,-0.019715569169453558,-0.04109262743656451,0.0969130510737016,
ADA-USD,0.4,0.3,0.3,342,121,221,0.3538011695906433,1.0876421223679034,2477.245310623088,0.24772453106230877,0.11049483593597365,0.2552741352215517,
ADA-USD,0.5,0.4,0.1,234,91,143,0.3888888888888889,1.2652117224177186,5066.573226853867,0.5066573226853867,0.21718598764861025,0.17335696560502056,
ADA-USD,0.6,0.3,0.1,14,4,10,0.2857142857142857,0.812584928167015,-197.15569169453556,-0.019715569169453558,-0.04109262743656451,0.0969130510737016,
ADA-USD,0.4,0.0,0.6,182,65,117,0.35714285714285715,1.038481471690118,562.7115774681606,0.05627115774681606,0.0446020892809421,0.23587190765533805,
ADA-USD,0.4,0.4,0.2,348,127,221,0.3649425287356322,1.1237480063312422,3533.465425850827,0.3533465425850827,0.1432949605135318,0.24796056526498564,
ADA-USD,0.6,0.4,0.0,14,4,10,0.2857142857142857,0.812584928167015,-197.15569169453556,-0.019715569169453558,-0.04109262743656451,0.0969130510737016,
ADA-USD,0.4,0.2,0.4,307,103,204,0.3355048859934853,0.9808053008390294,-493.17027193066315,-0.04931702719306631,-0.006996809918489996,0.3713430331162257,
ADA-USD,0.7,0.1,0.2,14,4,10,0.2857142857142857,0.8153933501200493,-193.53242752354345,-0.019353242752354345,-0.04033173998710958,0.09657925789261813,
ADA-USD,0.5,0.1,0.4,274,96,178,0.35036496350364965,1.0645651888439605,1532.007554618498,0.1532007554618498,0.08256027033184725,0.1730941463428188,
ADA-USD,0.6,0.1,0.3,171,71,100,0.4152046783625731,1.3984343645055133,5103.096663398286,0.5103096663398287,0.24941582071893748,0.11535728141093199,
ADA-USD,0.5,0.0,0.5,240,84,156,0.35,1.0738380413261757,1482.6299126588692,0.14826299126588693,0.08389098518984454,0.17257584664743955,
ADA-USD,0.6,0.0,0.4,199,79,120,0.3969849246231156,1.3243820679500722,5043.362490988107,0.5043362490988107,0.23207685683048918,0.10747602061476817,
ADA-USD,0.7,0.2,0.1,14,4,10,0.2857142857142857,0.8150278441657071,-194.0025688338028,-0.01940025688338028,-0.040430185074389814,0.09662256965684625,
ADA-USD,0.7,0.3,0.0,14,4,10,0.2857142857142857,0.8150278441657071,-194.0025688338028,-0.01940025688338028,-0.040430185074389814,0.09662256965684625,
ADA-USD,0.9,0.0,0.1,14,4,10,0.2857142857142857,0.8162594515652059,-192.4200634771969,-0.01924200634771969,-0.040098940170076286,0.09647678136426407,
ADA-USD,0.8,0.1,0.1,14,4,10,0.2857142857142857,0.8143670113675184,-194.8536530552974,-0.01948536530552974,-0.04060899998026202,0.09670097578354743,
ADA-USD,0.8,0.2,0.0,14,4,10,0.2857142857142857,0.8150278441657071,-194.0025688338028,-0.01940025688338028,-0.040430185074389814,0.09662256965684625,
ADA-USD,0.9,0.1,0.0,14,4,10,0.2857142857142857,0.8147923222238039,-194.3057383758951,-0.019430573837589508,-0.04049469718844672,0.09665049914834532,
ADA-USD,1.0,0.0,0.0,14,4,10,0.2857142857142857,0.8153056905556654,-193.64514343769406,-0.019364514343769405,-0.04035626428213903,0.09658964184525516,
ADA-USD,0.7,0.0,0.3,211,84,127,0.3981042654028436,1.3258386501536399,5195.951891061566,0.5195951891061567,0.23230920377761213,0.12996645888433084,
DOT-USD,0.0,0.0,1.0,14,2,12,0.14285714285714285,0.17520576591378934,-1060.8050595639543,-0.10608050595639543,-0.298938697569204,0.10608050595639543,
DOT-USD,0.0,0.1,0.9,14,2,12,0.14285714285714285,0.17520576591378934,-1060.8050595639543,-0.10608050595639543,-0.298938697569204,0.10608050595639543,
DOT-USD,0.0,0.2,0.8,11,1,10,0.09090909090909091,0.06673304537935446,-1009.4120614473741,-0.10094120614473741,-0.35089413501306815,0.10094120614473741,
DOT-USD,0.0,0.3,0.7,11,1,10,0.09090909090909091,0.06673433133114959,-1009.393323285969,-0.1009393323285969,-0.3508934188109696,0.1009393323285969,
DOT-USD,0.0,0.7,0.3,16,4,12,0.25,0.7106934856511463,-399.7984029034269,-0.03997984029034269,-0.0763975988240478,0.10744580684483125,
DOT-USD,0.0,0.6,0.4,14,2,12,0.14285714285714285,0.23270369207914088,-1013.5066665643735,-0.10135066665643735,-0.274975340434722,0.10871753411184622,
DOT-USD,0.0,0.8,0.2,101,41,60,0.40594059405940597,1.4433606316644167,3500.884138961954,0.3500884138961954,0.22112295298014514,0.09506096110693328,
DOT-USD,0.0,1.0,0.0,85,39,46,0.4588235294117647,1.855501064288334,5093.460748236061,0.509346074823606,0.3111383932056335,0.08676008090702554,
DOT-USD,0.0,0.9,0.1,85,39,46,0.4588235294117647,1.855501064288334,5093.460748236061,0.509346074823606,0.3111383932056335,0.08676008090702554,
ADA-USD,0.8,0.0,0.2,208,83,125,0.39903846153846156,1.326082588488871,5146.419266200701,0.5146419266200701,0.23215392395416612,0.12054422005476075,
DOT-USD,0.1,0.1,0.8,14,2,12,0.14285714285714285,0.21263971696261327,-1016.0014023382209,-0.10160014023382209,-0.2819393145948085,0.10160014023382209,
DOT-USD,0.1,0.2,0.7,14,2,12,0.14285714285714285,0.1988537879688457,-1031.1342338955765,-0.10311342338955765,-0.29318175369870714,0.10311342338955765,
DOT-USD,0.0,0.5,0.5,96,36,60,0.375,1.1511198795483428,1119.3830843595115,0.11193830843595115,0.0912180584746461,0.15893737027547994,
DOT-USD,0.1,0.5,0.4,16,4,12,0.25,0.7062383417590269,-408.51592959399204,-0.040851592959399205,-0.0779513782167445,0.10825629659579224,
DOT-USD,0.1,0.6,0.3,16,4,12,0.25,0.7106934856511463,-399.7984029034269,-0.03997984029034269,-0.0763975988240478,0.10744580684483125,
DOT-USD,0.1,0.7,0.2,16,4,12,0.25,0.7106934856511463,-399.7984029034269,-0.03997984029034269,-0.0763975988240478,0.10744580684483125,
DOT-USD,0.1,0.8,0.1,101,41,60,0.40594059405940597,1.4433606316644167,3500.884138961954,0.3500884138961954,0.22112295298014514,0.09506096110693328,
DOT-USD,0.1,0.9,0.0,85,39,46,0.4588235294117647,1.855501064288334,5093.460748236061,0.509346074823606,0.3111383932056335,0.08676008090702554,
DOT-USD,0.1,0.0,0.9,110,36,74,0.32727272727272727,0.9725839683616417,-233.8946723166191,-0.023389467231661912,-0.007481036282538621,0.15418871969834141,
DOT-USD,0.2,0.1,0.7,11,1,10,0.09090909090909091,0.06688207530820366,-1007.0020097705037,-0.10070020097705037,-0.3507999222585668,0.10070020097705037,
DOT-USD,0.2,0.0,0.8,14,2,12,0.14285714285714285,0.21372570798289742,-1009.7613646703558,-0.10097613646703557,-0.2811679336868377,0.10097613646703557,
DOT-USD,0.2,0.6,0.2,16,4,12,0.25,0.7101667009011325,-400.823478114542,-0.0400823478114542,-0.07658125915133779,0.10754111059118768,
DOT-USD,0.2,0.5,0.3,16,4,12,0.25,0.7091743740424076,-402.75859224509077,-0.040275859224509075,-0.07692721036488413,0.10772102287886062,
DOT-USD,0.2,0.7,0.1,16,4,12,0.25,0.7106934856511463,-399.7984029034269,-0.03997984029034269,-0.0763975988240478,0.10744580684483125,
DOT-USD,0.1,0.4,0.5,74,25,49,0.33783783783783783,1.0580728065539833,338.4631330432858,0.03384631330432858,0.03759888175603687,0.1465417129381632,
DOT-USD,0.2,0.4,0.4,111,41,70,0.36936936936936937,1.2081455439792181,1934.1836157154794,0.19341836157154793,0.1338479562241956,0.16005326415508794,
DOT-USD,0.2,0.8,0.0,101,41,60,0.40594059405940597,1.4433606316644167,3500.884138961954,0.3500884138961954,0.22112295298014514,0.09506096110693328,
DOT-USD,0.2,0.3,0.5,79,24,55,0.3037974683544304,0.9108076039050353,-546.7245407274022,-0.05467245407274022,-0.04095231887704255,0.15901323858985594,
DOT-USD,0.3,0.6,0.1,16,4,12,0.25,0.7124036007112448,-396.481123380996,-0.039648112338099596,-0.07580308848358376,0.1071373912644221,
DOT-USD,0.3,0.5,0.2,16,4,12,0.25,0.7082514490587128,-404.5632342985773,-0.04045632342985773,-0.0772472030797468,0.10788880485882141,
DOT-USD,0.3,0.7,0.0,16,4,12,0.25,0.7124036007112448,-396.481123380996,-0.039648112338099596,-0.07580308848358376,0.1071373912644221,
DOT-USD,0.3,0.3,0.4,112,40,72,0.35714285714285715,1.173959437747762,1642.4769959061377,0.16424769959061378,0.11598311796947058,0.1626597675703076,
DOT-USD,0.3,0.0,0.7,92,27,65,0.29347826086956524,0.8511439961434734,-1045.149680184737,-0.1045149680184737,-0.08269319293452967,0.19796466978319893,
DOT-USD,0.3,0.4,0.3,165,67,98,0.40606060606060607,1.3926897197067731,5262.228854736508,0.5262228854736508,0.25014050416851946,0.15091749863281637,
DOT-USD,0.4,0.5,0.1,16,4,12,0.25,0.7035769233907978,-413.7762893703639,-0.041377628937036386,-0.07888628469638051,0.10874536509382517,
DOT-USD,0.4,0.2,0.4,79,38,41,0.4810126582278481,1.9405477519800378,5237.49959622576,0.523749959622576,0.331030548409609,0.0680070216100533,
DOT-USD,0.4,0.6,0.0,16,4,12,0.25,0.7124036007112448,-396.481123380996,-0.039648112338099596,-0.07580308848358376,0.1071373912644221,
DOT-USD,0.0,0.4,0.6,272,90,182,0.33088235294117646,1.0175032356454645,391.7847070184762,0.03917847070184762,0.03360157720311456,0.23008239720697976,
DOT-USD,0.4,0.3,0.3,89,41,48,0.4606741573033708,1.7684190625958927,5000.84403225922,0.500084403225922,0.30609371286024145,0.05964689264375609,
DOT-USD,0.1,0.3,0.6,275,90,185,0.32727272727272727,1.0100870801181878,225.54769910050163,0.022554769910050163,0.02613753029313151,0.2200820987145033,
DOT-USD,0.3,0.1,0.6,191,59,132,0.3089005235602094,0.9276490581061998,-1039.6867427698635,-0.10396867427698635,-0.048781913372772955,0.22052980789637616,
DOT-USD,0.4,0.4,0.2,182,72,110,0.3956043956043956,1.3419556302303066,5102.143732343417,0.5102143732343416,0.2347974348439486,0.15101726183270348,
DOT-USD,0.4,0.1,0.5,147,60,87,0.40816326530612246,1.4354073853792773,5179.0947287980525,0.5179094728798053,0.2595575217195247,0.14745328083177728,
DOT-USD,0.2,0.2,0.6,326,106,220,0.32515337423312884,0.9875840632739548,-307.6041460265169,-0.03076041460265169,0.0035281376886519217,0.27566225233062874,
DOT-USD,0.5,0.3,0.2,189,75,114,0.3968253968253968,1.3169315311431142,5107.666637868377,0.5107666637868377,0.23316818125398303,0.14850690369038752,
DOT-USD,0.6,0.0,0.4,201,80,121,0.39800995024875624,1.3260969377905356,5336.982292545541,0.5336982292545541,0.2360598852526006,0.14788480985855332,
DOT-USD,0.5,0.0,0.5,168,67,101,0.39880952380952384,1.380382641906654,5302.836701024968,0.5302836701024968,0.2512714229826754,0.19350628176493664,
DOT-USD,0.5,0.5,0.0,355,129,226,0.36338028169014086,1.1678464105990727,5170.5062150841695,0.517050621508417,0.18339291687993292,0.25317221049337574,
DOT-USD,0.6,0.1,0.3,205,81,124,0.3951219512195122,1.3061990085095156,5124.001452222541,0.5124001452222541,0.22718138030688206,0.14058011517558244,
DOT-USD,0.6,0.2,0.2,170,70,100,0.4117647058823529,1.3732929632036548,5106.973196442745,0.5106973196442745,0.24367611269500628,0.12937309182352486,
DOT-USD,0.3,0.2,0.5,261,84,177,0.3218390804597701,0.9721984141311388,-560.7033465766199,-0.05607033465766199,-0.012805405179592427,0.23230262846094302,
DOT-USD,0.6,0.3,0.1,170,70,100,0.4117647058823529,1.371089460107028,5105.958209693994,0.5105958209693994,0.24366170666518713,0.12934756552133916,
DOT-USD,0.5,0.2,0.3,302,112,190,0.3708609271523179,1.2035922436904807,5299.472651190537,0.5299472651190538,0.20015512322234064,0.21359247788965205,
DOT-USD,0.7,0.0,0.3,103,41,62,0.39805825242718446,1.3246684807048053,2721.6296542385608,0.2721629654238561,0.18237446504082275,0.10191643927484069,
DOT-USD,0.6,0.4,0.0,170,70,100,0.4117647058823529,1.3696582201705418,5099.223239213319,0.509922323921332,0.24339247303413966,0.12935635084265396,
DOT-USD,0.7,0.1,0.2,106,42,64,0.39622641509433965,1.3085179751560645,2690.970650400579,0.26909706504005787,0.1785348501862475,0.11167755143372085,
DOT-USD,0.8,0.0,0.2,103,41,62,0.39805825242718446,1.3246569245029283,2721.5226552007134,0.2721522655200713,0.18236961515714137,0.10191643927484084,
DOT-USD,0.7,0.2,0.1,154,63,91,0.4090909090909091,1.3949891629923035,5005.54566085767,0.500554566085767,0.24824602894111844,0.14130104789069037,
DOT-USD,0.7,0.3,0.0,154,63,91,0.4090909090909091,1.3949891629923035,5005.54566085767,0.500554566085767,0.24824602894111844,0.14130104789069037,
DOT-USD,0.9,0.0,0.1,107,42,65,0.3925233644859813,1.290689508241129,2556.683414044419,0.2556683414044419,0.1707142812960088,0.11059199239166408,
DOT-USD,0.5,0.4,0.1,440,150,290,0.3409090909090909,1.0596970235482837,2346.7923465695094,0.23467923465695095,0.09666964767031318,0.2200330700128158,
DOT-USD,0.8,0.1,0.1,156,64,92,0.41025641025641024,1.4086553179711756,5204.6697623785385,0.5204669762378539,0.2540434092789155,0.1413626570931965,
DOT-USD,0.8,0.2,0.0,154,63,91,0.4090909090909091,1.3949891629923035,5005.54566085767,0.500554566085767,0.24824602894111844,0.14130104789069037,
DOT-USD,0.5,0.1,0.4,397,137,260,0.345088161209068,1.0943413387969756,3253.846935783082,0.3253846935783082,0.12647451285024883,0.258773327309538,
DOT-USD,0.9,0.1,0.0,156,64,92,0.41025641025641024,1.4036004182333632,5209.4255366192065,0.5209425536619207,0.254219774750304,0.14130104789069065,
DOT-USD,0.4,0.0,0.6,285,99,186,0.3473684210526316,1.0426582239081663,915.2188032568192,0.09152188032568193,0.05617112767080825,0.21256873492528,
DOT-USD,1.0,0.0,0.0,181,73,108,0.40331491712707185,1.3459017794942698,5113.13912537386,0.511313912537386,0.23705655584159782,0.14138450721914672,
ATOM-USD,0.0,0.2,0.8,13,1,12,0.07692307692307693,0.043171025610013763,-1074.779106063228,-0.10747791060632281,-0.38869959300029316,0.10747791060632281,
ATOM-USD,0.0,0.3,0.7,12,1,11,0.08333333333333333,0.04544736580415543,-1015.5780366381077,-0.10155780366381077,-0.37470214668816715,0.10155780366381077,
ATOM-USD,0.0,0.4,0.6,12,1,11,0.08333333333333333,0.04544736580415543,-1015.5780366381077,-0.10155780366381077,-0.37470214668816715,0.10155780366381077,
ATOM-USD,0.0,0.5,0.5,12,1,11,0.08333333333333333,0.04544736580415543,-1015.5780366381077,-0.10155780366381077,-0.37470214668816715,0.10155780366381077,
ATOM-USD,0.0,0.6,0.4,12,1,11,0.08333333333333333,0.04544736580415543,-1015.5780366381077,-0.10155780366381077,-0.37470214668816715,0.10155780366381077,
ATOM-USD,0.0,0.1,0.9,80,27,53,0.3375,0.8042351487945617,-1052.806029570198,-0.1052806029570198,-0.09706265396695894,0.14266345403117667,
ATOM-USD,0.0,0.7,0.3,17,3,14,0.17647058823529413,0.17644566176827683,-1075.3855178345038,-0.10753855178345038,-0.33902496265318843,0.11875272343093951,
ATOM-USD,0.0,0.8,0.2,84,27,57,0.32142857142857145,0.8107264707279509,-1067.2080035490271,-0.10672080035490271,-0.09321400059547942,0.2029093287150882,
ATOM-USD,0.0,0.9,0.1,95,31,64,0.3263157894736842,0.8302285208648528,-1079.8805837186483,-0.10798805837186483,-0.08834424432750035,0.22260407736007512,
ATOM-USD,0.0,1.0,0.0,100,33,67,0.33,0.8491328192506992,-1006.8589353787193,-0.10068589353787193,-0.0785238479649709,0.21624017918397062,
ATOM-USD,0.1,0.1,0.8,10,0,10,0.0,0.0,-1017.2278769472996,-0.10172278769472996,-0.3842660702231116,0.10172278769472996,
ATOM-USD,0.1,0.2,0.7,10,0,10,0.0,0.0,-1017.6573976624459,-0.10176573976624459,-0.3842676925111096,0.10176573976624459,
ATOM-USD,0.1,0.3,0.6,13,1,12,0.07692307692307693,0.11113552844407977,-1035.6536394171708,-0.10356536394171707,-0.3432117211028156,0.10356536394171707,
ATOM-USD,0.0,0.0,1.0,160,67,93,0.41875,1.1512006241221338,1476.2428680763478,0.14762428680763479,0.09909803951932143,0.14651527398863506,
ATOM-USD,0.1,0.0,0.9,158,64,94,0.4050632911392405,1.1389760094213293,1353.1754821802297,0.13531754821802297,0.09184162724622527,0.12626978463714134,
ATOM-USD,0.1,0.4,0.5,12,1,11,0.08333333333333333,0.04544736580415543,-1015.5780366381077,-0.10155780366381077,-0.37470214668816715,0.10155780366381077,
ATOM-USD,0.1,0.6,0.3,17,3,14,0.17647058823529413,0.17647327652998532,-1075.191643316508,-0.10751916433165079,-0.33900871898766355,0.11873357959102111,
ATOM-USD,0.1,0.8,0.1,84,27,57,0.32142857142857145,0.8107264707279509,-1067.2080035490271,-0.10672080035490271,-0.09321400059547942,0.2029093287150882,
ATOM-USD,0.2,0.0,0.8,10,0,10,0.0,0.0,-949.7429677956989,-0.09497429677956988,-0.37548730184405743,0.09497429677956988,
ATOM-USD,0.1,0.9,0.0,95,31,64,0.3263157894736842,0.8302285208648528,-1079.8805837186483,-0.10798805837186483,-0.08834424432750035,0.22260407736007512,
ATOM-USD,0.2,0.2,0.6,10,0,10,0.0,0.0,-960.6247171578216,-0.09606247171578215,-0.37866570681694434,0.09606247171578215,
ATOM-USD,0.2,0.3,0.5,10,0,10,0.0,0.0,-960.8917892581358,-0.09608917892581358,-0.37866456750476246,0.09608917892581358,
ATOM-USD,0.1,0.7,0.2,106,35,71,0.330188679245283,0.8795988681812135,-844.0095402326224,-0.08440095402326224,-0.05936703346224064,0.20660381215353574,
ATOM-USD,0.2,0.1,0.7,78,26,52,0.3333333333333333,0.8077758998957945,-1003.8721349119005,-0.10038721349119005,-0.09406631230177676,0.14560227862528835,
ATOM-USD,0.2,0.5,0.3,104,34,70,0.3269230769230769,0.8577988059804272,-989.5587401097109,-0.0989558740109711,-0.07391003929833109,0.2262068706353643,
ATOM-USD,0.2,0.6,0.2,104,34,70,0.3269230769230769,0.853117659808718,-1027.7427563710971,-0.10277427563710971,-0.07714538550589292,0.22948601408487923,
ATOM-USD,0.1,0.5,0.4,159,61,98,0.3836477987421384,1.1528719740217386,1484.6203572156428,0.14846203572156427,0.09486945042068258,0.19477903696266544,
ATOM-USD,0.2,0.7,0.1,103,34,69,0.3300970873786408,0.8516405558287697,-1015.142134079093,-0.1015142134079093,-0.07657503675241989,0.22167159563078143,
ATOM-USD,0.2,0.4,0.4,167,64,103,0.38323353293413176,1.142147139984976,1518.6965978797762,0.15186965978797762,0.09519341819517349,0.20583650595613331,
ATOM-USD,0.2,0.8,0.0,69,22,47,0.3188405797101449,0.7695680235489513,-1056.3813675648726,-0.10563813675648726,-0.10644106956726171,0.1745155965778251,
ATOM-USD,0.3,0.0,0.7,10,0,10,0.0,0.0,-962.4175724519428,-0.09624175724519428,-0.3786569268132063,0.09624175724519428,
ATOM-USD,0.3,0.1,0.6,10,0,10,0.0,0.0,-962.4175724519428,-0.09624175724519428,-0.3786569268132063,0.09624175724519428,
ATOM-USD,0.3,0.2,0.5,58,18,40,0.3103448275862069,0.7397223365259784,-1059.859230044527,-0.10598592300445271,-0.11685363999385796,0.1980435031663648,
ATOM-USD,0.3,0.3,0.4,188,73,115,0.3882978723404255,1.1717352198066344,2030.0671909814664,0.20300671909814663,0.11492160222697241,0.2356824882393911,
ATOM-USD,0.3,0.4,0.3,168,70,98,0.4166666666666667,1.3371752081082582,3721.2420342134665,0.37212420342134667,0.19013582608284516,0.16170242580174646,
ATOM-USD,0.4,0.0,0.6,47,13,34,0.2765957446808511,0.7048116244001578,-1010.3034394888891,-0.1010303439488889,-0.1226310085262069,0.17493049998646568,
ATOM-USD,0.3,0.5,0.2,158,67,91,0.4240506329113924,1.334754205189551,3378.536007041919,0.3378536007041919,0.18208574251464213,0.14142537494182966,
ATOM-USD,0.3,0.6,0.1,158,67,91,0.4240506329113924,1.334754205189551,3378.536007041919,0.3378536007041919,0.18208574251464213,0.14142537494182966,
ATOM-USD,0.3,0.7,0.0,158,67,91,0.4240506329113924,1.334665340178263,3377.730961234407,0.3377730961234407,0.1820484232955112,0.14147630625056748,
ATOM-USD,0.4,0.2,0.4,177,75,102,0.423728813559322,1.34558927338571,4104.7670830493535,0.4104767083049353,0.20470514004309734,0.10698076042075577,
ATOM-USD,0.4,0.3,0.3,168,74,94,0.44047619047619047,1.4594734059245498,5113.32293109509,0.511332293109509,0.24378941386258066,0.10962065437209001,
ATOM-USD,0.4,0.1,0.5,148,59,89,0.39864864864864863,1.1654519358172293,1598.0938180411358,0.15980938180411358,0.10516549660376258,0.12789485311141274,
ATOM-USD,0.4,0.4,0.2,182,75,107,0.41208791208791207,1.3707095616799774,4740.20104530842,0.47402010453084203,0.2183139830143904,0.1260480830159988,
ATOM-USD,0.4,0.5,0.1,160,67,93,0.41875,1.3374343600770537,3486.9017005482165,0.34869017005482167,0.1856091846911671,0.148010874587065,
ATOM-USD,0.5,0.0,0.5,170,74,96,0.43529411764705883,1.348118242565657,3809.856879509265,0.3809856879509265,0.19821067001832146,0.10309985166757382,
ATOM-USD,0.5,0.1,0.4,188,80,108,0.425531914893617,1.397156134973822,5020.134002337851,0.502013400233785,0.22856355413384435,0.12171997887159448,
ATOM-USD,0.4,0.6,0.0,158,66,92,0.4177215189873418,1.325083533141982,3275.9190165593664,0.32759190165593666,0.177584717574442,0.14801087458706585,
ATOM-USD,0.5,0.2,0.3,190,83,107,0.4368421052631579,1.3989054738935478,5069.901230683416,0.5069901230683416,0.23088406604720374,0.13065396671582452,
ATOM-USD,0.5,0.3,0.2,201,85,116,0.4228855721393035,1.3438291815886811,4775.565521188606,0.4775565521188606,0.2145753988326112,0.13065396671582452,
ATOM-USD,0.5,0.4,0.1,185,81,104,0.43783783783783786,1.4209104500970104,5178.411527900433,0.5178411527900433,0.2369309840873486,0.1385614953394674,
ATOM-USD,0.6,0.1,0.3,202,87,115,0.4306930693069307,1.37138998169882,5130.504723503052,0.5130504723503052,0.22758451907624241,0.12786223319359002,
ATOM-USD,0.6,0.0,0.4,199,84,115,0.4221105527638191,1.3672300610954697,5067.300186273318,0.5067300186273318,0.2254795512638013,0.13583834119143412,
ATOM-USD,0.5,0.5,0.0,177,76,101,0.4293785310734463,1.4261350095577574,5090.514753039268,0.5090514753039268,0.2353994795394055,0.1202759658281775,
ATOM-USD,0.6,0.2,0.2,202,87,115,0.4306930693069307,1.37138998169882,5130.504723503052,0.5130504723503052,0.22758451907624241,0.12786223319359002,
ATOM-USD,0.6,0.3,0.1,217,90,127,0.4147465437788018,1.3085651126072628,4771.189190335042,0.47711891903350423,0.20737310290155067,0.12786223319359008,
ATOM-USD,0.7,0.0,0.3,205,87,118,0.424390243902439,1.344392971579054,5003.63472459777,0.5003634724597771,0.22126903032309422,0.13740010283012002,
ATOM-USD,0.6,0.4,0.0,215,89,126,0.413953488372093,1.3121155013575847,4722.127548691622,0.4722127548691622,0.20590438066821878,0.12791410565102063,
ATOM-USD,0.7,0.1,0.2,205,87,118,0.424390243902439,1.344392971579054,5003.63472459777,0.5003634724597771,0.22126903032309422,0.13740010283012002,
ATOM-USD,0.7,0.2,0.1,205,87,118,0.424390243902439,1.344392971579054,5003.63472459777,0.5003634724597771,0.22126903032309422,0.13740010283012002,
ATOM-USD,0.7,0.3,0.0,205,87,118,0.424390243902439,1.344392971579054,5003.63472459777,0.5003634724597771,0.22126903032309422,0.13740010283012002,
ATOM-USD,0.8,0.0,0.2,205,87,118,0.424390243902439,1.344392971579054,5003.63472459777,0.5003634724597771,0.22126903032309422,0.13740010283012002,
ATOM-USD,0.8,0.1,0.1,205,87,118,0.424390243902439,1.344392971579054,5003.63472459777,0.5003634724597771,0.22126903032309422,0.13740010283012002,
ATOM-USD,0.8,0.2,0.0,205,87,118,0.424390243902439,1.344392971579054,5003.63472459777,0.5003634724597771,0.22126903032309422,0.13740010283012002,
ATOM-USD,0.9,0.0,0.1,205,87,118,0.424390243902439,1.344392971579054,5003.63472459777,0.5003634724597771,0.22126903032309422,0.13740010283012002,
ATOM-USD,0.9,0.1,0.0,205,87,118,0.424390243902439,1.344392971579054,5003.63472459777,0.5003634724597771,0.22126903032309422,0.13740010283012002,
ATOM-USD,1.0,0.0,0.0,205,87,118,0.424390243902439,1.344392971579054,5003.63472459777,0.5003634724597771,0.22126903032309422,0.13740010283012002,
