symbol,atr_mult,rr_ratio,gate_mode,commission_pct,trades,wins,losses,win_rate,profit_factor,total_pnl,total_pnl_pct,sharpe,max_dd_pct,error
ETH-USD,2.5,2.0,aggressive,0.001,78,26,52,0.3333333333333333,0.8150050161723313,-1041.3718458442654,-0.10413718458442654,-0.10232857432344084,0.16056513947736425,
ETH-USD,2.5,3.5,aggressive,0.001,71,17,54,0.23943661971830985,0.8215483077255477,-1011.4403960147429,-0.10114403960147429,-0.0799515650222826,0.1679850952906531,
ETH-USD,2.5,3.0,aggressive,0.001,73,19,54,0.2602739726027397,0.8230195060870431,-1003.2564336258874,-0.10032564336258874,-0.08503603260910975,0.181658919397957,
ETH-USD,2.5,3.5,balanced,0.001,20,6,14,0.3,1.0225663805994067,36.32233986289975,0.0036322339862899754,0.010289419060863633,0.102143287771576,
ETH-USD,2.5,3.0,balanced,0.001,20,6,14,0.3,0.9866255475402294,-21.479074618671802,-0.00214790746186718,0.0012081613483812697,0.10214328777157576,
ETH-USD,2.5,2.5,aggressive,0.001,186,65,121,0.34946236559139787,1.103480255211271,1460.2532351747577,0.14602532351747577,0.08917812557553562,0.1284246038915124,
ETH-USD,3.0,2.0,aggressive,0.001,198,79,119,0.398989898989899,1.0553932706552984,706.5847211823602,0.07065847211823602,0.05449345331226453,0.1237319311364896,
ETH-USD,3.0,2.0,balanced,0.001,66,28,38,0.42424242424242425,1.303737348839505,1158.4412639033599,0.11584412639033599,0.1239391183664151,0.11331504320384662,
ETH-USD,2.5,2.5,balanced,0.001,68,27,41,0.39705882352941174,1.4339472169457848,1910.8918595168616,0.19108918595168617,0.16453351910833344,0.10659750329289727,
ETH-USD,2.5,2.0,balanced,0.001,70,31,39,0.44285714285714284,1.449143365839435,1888.1298253749064,0.18881298253749065,0.1795060164310437,0.08511963927200292,
ETH-USD,2.5,3.5,conservative,0.001,12,7,5,0.5833333333333334,3.3013066735324674,1281.5752731247303,0.12815752731247304,0.19473532202423824,0.021331255674436358,
ETH-USD,3.0,2.0,conservative,0.001,12,7,5,0.5833333333333334,2.2502545137799745,673.6954132080355,0.06736954132080354,0.15232393825069307,0.02109608190161761,
ETH-USD,2.5,3.0,conservative,0.001,12,7,5,0.5833333333333334,3.365941070927981,1311.0115593467526,0.13110115593467525,0.2024542488311663,0.021331255674436507,
ETH-USD,2.5,2.0,conservative,0.001,12,7,5,0.5833333333333334,2.222303117756026,666.6337482987874,0.06666337482987873,0.15108947542173623,0.02133125567443646,
ETH-USD,2.5,2.5,conservative,0.001,12,7,5,0.5833333333333334,2.790635509891363,984.3764496255808,0.09843764496255808,0.1817440944922488,0.021331255674436302,
ETH-USD,3.0,2.5,balanced,0.001,20,6,14,0.3,0.8979978980811373,-148.50937397988855,-0.014850937397988855,-0.023247997666100723,0.09203259489591667,
ETH-USD,3.0,3.0,balanced,0.001,20,6,14,0.3,0.9531820043442757,-68.45696162310378,-0.006845696162310378,-0.007430228910289647,0.09203259489591661,
ETH-USD,3.0,2.5,aggressive,0.001,179,65,114,0.36312849162011174,1.1159448950685738,1417.0637200131296,0.14170637200131295,0.09019120815449452,0.15472627616916232,
ETH-USD,3.0,3.0,aggressive,0.001,168,59,109,0.35119047619047616,1.1167687871559655,1396.6862731293204,0.13966862731293203,0.08654235860121792,0.14844726863096677,
ETH-USD,3.5,2.0,aggressive,0.001,60,20,40,0.3333333333333333,0.7497408153700591,-1039.74194380458,-0.10397419438045799,-0.12624868604120895,0.15529613124849603,
ETH-USD,3.0,3.5,balanced,0.001,19,4,15,0.21052631578947367,0.6465277734426189,-535.3972407478814,-0.05353972407478814,-0.09669446906741638,0.09203259489591667,
ETH-USD,3.0,3.5,aggressive,0.001,158,55,103,0.34810126582278483,1.1494319069932637,1697.5862425378818,0.16975862425378818,0.09943045847378215,0.16022424610882507,
ETH-USD,3.0,2.5,conservative,0.001,12,7,5,0.5833333333333334,2.827258158901307,992.4554945855707,0.09924554945855707,0.18265274309632484,0.02109608190161757,
ETH-USD,3.5,2.5,balanced,0.001,20,6,14,0.3,0.8119506108496359,-267.61205834942666,-0.026761205834942667,-0.048592645150526685,0.09124291972324697,
ETH-USD,3.5,3.0,aggressive,0.001,52,14,38,0.2692307692307692,0.7326557921157131,-1053.9540887337807,-0.10539540887337807,-0.11665407575205708,0.15588915731449657,
ETH-USD,3.0,3.0,conservative,0.001,12,7,5,0.5833333333333334,2.839330698973351,1004.3489443512353,0.10043489443512353,0.17773748746516485,0.021096081901617533,
ETH-USD,3.5,2.5,aggressive,0.001,160,63,97,0.39375,1.1440631609250274,1458.212297500133,0.1458212297500133,0.0995867035068652,0.1556585095665515,
ETH-USD,3.5,3.0,balanced,0.001,19,4,15,0.21052631578947367,0.5628739457054113,-648.9914372626754,-0.06489914372626754,-0.13156757148539094,0.09124291972324666,
ETH-USD,3.5,3.5,aggressive,0.001,48,12,36,0.25,0.7253136715695034,-1012.8054833551323,-0.10128054833551323,-0.1110582551954037,0.1434498256314321,
ETH-USD,3.5,2.0,balanced,0.001,62,26,36,0.41935483870967744,1.3685976065881595,1288.4183014106638,0.12884183014106637,0.1410113755818352,0.07742758043104632,
ETH-USD,3.0,3.5,conservative,0.001,11,7,4,0.6363636363636364,3.863050191844773,1269.2215203686428,0.12692215203686427,0.20437387929231593,0.0210960819016175,
ETH-USD,3.5,2.0,conservative,0.001,12,7,5,0.5833333333333334,2.270629527202404,678.7372057383363,0.06787372057383363,0.1531769678448431,0.02092808377256226,
ETH-USD,3.5,2.5,conservative,0.001,12,7,5,0.5833333333333334,2.3952952884557037,749.7125104498318,0.07497125104498319,0.15657875582018116,0.020928083772562278,
ETH-USD,3.5,3.5,balanced,0.001,19,4,15,0.21052631578947367,0.5685016303343381,-641.1962657001186,-0.06411962657001186,-0.1281317523052968,0.09124291972324686,
ETH-USD,4.0,2.0,balanced,0.001,20,6,14,0.3,0.6903260318946152,-415.86141633219813,-0.04158614163321981,-0.09138062180073489,0.08627083086221828,
ETH-USD,4.0,2.0,aggressive,0.001,158,64,94,0.4050632911392405,1.108615766148552,993.2967789309532,0.09932967789309533,0.07983254084884168,0.12669707708632078,
ETH-USD,4.0,2.5,balanced,0.001,19,4,15,0.21052631578947367,0.49725562294692155,-711.6511007663976,-0.07116511007663975,-0.16246831628880354,0.09125648648065605,
ETH-USD,3.5,3.0,conservative,0.001,11,7,4,0.6363636363636364,3.3348650533986146,1018.1354439771785,0.10181354439771785,0.19043803411052615,0.020928083772562476,
ETH-USD,4.0,2.5,aggressive,0.001,145,58,87,0.4,1.1592924837675507,1359.1515039368587,0.13591515039368587,0.10170597633168388,0.12492878315129732,
ETH-USD,3.5,3.5,conservative,0.001,10,6,4,0.6,2.869027831239335,814.3601328934783,0.08143601328934783,0.1586728481799049,0.020928083772562313,
ETH-USD,4.0,3.0,balanced,0.001,19,4,15,0.21052631578947367,0.5641925162672807,-620.8582547337246,-0.062085825473372463,-0.12868657034260367,0.08627083086221819,
ETH-USD,4.0,3.0,aggressive,0.001,136,49,87,0.3602941176470588,1.1485921528166687,1223.7672622388527,0.12237672622388528,0.0899615417438523,0.10771349234061822,
ETH-USD,4.0,3.5,balanced,0.001,19,4,15,0.21052631578947367,0.548422679264396,-642.62677905903,-0.064262677905903,-0.13467414233854647,0.08627083086221818,
ETH-USD,4.0,2.0,conservative,0.001,12,8,4,0.6666666666666666,2.721640623570263,741.0698105218289,0.07410698105218289,0.1781581287015582,0.02080207595395108,
ATOM-USD,2.5,2.0,aggressive,0.001,97,36,61,0.3711340206185567,1.0365123083409942,248.61520726530944,0.024861520726530945,0.029680393403801335,0.13736791023102682,
ETH-USD,4.0,3.5,aggressive,0.001,135,49,86,0.362962962962963,1.1576463497281912,1328.2001391627236,0.13282001391627238,0.09283135792815073,0.10337649958115558,
ETH-USD,4.0,2.5,conservative,0.001,11,8,3,0.7272727272727273,4.014791087092105,991.1923892156792,0.09911923892156792,0.2123613114634079,0.020802075953951105,
ATOM-USD,2.5,2.5,aggressive,0.001,21,4,17,0.19047619047619047,0.5106600498724357,-911.8807854580846,-0.09118807854580846,-0.17046552780282562,0.11261393566392146,
ATOM-USD,2.5,2.0,balanced,0.001,48,14,34,0.2916666666666667,0.7073046719390674,-1035.6851587245928,-0.10356851587245929,-0.13557647626871547,0.12953698264192437,
ETH-USD,4.0,3.0,conservative,0.001,10,7,3,0.7,3.448085963522868,804.0838040485778,0.08040838040485777,0.18035605039149827,0.02080207595395113,
ETH-USD,4.0,3.5,conservative,0.001,10,7,3,0.7,3.7546811785912233,909.1757963678247,0.09091757963678247,0.1834444983663101,0.020802075953951154,
ATOM-USD,2.5,3.0,aggressive,0.001,19,3,16,0.15789473684210525,0.49404912515355803,-887.7528055031398,-0.08877528055031399,-0.1637582417391648,0.11457644374977363,
ATOM-USD,2.5,2.5,balanced,0.001,43,12,31,0.27906976744186046,0.6721341641942981,-1061.4379572593334,-0.10614379572593334,-0.14228862595189065,0.14931331416985172,
ATOM-USD,2.5,3.5,aggressive,0.001,17,3,14,0.17647058823529413,0.6521425601124902,-552.4902317117085,-0.05524902317117085,-0.09095445521307606,0.10723718305511773,
ATOM-USD,2.5,3.0,balanced,0.001,37,10,27,0.2702702702702703,0.6225733077489798,-1047.7147645495825,-0.10477147645495824,-0.14876224035115163,0.11928320164133722,
ATOM-USD,3.0,2.0,aggressive,0.001,76,29,47,0.3815789473684211,1.0306319066890186,157.80333212832738,0.015780333212832738,0.02302522511705427,0.1250971531654878,
ATOM-USD,2.5,3.5,balanced,0.001,39,10,29,0.2564102564102564,0.6588145674125445,-1035.423979222558,-0.10354239792225581,-0.13061982341781764,0.14389485942159083,
ATOM-USD,2.5,2.0,conservative,0.001,10,4,6,0.4,1.2121276218996706,136.3273319228174,0.01363273319228174,0.03809923294022914,0.05165656798113152,
ATOM-USD,3.0,2.5,aggressive,0.001,61,20,41,0.32786885245901637,0.9966373346611681,-14.577802657719076,-0.0014577802657719076,0.005697808306747243,0.1153916815844984,
ATOM-USD,3.0,2.0,balanced,0.001,41,13,28,0.3170731707317073,0.633120269493267,-1027.7425835661525,-0.10277425835661524,-0.16289781465341413,0.14811839430771878,
ATOM-USD,3.0,3.0,aggressive,0.001,16,3,13,0.1875,0.6175323560133354,-551.8413847239426,-0.05518413847239426,-0.10336293126895973,0.10484559752593077,
ATOM-USD,2.5,2.5,conservative,0.001,10,4,6,0.4,1.4641177535876497,300.64176686676,0.030064176686676002,0.07019923246480095,0.051656567981131676,
ATOM-USD,3.0,2.5,balanced,0.001,37,11,26,0.2972972972972973,0.5866579078110575,-1058.3759323560662,-0.10583759323560663,-0.1716824631194918,0.1300456112042327,
ATOM-USD,2.5,3.0,conservative,0.001,10,3,7,0.3,0.9760487968042237,-17.504096109196325,-0.0017504096109196325,-0.0011138863257246201,0.05165656798113155,
ATOM-USD,2.5,3.5,conservative,0.001,10,3,7,0.3,1.0422948175101034,30.93140146188125,0.0030931401461881253,0.010189843174194576,0.05165656798113155,
ATOM-USD,3.0,3.5,aggressive,0.001,49,16,33,0.32653061224489793,1.1012744606145344,367.82056079436006,0.03678205607943601,0.042907645278391186,0.12267253916392827,
ATOM-USD,3.0,3.0,balanced,0.001,47,14,33,0.2978723404255319,0.6829103302542973,-1051.8785754432483,-0.10518785754432483,-0.13415062149464,0.1549363665445884,
ATOM-USD,3.0,2.0,conservative,0.001,10,4,6,0.4,1.2279530163708583,145.36025797663024,0.014536025797663023,0.04039052285931763,0.051215165097452754,
ATOM-USD,3.0,3.5,balanced,0.001,44,14,30,0.3181818181818182,0.6654591729855145,-1009.8634593166316,-0.10098634593166317,-0.13408866574083428,0.1526846227060003,
ATOM-USD,3.5,2.0,aggressive,0.001,61,21,40,0.3442622950819672,0.8707464524829515,-510.86643338341673,-0.051086643338341675,-0.05668010670510085,0.12049757452614594,
ATOM-USD,3.5,2.5,aggressive,0.001,55,18,37,0.32727272727272727,0.919003454944332,-310.5423264728561,-0.031054232647285608,-0.028893689264024768,0.11897646428853458,
ATOM-USD,3.0,2.5,conservative,0.001,10,3,7,0.3,0.8203315038909259,-129.73572594890356,-0.012973572594890357,-0.0325305530787968,0.05121516509745302,
ATOM-USD,3.5,3.0,aggressive,0.001,47,15,32,0.3191489361702128,0.904684920552469,-306.20619931100737,-0.030620619931100736,-0.030349857599402265,0.12266117540843459,
ATOM-USD,3.0,3.0,conservative,0.001,10,3,7,0.3,0.8870507039543121,-81.61524591134003,-0.008161524591134003,-0.017891788163701634,0.05121516509745302,
ATOM-USD,3.5,2.0,balanced,0.001,56,19,37,0.3392857142857143,0.718304210243802,-1015.133209370666,-0.1015133209370666,-0.13573443040315253,0.1477331966243944,
ATOM-USD,3.5,2.5,balanced,0.001,37,11,26,0.2972972972972973,0.5785173861258729,-1070.157945911982,-0.10701579459119821,-0.17507812543118995,0.14018487793237563,
ATOM-USD,3.5,3.5,aggressive,0.001,47,14,33,0.2978723404255319,1.0149570414785751,48.80040805096178,0.004880040805096178,0.012022030737780413,0.11511350953718459,
ATOM-USD,3.0,3.5,conservative,0.001,9,2,7,0.2222222222222222,0.4900640919313672,-367.688588824416,-0.0367688588824416,-0.11823993713340701,0.05121516509745302,
ATOM-USD,3.5,3.0,balanced,0.001,42,14,28,0.3333333333333333,0.6214677671109193,-1039.0639003262477,-0.10390639003262477,-0.15592264352610208,0.1423173888601741,
ATOM-USD,4.0,2.0,aggressive,0.001,115,41,74,0.3565217391304348,0.8596647872609996,-1024.1558415416985,-0.10241558415416985,-0.08662616204730865,0.16603939879256802,
ATOM-USD,3.5,2.0,conservative,0.001,9,3,6,0.3333333333333333,0.8558810371823141,-88.93497270163425,-0.008893497270163425,-0.024432094106951237,0.040942589198232626,
ATOM-USD,3.5,3.5,balanced,0.001,42,14,28,0.3333333333333333,0.6375712183923804,-1012.1691040507721,-0.10121691040507722,-0.14484978815393848,0.1473342420600581,
ATOM-USD,3.5,2.5,conservative,0.001,9,3,6,0.3333333333333333,0.8831406273545513,-72.13352565097375,-0.007213352565097375,-0.018590835561538715,0.040942589198232626,
ATOM-USD,4.0,2.0,balanced,0.001,35,11,24,0.3142857142857143,0.5280292465379512,-1057.5472738507597,-0.10575472738507596,-0.20112162794262411,0.11742421826425248,
ATOM-USD,3.5,3.0,conservative,0.001,8,2,6,0.25,0.4937851901548054,-311.84161783601667,-0.031184161783601668,-0.11230018358164509,0.040942589198232626,
ATOM-USD,4.0,2.5,balanced,0.001,35,11,24,0.3142857142857143,0.548818522168216,-1021.5162784305558,-0.10215162784305558,-0.1825405772180916,0.1317655603940157,
ATOM-USD,4.0,2.5,aggressive,0.001,176,70,106,0.3977272727272727,1.0317143454382278,348.8346390689767,0.03488346390689767,0.03346143232938997,0.13998511954721118,
ATOM-USD,4.0,3.0,balanced,0.001,41,14,27,0.34146341463414637,0.6023916056731556,-1015.9930808549125,-0.10159930808549125,-0.1635149903667147,0.14005251755966616,
ATOM-USD,4.0,3.0,aggressive,0.001,161,63,98,0.391304347826087,1.0785047526027869,812.4654208009106,0.08124654208009106,0.06127843701409013,0.12561455106187355,
ATOM-USD,3.5,3.5,conservative,0.001,8,2,6,0.25,0.4937851901548054,-311.84161783601667,-0.031184161783601668,-0.11230018358164509,0.040942589198232626,
ATOM-USD,4.0,3.5,aggressive,0.001,156,63,93,0.40384615384615385,1.1571562634515344,1640.7079248748269,0.1640707924874827,0.10422332096889908,0.09893064943139866,
ATOM-USD,4.0,2.0,conservative,0.001,9,3,6,0.3333333333333333,0.7467069555763898,-155.27538376220582,-0.015527538376220581,-0.0485919319173033,0.04075277672065029,
ATOM-USD,4.0,3.5,balanced,0.001,43,14,29,0.32558139534883723,0.6269270505952393,-1009.5526440301,-0.10095526440301,-0.14868757870138988,0.14772593794836641,
ATOM-USD,4.0,2.5,conservative,0.001,8,2,6,0.25,0.43445929493499647,-346.1882516235437,-0.03461882516235437,-0.13254432678645336,0.04075277672065029,
ATOM-USD,4.0,3.0,conservative,0.001,8,2,6,0.25,0.43445929493499647,-346.1882516235437,-0.03461882516235437,-0.13254432678645336,0.04075277672065029,
ATOM-USD,4.0,3.5,conservative,0.001,8,2,6,0.25,0.43445929493499647,-346.1882516235437,-0.03461882516235437,-0.13254432678645336,0.04075277672065029,
