analyzer,symbol,atr_mult,rr_ratio,trades,wins,losses,win_rate,profit_factor,total_r,avg_r,error
trend,BTC-USD,1.0,2.0,93,34,59,0.3655913978494624,1.152542372881356,9.0,0.0967741935483871,
trend,BTC-USD,1.0,1.5,93,41,52,0.44086021505376344,1.1826923076923077,9.5,0.10215053763440861,
trend,BTC-USD,1.5,1.5,93,41,52,0.44086021505376344,1.1826923076923077,9.5,0.10215053763440861,
trend,BTC-USD,2.0,2.0,93,32,61,0.34408602150537637,1.047758437515548,2.8793316355411784,0.030960555220872887,
trend,BTC-USD,1.0,3.0,93,30,63,0.3225806451612903,1.4285714285714286,27.0,0.2903225806451613,
trend,BTC-USD,1.5,2.5,93,28,65,0.3010752688172043,1.0769230769230769,5.0,0.053763440860215055,
trend,BTC-USD,2.0,3.0,93,23,70,0.24731182795698925,0.9560329269131731,-3.0029896161698337,-0.03229021092655735,
trend,BTC-USD,1.0,2.5,93,32,61,0.34408602150537637,1.3114754098360655,19.0,0.20430107526881722,
trend,BTC-USD,2.5,2.0,93,30,63,0.3225806451612903,0.9470279520747972,-3.2965346915670573,-0.035446609586742554,
trend,BTC-USD,2.0,1.5,93,43,50,0.46236559139784944,1.29,14.5,0.15591397849462366,
trend,BTC-USD,2.0,2.5,93,28,65,0.3010752688172043,1.068118940259208,4.379331635541178,0.047089587478937406,
trend,BTC-USD,1.5,3.0,93,23,70,0.24731182795698925,0.9857142857142858,-1.0,-0.010752688172043012,
trend,BTC-USD,1.5,2.0,93,37,56,0.3978494623655914,1.3214285714285714,18.0,0.1935483870967742,
trend,BTC-USD,2.5,1.5,93,36,57,0.3870967741935484,0.9502675495522934,-2.796534691567057,-0.03007026550072104,
trend,BTC-USD,2.5,2.5,93,25,68,0.26881720430107525,0.8957983295441838,-6.902391692935867,-0.07421926551543942,
trend,BTC-USD,3.0,2.5,93,28,65,0.3010752688172043,0.9825819120525018,-1.0844633389677472,-0.011660896117932765,
trend,BTC-USD,3.0,1.5,93,35,58,0.3763440860215054,0.8973131949437801,-5.872965462479765,-0.06315016626322328,
trend,BTC-USD,2.5,3.0,93,23,70,0.24731182795698925,0.9359421709052888,-4.311918772728228,-0.046364717986325035,
trend,BTC-USD,3.0,2.0,93,30,63,0.3225806451612903,0.9210763202817898,-4.830175301173452,-0.05193736882982206,
trend,BTC-USD,3.0,3.0,93,28,65,0.3010752688172043,1.1097485595823746,6.8330283857991425,0.07347342350321659,
trend,ETH-USD,1.0,2.0,94,36,58,0.3829787234042553,1.2413793103448276,14.0,0.14893617021276595,
trend,ETH-USD,1.0,2.5,94,32,62,0.3404255319148936,1.2903225806451613,18.0,0.19148936170212766,
trend,ETH-USD,1.0,3.0,94,32,62,0.3404255319148936,1.5483870967741935,34.0,0.3617021276595745,
trend,ETH-USD,1.0,1.5,94,39,55,0.4148936170212766,1.0636363636363637,3.5,0.03723404255319149,
trend,ETH-USD,1.5,3.0,94,27,67,0.2872340425531915,1.166282259907882,11.140911413828082,0.11852033418966045,
trend,ETH-USD,1.5,1.5,94,41,53,0.43617021276595747,1.1603773584905661,8.5,0.09042553191489362,
trend,ETH-USD,1.5,2.0,94,37,57,0.39361702127659576,1.2982456140350878,17.0,0.18085106382978725,
trend,ETH-USD,2.0,2.0,94,31,63,0.32978723404255317,0.9540584692122391,-2.8943164396289385,-0.030790600421584453,
trend,ETH-USD,2.0,1.5,94,41,53,0.43617021276595747,1.1603773584905661,8.5,0.09042553191489362,
trend,ETH-USD,1.5,2.5,94,31,63,0.32978723404255317,1.192712879584573,12.140911413828082,0.12915863206200087,
trend,ETH-USD,2.0,2.5,94,29,65,0.30851063829787234,1.0603679171882803,3.9239146172382044,0.04174377252381069,
trend,ETH-USD,2.5,1.5,94,39,55,0.4148936170212766,0.9901384881318112,-0.5423831527503946,-0.005770033539897815,
trend,ETH-USD,2.0,3.0,94,25,69,0.26595744680851063,1.02063644372809,1.4239146172382044,0.015148027842959622,
trend,ETH-USD,2.5,2.0,94,35,59,0.3723404255319149,1.0764779947922598,4.512201692743319,0.048002145667482114,
trend,ETH-USD,2.5,2.5,94,29,65,0.30851063829787234,0.9848031029652821,-0.9877983072566809,-0.010508492630390222,
trend,ETH-USD,3.0,2.5,94,30,64,0.3191489361702128,0.9762302424023684,-1.491010395433466,-0.015861812717377296,
trend,ETH-USD,3.0,1.5,94,39,55,0.4148936170212766,1.0121753033879255,0.6541449892036484,0.0069589892468473235,
trend,ETH-USD,2.5,3.0,94,27,67,0.2872340425531915,0.9624392594878368,-2.5165696143149328,-0.026772017173563114,
trend,ETH-USD,3.0,2.0,94,34,60,0.3617021276595745,1.0431310464483017,2.532965693781744,0.026946443550869618,
trend,ETH-USD,3.0,3.0,94,30,64,0.3191489361702128,1.0601505729020466,3.7730771599104305,0.040139118722451385,
trend,ADA-USD,1.0,1.5,92,45,47,0.4891304347826087,1.4361702127659575,20.5,0.22282608695652173,
trend,ADA-USD,1.5,1.5,92,44,48,0.4782608695652174,1.375,18.0,0.1956521739130435,
trend,ADA-USD,1.0,2.5,92,34,58,0.3695652173913043,1.4655172413793103,27.0,0.29347826086956524,
trend,ADA-USD,1.0,3.0,92,33,59,0.358695652173913,1.6779661016949152,40.0,0.43478260869565216,
trend,ADA-USD,1.0,2.0,92,41,51,0.44565217391304346,1.607843137254902,31.0,0.33695652173913043,
trend,ADA-USD,1.5,2.0,92,38,54,0.41304347826086957,1.4074074074074074,22.0,0.2391304347826087,
trend,ADA-USD,1.5,2.5,92,31,61,0.33695652173913043,1.2528335775562554,15.42284823093157,0.16763965468403882,
trend,ADA-USD,2.0,1.5,92,44,48,0.4782608695652174,1.375,18.0,0.1956521739130435,
trend,ADA-USD,1.5,3.0,92,26,66,0.2826086956521739,1.1579219428929026,10.422848230931573,0.11329182859708231,
trend,ADA-USD,2.0,2.0,92,34,58,0.3695652173913043,1.1563299340206667,9.06713617319868,0.09855582796955087,
trend,ADA-USD,2.0,2.5,92,29,63,0.31521739130434784,1.1280497805269631,8.06713617319868,0.08768626275215956,
trend,ADA-USD,2.5,1.5,92,44,48,0.4782608695652174,1.3802505456312928,18.004545306337548,0.19570157941671248,
trend,ADA-USD,2.5,2.0,92,36,56,0.391304347826087,1.2881166926981085,15.848048861172854,0.17226140066492232,
trend,ADA-USD,2.0,3.0,92,26,66,0.2826086956521739,1.1308834563127241,8.6383081166398,0.09389465344173696,
trend,ADA-USD,2.5,2.5,92,33,59,0.358695652173913,1.3514884700736496,20.38832071621261,0.22161218169796318,
trend,ADA-USD,2.5,3.0,92,29,63,0.31521739130434784,1.247112670213096,15.322384230048424,0.16654765467443938,
trend,ADA-USD,3.0,1.5,92,42,50,0.45652173913043476,1.25240771422761,12.327100584111097,0.133990223740338,
trend,ADA-USD,3.0,2.0,92,38,54,0.41304347826086957,1.3666779626189594,19.37454854640518,0.210592918982665,
trend,ADA-USD,3.0,3.0,92,34,58,0.3695652173913043,1.371543333038739,21.11779856438272,0.22954128874329044,
trend,ADA-USD,3.0,2.5,92,34,58,0.3695652173913043,1.2819135949065064,16.023419021155895,0.17416759805604234,
trend,AVAX-USD,1.0,1.5,94,40,54,0.425531914893617,1.1111111111111112,6.0,0.06382978723404255,
trend,AVAX-USD,1.0,2.0,94,29,65,0.30851063829787234,0.8923076923076924,-7.0,-0.07446808510638298,
trend,AVAX-USD,1.0,2.5,94,26,68,0.2765957446808511,0.9558823529411765,-3.0,-0.031914893617021274,
trend,AVAX-USD,1.0,3.0,94,23,71,0.24468085106382978,0.971830985915493,-2.0,-0.02127659574468085,
trend,AVAX-USD,1.5,1.5,94,35,59,0.3723404255319149,0.8898305084745762,-6.5,-0.06914893617021277,
trend,AVAX-USD,1.5,2.0,94,30,64,0.3191489361702128,0.9375,-4.0,-0.0425531914893617,
trend,AVAX-USD,2.0,1.5,94,35,59,0.3723404255319149,0.8898305084745762,-6.5,-0.06914893617021277,
trend,AVAX-USD,1.5,3.0,94,25,69,0.26595744680851063,1.0869565217391304,6.0,0.06382978723404255,
trend,AVAX-USD,1.5,2.5,94,26,68,0.2765957446808511,0.9558823529411765,-3.0,-0.031914893617021274,
trend,AVAX-USD,2.0,2.0,94,30,64,0.3191489361702128,0.9375,-4.0,-0.0425531914893617,
trend,AVAX-USD,2.0,3.0,94,20,74,0.2127659574468085,0.8068737539887642,-14.291342204831455,-0.1520355553705474,
trend,AVAX-USD,2.0,2.5,94,28,66,0.2978723404255319,1.0606060606060606,4.0,0.0425531914893617,
trend,AVAX-USD,2.5,2.0,94,30,64,0.3191489361702128,0.9375,-4.0,-0.0425531914893617,
trend,AVAX-USD,2.5,1.5,94,32,62,0.3404255319148936,0.7741935483870968,-14.0,-0.14893617021276595,
trend,AVAX-USD,2.5,2.5,94,23,71,0.24468085106382978,0.7681843831823241,-16.458908794054988,-0.1750947744048403,
trend,DOT-USD,1.0,1.5,94,54,40,0.574468085106383,2.025,41.0,0.43617021276595747,
trend,DOT-USD,1.0,2.0,94,47,47,0.5,2.0,47.0,0.5,
trend,DOT-USD,1.0,3.0,94,37,57,0.39361702127659576,1.9473684210526316,54.0,0.574468085106383,
trend,DOT-USD,1.0,2.5,94,41,53,0.43617021276595747,1.9339622641509433,49.5,0.526595744680851,
trend,DOT-USD,1.5,1.5,94,51,43,0.5425531914893617,1.7790697674418605,33.5,0.35638297872340424,
trend,AVAX-USD,3.0,1.5,94,34,60,0.3617021276595745,0.8520870609555302,-8.85303889347717,-0.0941812648242252,
trend,AVAX-USD,3.0,2.0,94,26,68,0.2765957446808511,0.7470786331292858,-17.161483343269992,-0.1825689717369148,
trend,AVAX-USD,2.5,3.0,94,21,73,0.22340425531914893,0.7519308765626335,-18.109046010927752,-0.1926494256481676,
trend,AVAX-USD,3.0,2.5,94,23,71,0.24468085106382978,0.7033684870247875,-20.756524165681864,-0.22081408686895598,
trend,AVAX-USD,3.0,3.0,94,23,71,0.24468085106382978,0.8248419977225975,-12.256524165681864,-0.13038855495406237,
trend,DOT-USD,1.5,2.5,94,36,58,0.3829787234042553,1.542374419344254,31.457716321966736,0.3346565566166674,
trend,DOT-USD,2.0,1.5,94,45,49,0.4787234042553192,1.3775510204081634,18.5,0.19680851063829788,
trend,DOT-USD,1.5,2.0,94,41,53,0.43617021276595747,1.5471698113207548,29.0,0.30851063829787234,
trend,DOT-USD,1.5,3.0,94,30,64,0.3191489361702128,1.3843917174635538,24.601069917667452,0.2617135097624197,
trend,DOT-USD,2.0,2.0,94,37,57,0.39361702127659576,1.288917320025878,16.46828724147505,0.175194545122075,
trend,DOT-USD,2.0,2.5,94,30,64,0.3191489361702128,1.086908328654496,5.5621330338877435,0.05917162802008238,
trend,DOT-USD,2.0,3.0,94,29,65,0.30851063829787234,1.205101630489902,13.33160598184363,0.141825595551528,
trend,DOT-USD,2.5,1.5,94,43,51,0.4574468085106383,1.2583260743760791,13.174629793180038,0.14015563609766,
trend,DOT-USD,2.5,2.0,94,35,59,0.3723404255319149,1.112706888595088,6.649706427110193,0.07074155773521482,
trend,DOT-USD,2.5,2.5,94,33,61,0.35106382978723405,1.1424328786296334,8.688405596407637,0.09242984677029402,
trend,DOT-USD,3.0,1.5,94,41,53,0.43617021276595747,1.1284777141014188,6.809318847375199,0.07243956220611913,
trend,DOT-USD,2.5,3.0,94,30,64,0.3191489361702128,1.124700455065578,7.98082912419698,0.08490243749145723,
trend,DOT-USD,3.0,2.0,94,39,55,0.4148936170212766,1.2447819192552283,13.463005559037562,0.14322346339401662,
trend,DOT-USD,3.0,3.0,94,35,59,0.3723404255319149,1.2246189811880357,13.2525198900941,0.14098425414993723,
trend,DOT-USD,3.0,2.5,94,35,59,0.3723404255319149,1.1571565362691567,9.272235639880257,0.09864080467957721,
trend,ATOM-USD,1.0,2.5,92,29,63,0.31521739130434784,1.1507936507936507,9.5,0.10326086956521739,
trend,ATOM-USD,1.0,1.5,92,46,46,0.5,1.5,23.0,0.25,
trend,ATOM-USD,1.0,2.0,92,33,59,0.358695652173913,1.11864406779661,7.0,0.07608695652173914,
trend,ATOM-USD,1.0,3.0,92,23,69,0.25,1.0,0.0,0.0,
trend,ATOM-USD,1.5,1.5,92,38,54,0.41304347826086957,1.0555555555555556,3.0,0.03260869565217391,
trend,ATOM-USD,1.5,2.5,92,24,68,0.2608695652173913,0.8823529411764706,-8.0,-0.08695652173913043,
trend,ATOM-USD,1.5,2.0,92,28,64,0.30434782608695654,0.875,-8.0,-0.08695652173913043,
trend,ATOM-USD,1.5,3.0,92,22,70,0.2391304347826087,0.9428571428571428,-4.0,-0.043478260869565216,
trend,ATOM-USD,2.0,1.5,92,37,55,0.40217391304347827,1.009090909090909,0.5,0.005434782608695652,
trend,ATOM-USD,2.0,2.0,92,31,61,0.33695652173913043,1.0163934426229508,1.0,0.010869565217391304,
trend,ATOM-USD,2.0,2.5,92,27,65,0.29347826086956524,1.0384615384615385,2.5,0.02717391304347826,
trend,ATOM-USD,2.5,1.5,92,34,58,0.3695652173913043,0.8793103448275862,-7.0,-0.07608695652173914,
trend,ATOM-USD,2.0,3.0,92,24,68,0.2608695652173913,1.0588235294117647,4.0,0.043478260869565216,
trend,ATOM-USD,2.5,2.0,92,29,63,0.31521739130434784,0.934573458403051,-4.060397156053721,-0.044134751696236096,
trend,ATOM-USD,2.5,2.5,92,26,66,0.2826086956521739,0.9919987361448293,-0.5205654041677903,-0.00565831961051946,
trend,ATOM-USD,2.5,3.0,92,24,68,0.2608695652173913,0.9750914405445886,-1.6703778896650618,-0.018156281409402845,
trend,ATOM-USD,3.0,1.5,92,39,53,0.42391304347826086,1.1239121618873047,6.4496690366218985,0.07010509822415108,
trend,ATOM-USD,3.0,2.0,92,32,59,0.34782608695652173,1.1024915609934305,5.9496690366218985,0.06467031561545541,
trend,ATOM-USD,3.0,2.5,92,29,62,0.31521739130434784,1.0004906331669046,0.029594839612089086,0.0003216830392618379,
trend,ATOM-USD,3.0,3.0,92,27,64,0.29347826086956524,1.0428742194682603,2.6477424710805275,0.028779809468266603,
volume,BTC-USD,1.0,2.0,72,25,47,0.3472222222222222,1.0638297872340425,3.0,0.041666666666666664,
volume,BTC-USD,1.0,1.5,72,27,45,0.375,0.9,-4.5,-0.0625,
volume,BTC-USD,1.0,2.5,72,21,51,0.2916666666666667,1.0294117647058822,1.5,0.020833333333333332,
volume,BTC-USD,1.5,1.5,72,33,39,0.4583333333333333,1.2692307692307692,10.5,0.14583333333333334,
volume,BTC-USD,1.5,2.0,72,29,43,0.4027777777777778,1.3488372093023255,15.0,0.20833333333333334,
volume,BTC-USD,1.0,3.0,72,20,52,0.2777777777777778,1.1538461538461537,8.0,0.1111111111111111,
volume,BTC-USD,1.5,2.5,72,26,46,0.3611111111111111,1.4130434782608696,19.0,0.2638888888888889,
volume,BTC-USD,1.5,3.0,72,21,51,0.2916666666666667,1.184342715662186,9.401478498771487,0.1305760902607151,
volume,BTC-USD,2.0,1.5,72,33,39,0.4583333333333333,1.2402127771177873,9.368298307593705,0.13011525427213477,
volume,BTC-USD,2.0,2.0,72,27,45,0.375,1.1228153084880272,5.526688881961228,0.07675956780501705,
volume,BTC-USD,2.0,2.5,72,22,50,0.3055555555555556,0.9244710215823398,-3.7375816274546416,-0.051910855936870025,
volume,BTC-USD,2.5,2.0,72,26,46,0.3611111111111111,0.9825932020193151,-0.7900653019637156,-0.010973129193940494,
volume,BTC-USD,2.5,1.5,72,34,38,0.4722222222222222,1.2742460817254995,10.42135110556898,0.14474098757734696,
volume,BTC-USD,2.0,3.0,72,21,51,0.2916666666666667,0.9912518992242336,-0.4416513575074985,-0.00613404663204859,
volume,BTC-USD,2.5,2.5,72,24,48,0.3333333333333333,1.0326383999694992,1.546678913993999,0.021481651583249984,
volume,BTC-USD,2.5,3.0,72,23,49,0.3194444444444444,1.066353259441196,3.210722693861288,0.044593370748073444,
volume,ETH-USD,1.0,1.5,76,33,43,0.4342105263157895,1.1511627906976745,6.5,0.08552631578947369,
volume,BTC-USD,3.0,1.5,72,33,39,0.4583333333333333,1.2150257456003744,8.061412531613616,0.111964062939078,
volume,ETH-USD,1.0,2.0,76,28,48,0.3684210526315789,1.1666666666666667,8.0,0.10526315789473684,
volume,ETH-USD,1.0,2.5,76,23,53,0.3026315789473684,1.0849056603773586,4.5,0.05921052631578947,
volume,BTC-USD,3.0,2.0,72,27,45,0.375,1.0205421362692293,0.8933868045224369,0.012408150062811624,
volume,BTC-USD,3.0,2.5,72,26,46,0.3611111111111111,1.071623898481251,3.1865796632063423,0.044258050877865864,
volume,BTC-USD,3.0,3.0,72,24,48,0.3333333333333333,1.0199105798501023,0.9167960403557833,0.012733278338274768,
volume,ETH-USD,1.0,3.0,76,20,56,0.2631578947368421,1.0714285714285714,4.0,0.05263157894736842,
volume,ETH-USD,1.5,1.5,76,29,47,0.3815789473684211,0.925531914893617,-3.5,-0.046052631578947366,
volume,ETH-USD,1.5,2.5,76,21,55,0.27631578947368424,0.9545454545454546,-2.5,-0.03289473684210526,
volume,ETH-USD,1.5,3.0,76,19,57,0.25,1.0,0.0,0.0,
volume,ETH-USD,1.5,2.0,76,21,55,0.27631578947368424,0.7636363636363637,-13.0,-0.17105263157894737,
volume,ETH-USD,2.0,1.5,76,23,53,0.3026315789473684,0.6509433962264151,-18.5,-0.24342105263157895,
volume,ETH-USD,2.0,2.0,76,23,53,0.3026315789473684,0.8679245283018868,-7.0,-0.09210526315789473,
volume,ETH-USD,2.0,2.5,76,19,57,0.25,0.8098006916613774,-10.841360575301488,-0.14264948125396695,
volume,ETH-USD,2.5,1.5,76,26,50,0.34210526315789475,0.78,-11.0,-0.14473684210526316,
volume,ETH-USD,2.0,3.0,76,18,58,0.23684210526315788,0.8564634927530627,-8.325117420322362,-0.10954101868845213,
volume,ETH-USD,2.5,2.0,76,21,55,0.27631578947368424,0.7164722439238839,-15.594026584186388,-0.20518456031824195,
volume,ETH-USD,2.5,2.5,76,20,56,0.2631578947368421,0.7914101417820877,-11.681032060203087,-0.15369779026583008,
volume,ETH-USD,3.0,1.5,76,25,51,0.32894736842105265,0.7137101613734445,-14.600781769954331,-0.19211554960466226,
volume,ETH-USD,3.0,2.0,76,22,54,0.2894736842105263,0.7317741966018042,-14.484193383502573,-0.19058149188819176,
volume,ETH-USD,2.5,3.0,76,19,57,0.25,0.8337597267090602,-9.475695577583572,-0.1246802049682049,
volume,ETH-USD,3.0,2.5,76,21,55,0.27631578947368424,0.8109743094305519,-10.396412981319646,-0.1367949076489427,
volume,ETH-USD,3.0,3.0,76,20,56,0.2631578947368421,0.7462314635153063,-14.017352885013514,-0.18443885375017782,
volume,ADA-USD,1.0,1.5,81,30,51,0.37037037037037035,0.8823529411764706,-6.0,-0.07407407407407407,
volume,ADA-USD,1.0,3.0,81,15,66,0.18518518518518517,0.6818181818181818,-21.0,-0.25925925925925924,
volume,ADA-USD,1.0,2.0,81,20,61,0.24691358024691357,0.6557377049180327,-21.0,-0.25925925925925924,
volume,ADA-USD,1.0,2.5,81,17,64,0.20987654320987653,0.6640625,-21.5,-0.2654320987654321,
volume,ADA-USD,1.5,1.5,81,32,49,0.3950617283950617,0.9795918367346939,-1.0,-0.012345679012345678,
volume,ADA-USD,1.5,2.5,81,22,59,0.2716049382716049,0.9322033898305084,-4.0,-0.04938271604938271,
volume,ADA-USD,1.5,2.0,81,24,57,0.2962962962962963,0.8421052631578947,-9.0,-0.1111111111111111,
volume,ADA-USD,1.5,3.0,81,20,61,0.24691358024691357,0.9836065573770492,-1.0,-0.012345679012345678,
volume,ADA-USD,2.0,2.0,81,23,58,0.2839506172839506,0.7931034482758621,-12.0,-0.14814814814814814,
volume,ADA-USD,2.0,1.5,81,29,52,0.35802469135802467,0.8365384615384616,-8.5,-0.10493827160493827,
volume,ADA-USD,2.0,3.0,81,22,59,0.2716049382716049,1.0206794567487054,1.2200879481736138,0.015062814174982887,
volume,ADA-USD,2.0,2.5,81,22,59,0.2716049382716049,0.8596625075961629,-8.279912051826384,-0.10222113644230105,
volume,ADA-USD,2.5,1.5,81,25,56,0.30864197530864196,0.6800755562917401,-17.640931993610984,-0.21778928387174054,
volume,ADA-USD,2.5,2.0,81,22,59,0.2716049382716049,0.6978916396283041,-17.56486163507209,-0.21685014364286534,
volume,ADA-USD,2.5,2.5,81,22,59,0.2716049382716049,0.8612877131732541,-8.064861635072093,-0.0995661930255814,
volume,ADA-USD,2.5,3.0,81,20,61,0.24691358024691357,0.8150807552755566,-11.121215721282658,-0.13729895952200813,
volume,ADA-USD,3.0,1.5,81,25,56,0.30864197530864196,0.6803653750199176,-17.617443328009152,-0.217499300345792,
volume,ADA-USD,3.0,2.0,81,25,56,0.30864197530864196,0.8372435750359256,-8.970718029226742,-0.11074960529909558,
volume,ADA-USD,3.0,2.5,81,22,59,0.2716049382716049,0.7889157012895772,-12.267679767735546,-0.15145283663871045,
volume,ADA-USD,3.0,3.0,81,19,62,0.2345679012345679,0.7256482134282736,-16.767679767735547,-0.207008392194266,
volume,AVAX-USD,1.0,2.0,80,30,50,0.375,1.2,10.0,0.125,
volume,AVAX-USD,1.0,1.5,80,35,45,0.4375,1.1666666666666667,7.5,0.09375,
volume,AVAX-USD,1.0,2.5,80,29,51,0.3625,1.4215686274509804,21.5,0.26875,
volume,AVAX-USD,1.5,1.5,80,35,45,0.4375,1.1666666666666667,7.5,0.09375,
volume,AVAX-USD,1.0,3.0,80,27,53,0.3375,1.528301886792453,28.0,0.35,
volume,AVAX-USD,1.5,2.0,80,31,49,0.3875,1.2653061224489797,13.0,0.1625,
volume,AVAX-USD,1.5,2.5,80,26,54,0.325,1.2037037037037037,11.0,0.1375,
volume,AVAX-USD,1.5,3.0,80,23,57,0.2875,1.2041895637778663,11.63880513533839,0.14548506419172988,
volume,AVAX-USD,2.0,1.5,80,39,41,0.4875,1.4268292682926829,17.5,0.21875,
volume,AVAX-USD,2.0,2.0,80,33,47,0.4125,1.4042553191489362,19.0,0.2375,
volume,AVAX-USD,2.0,2.5,80,30,50,0.375,1.46695081499867,23.347540749933508,0.29184425937416886,
volume,AVAX-USD,2.0,3.0,80,29,51,0.3625,1.6398737479153713,32.63356114368394,0.4079195142960493,
volume,AVAX-USD,2.5,1.5,80,40,40,0.5,1.5,20.0,0.25,
volume,AVAX-USD,2.5,2.0,80,37,43,0.4625,1.6901868046499258,29.678032599946807,0.3709754074993351,
volume,AVAX-USD,2.5,2.5,80,36,44,0.45,1.9774283844306169,43.00684891494715,0.5375856114368394,
volume,DOT-USD,1.0,1.5,84,30,54,0.35714285714285715,0.8333333333333334,-9.0,-0.10714285714285714,
volume,DOT-USD,1.0,2.0,84,25,59,0.2976190476190476,0.847457627118644,-9.0,-0.10714285714285714,
volume,DOT-USD,1.0,2.5,84,21,63,0.25,0.8333333333333334,-10.5,-0.125,
volume,AVAX-USD,3.0,1.5,80,41,39,0.5125,1.508405396639454,19.827810468938708,0.24784763086173384,
volume,DOT-USD,1.0,3.0,84,19,65,0.2261904761904762,0.8769230769230769,-8.0,-0.09523809523809523,
volume,AVAX-USD,2.5,3.0,80,32,48,0.4,1.8723467770635676,41.87264529905126,0.5234080662381407,
volume,AVAX-USD,3.0,2.0,80,39,41,0.4875,1.7768737576773739,31.85182406477233,0.3981478008096541,
volume,AVAX-USD,3.0,2.5,80,35,45,0.4375,1.744221949293165,33.489987718192424,0.4186248464774053,
volume,AVAX-USD,3.0,3.0,80,31,49,0.3875,1.611823499961813,29.44560492584138,0.36807006157301725,
volume,DOT-USD,1.5,1.5,84,30,54,0.35714285714285715,0.8333333333333334,-9.0,-0.10714285714285714,
volume,DOT-USD,1.5,2.0,84,24,60,0.2857142857142857,0.8,-12.0,-0.14285714285714285,
volume,DOT-USD,1.5,2.5,84,21,63,0.25,0.826381551322489,-10.937962266683193,-0.13021383650813326,
volume,DOT-USD,2.0,1.5,84,29,55,0.34523809523809523,0.7909090909090909,-11.5,-0.13690476190476192,
volume,DOT-USD,1.5,3.0,84,18,66,0.21428571428571427,0.8039702686866183,-12.937962266683193,-0.15402336031765707,
volume,DOT-USD,2.0,2.0,84,25,59,0.2976190476190476,0.845588089318149,-9.047637022208562,-0.10770996455010193,
volume,DOT-USD,2.0,2.5,84,21,63,0.25,0.7897158883410782,-13.162558449809701,-0.15669712440249645,
volume,DOT-USD,2.0,3.0,84,17,67,0.20238095238095238,0.6531622246814962,-23.097372149543162,-0.27496871606599005,
volume,DOT-USD,2.5,3.0,84,24,60,0.2857142857142857,0.8827000771961427,-6.976451882568643,-0.08305299860200765,
volume,DOT-USD,2.5,1.5,84,33,51,0.39285714285714285,0.948812272646521,-2.583717545686321,-0.03075854221055144,
volume,DOT-USD,2.5,2.0,84,29,55,0.34523809523809523,0.9495510447535095,-2.7482235991092776,-0.03271694760844378,
volume,DOT-USD,2.5,2.5,84,25,59,0.2976190476190476,0.8359006134392151,-9.595766152435987,-0.11423531133852365,
volume,DOT-USD,3.0,1.5,84,33,51,0.39285714285714285,0.898744768509544,-5.1028698060178455,-0.060748450071641015,
volume,DOT-USD,3.0,2.0,84,29,55,0.34523809523809523,0.8307984012383585,-9.203908814758195,-0.10957034303283567,
volume,DOT-USD,3.0,2.5,84,28,56,0.3333333333333333,0.85958210471248,-7.778605203477356,-0.09260244289853994,
volume,DOT-USD,3.0,3.0,84,27,57,0.32142857142857145,0.7974955525852764,-11.420463135387417,-0.1359578944688978,
volume,ATOM-USD,1.0,2.0,79,34,45,0.43037974683544306,1.511111111111111,23.0,0.2911392405063291,
volume,ATOM-USD,1.0,1.5,79,37,42,0.46835443037974683,1.3214285714285714,13.5,0.17088607594936708,
volume,ATOM-USD,1.0,3.0,79,27,52,0.34177215189873417,1.5166427862078176,26.86542488280651,0.34006866940261404,
volume,ATOM-USD,1.0,2.5,79,30,49,0.379746835443038,1.530612244897959,26.0,0.3291139240506329,
volume,ATOM-USD,1.5,2.0,79,35,44,0.4430379746835443,1.5585670436788865,24.576949921871005,0.31110063192241777,
volume,ATOM-USD,1.5,1.5,79,39,40,0.4936708860759494,1.4625,18.5,0.23417721518987342,
volume,ATOM-USD,1.5,3.0,79,28,51,0.35443037974683544,1.547752692408443,27.9353873128306,0.3536124976307671,
volume,ATOM-USD,1.5,2.5,79,33,46,0.4177215189873418,1.7516728243885,34.576949921871005,0.43768291040343044,
volume,ATOM-USD,2.0,2.0,79,38,41,0.4810126582278481,1.815432010765933,33.432712441403254,0.42319889166333235,
volume,ATOM-USD,2.0,1.5,79,40,39,0.5063291139240507,1.5110951908052117,19.932712441403254,0.25231281571396524,
volume,ATOM-USD,2.0,3.0,79,26,53,0.3291139240506329,1.3031150888017322,15.95871152826783,0.20200900668693456,
volume,ATOM-USD,2.0,2.5,79,30,49,0.379746835443038,1.4176119472818505,20.316410812255288,0.25716975711715556,
volume,ATOM-USD,2.5,1.5,79,45,34,0.569620253164557,1.9513579397977234,32.346169953122605,0.409445189280033,
volume,ATOM-USD,2.5,2.0,79,38,41,0.4810126582278481,1.7932516818419535,31.483355570233286,0.3985234882308011,
volume,ATOM-USD,2.5,2.5,79,32,47,0.4050632911392405,1.4909966835981512,22.433141020846556,0.28396381039046276,
volume,ATOM-USD,2.5,3.0,79,30,49,0.379746835443038,1.4957504533309205,23.641836850322015,0.29926375759901286,
volume,ATOM-USD,3.0,1.5,79,41,38,0.5189873417721519,1.587650721518539,21.826216090106175,0.27628121633045793,
volume,ATOM-USD,3.0,2.5,79,30,49,0.379746835443038,1.2494673252385662,11.868197375268347,0.15023034652238412,
volume,ATOM-USD,3.0,2.0,79,33,46,0.4177215189873418,1.3063028826821157,13.653192386863154,0.17282522008687537,
volume,ATOM-USD,3.0,3.0,79,29,50,0.3670886075949367,1.329214190901378,15.780326618710447,0.19975096985709426,
volatility,BTC-USD,1.0,1.5,54,22,32,0.4074074074074074,1.03125,1.0,0.018518518518518517,
volatility,BTC-USD,1.0,2.0,54,16,38,0.2962962962962963,0.8421052631578947,-6.0,-0.1111111111111111,
volatility,BTC-USD,1.0,2.5,54,12,42,0.2222222222222222,0.7142857142857143,-12.0,-0.2222222222222222,
volatility,BTC-USD,1.5,3.0,54,13,41,0.24074074074074073,0.7905271452909631,-8.588387043070508,-0.1590442045013057,
volatility,BTC-USD,2.0,1.5,54,22,32,0.4074074074074074,0.9661994212209057,-1.0816185209310163,-0.020029972609833635,
volatility,BTC-USD,1.5,1.5,54,23,31,0.42592592592592593,1.0879985289936578,2.7279543988033925,0.05051767405191468,
volatility,BTC-USD,1.0,3.0,54,10,44,0.18518518518518517,0.6818181818181818,-14.0,-0.25925925925925924,
volatility,BTC-USD,1.5,2.5,54,15,39,0.2777777777777778,0.831066998895628,-6.588387043070508,-0.12200716746426866,
volatility,BTC-USD,1.5,2.0,54,18,36,0.3333333333333333,0.9229030177432959,-2.775491361241355,-0.05139798817113621,
volatility,BTC-USD,2.0,2.0,54,19,35,0.35185185185185186,0.9659631347913463,-1.1912902823028806,-0.022060931153757048,
volatility,BTC-USD,2.5,1.5,54,20,34,0.37037037037037035,0.7925578757105205,-7.053032225842306,-0.13061170788596863,
volatility,BTC-USD,2.0,2.5,54,16,38,0.2962962962962963,0.8614147298159702,-5.266240266993128,-0.09752296790728014,
volatility,BTC-USD,2.0,3.0,54,14,40,0.25925925925925924,0.7943563277718994,-8.225746889124025,-0.15232864609488936,
volatility,BTC-USD,2.5,2.0,54,17,37,0.3148148148148148,0.7618110212542026,-8.812992213594502,-0.1632035595110093,
volatility,BTC-USD,2.5,2.5,54,15,39,0.2777777777777778,0.7389590381718149,-10.180597511299222,-0.18852958354257818,
volatility,BTC-USD,2.5,3.0,54,15,39,0.2777777777777778,0.8671641663769432,-5.1805975112992195,-0.09593699094998555,
volatility,BTC-USD,3.0,2.0,54,20,34,0.37037037037037035,0.9180884826686077,-2.7849915892673334,-0.05157391831976543,
volatility,BTC-USD,3.0,1.5,54,23,31,0.42592592592592593,0.95928966070796,-1.2620205180532373,-0.02337075033431921,
volatility,BTC-USD,3.0,2.5,54,20,34,0.37037037037037035,1.1028818549187511,3.4979830672375467,0.06477746420810272,
volatility,BTC-USD,3.0,3.0,54,19,35,0.35185185185185186,1.1274561976984514,4.460966919445804,0.08261049850825562,
volatility,ETH-USD,1.0,2.0,45,19,26,0.4222222222222222,1.4615384615384615,12.0,0.26666666666666666,
volatility,ETH-USD,1.0,1.5,45,24,21,0.5333333333333333,1.7142857142857142,15.0,0.3333333333333333,
volatility,ETH-USD,1.0,2.5,45,18,27,0.4,1.6666666666666667,18.0,0.4,
volatility,ETH-USD,1.5,1.5,45,25,20,0.5555555555555556,1.875,17.5,0.3888888888888889,
volatility,ETH-USD,1.0,3.0,45,18,27,0.4,2.0,27.0,0.6,
volatility,ETH-USD,1.5,2.0,45,23,22,0.5111111111111111,2.090909090909091,24.0,0.5333333333333333,
volatility,ETH-USD,2.0,1.5,45,25,20,0.5555555555555556,1.875,17.5,0.3888888888888889,
volatility,ETH-USD,1.5,2.5,45,21,24,0.4666666666666667,2.1875,28.5,0.6333333333333333,
volatility,ETH-USD,1.5,3.0,45,19,26,0.4222222222222222,2.1923076923076925,31.0,0.6888888888888889,
volatility,ETH-USD,2.0,2.0,45,21,24,0.4666666666666667,1.75,18.0,0.4,
volatility,ETH-USD,2.0,2.5,45,19,26,0.4222222222222222,1.8269230769230769,21.5,0.4777777777777778,
volatility,ETH-USD,2.0,3.0,45,19,26,0.4222222222222222,2.1923076923076925,31.0,0.6888888888888889,
volatility,ETH-USD,2.5,2.0,45,20,25,0.4444444444444444,1.6,15.0,0.3333333333333333,
volatility,ETH-USD,2.5,1.5,45,23,22,0.5111111111111111,1.5681818181818181,12.5,0.2777777777777778,
volatility,ETH-USD,2.5,2.5,45,19,26,0.4222222222222222,1.7761513859981635,20.179936035952256,0.44844302302116124,
volatility,ETH-USD,2.5,3.0,45,15,30,0.3333333333333333,1.4251706466987744,12.755119400963235,0.283447097799183,
volatility,ETH-USD,3.0,1.5,45,23,22,0.5111111111111111,1.564101984504466,11.984893734488496,0.26633097187752214,
volatility,ETH-USD,3.0,2.0,45,21,24,0.4666666666666667,1.7306597173959133,16.984893734488494,0.3774420829886332,
volatility,ETH-USD,3.0,2.5,45,16,29,0.35555555555555557,1.2695662408565094,7.61415990195786,0.16920355337684134,
volatility,ETH-USD,3.0,3.0,45,15,30,0.3333333333333333,1.2677992279627333,7.832048137063017,0.17404551415695593,
volatility,ADA-USD,1.0,1.5,37,16,21,0.43243243243243246,1.1428571428571428,3.0,0.08108108108108109,
volatility,ADA-USD,1.0,2.0,37,14,23,0.3783783783783784,1.2173913043478262,5.0,0.13513513513513514,
volatility,ADA-USD,1.0,2.5,37,11,26,0.2972972972972973,1.0576923076923077,1.5,0.04054054054054054,
volatility,ADA-USD,1.0,3.0,37,9,28,0.24324324324324326,0.9642857142857143,-1.0,-0.02702702702702703,
volatility,ADA-USD,1.5,1.5,37,16,21,0.43243243243243246,1.1428571428571428,3.0,0.08108108108108109,
volatility,ADA-USD,1.5,2.0,37,12,25,0.32432432432432434,0.96,-1.0,-0.02702702702702703,
volatility,ADA-USD,1.5,2.5,37,9,28,0.24324324324324326,0.8035714285714286,-5.5,-0.14864864864864866,
volatility,ADA-USD,1.5,3.0,37,9,28,0.24324324324324326,0.8762693150135723,-3.4644591796199746,-0.09363403188162094,
volatility,ADA-USD,2.0,1.5,37,16,21,0.43243243243243246,1.1428571428571428,3.0,0.08108108108108109,
volatility,ADA-USD,2.0,2.0,37,13,24,0.35135135135135137,1.0833333333333333,2.0,0.05405405405405406,
volatility,ADA-USD,2.0,2.5,37,13,24,0.35135135135135137,1.2563189839702091,6.151655615285019,0.1662609625752708,
volatility,ADA-USD,2.0,3.0,37,12,25,0.32432432432432434,1.2204446477102815,5.5111161927570365,0.14894908629073073,
volatility,ADA-USD,2.5,1.5,37,14,23,0.3783783783783784,0.9130434782608695,-2.0,-0.05405405405405406,
volatility,ADA-USD,2.5,2.0,37,13,24,0.35135135135135137,1.0050551871761673,0.12132449222801522,0.003279040330486898,
volatility,ADA-USD,2.5,2.5,37,11,26,0.2972972972972973,0.8772651136232934,-3.1911070457943707,-0.08624613637282083,
volatility,ADA-USD,2.5,3.0,37,10,27,0.2702702702702703,0.881810850155764,-3.1911070457943707,-0.08624613637282083,
volatility,ADA-USD,3.0,2.0,37,13,24,0.35135135135135137,0.9659890961879181,-0.7865812384874884,-0.021258952391553742,
volatility,ADA-USD,3.0,2.5,37,11,26,0.2972972972972973,0.8891015578543028,-2.7865812384874893,-0.07531300644560782,
volatility,ADA-USD,3.0,1.5,37,14,23,0.3783783783783784,0.8933646557969463,-2.3595549568021674,-0.06377175558924777,
volatility,ADA-USD,3.0,3.0,37,10,27,0.2702702702702703,0.8164470532176145,-4.66905418246424,-0.1261906535801146,
volatility,AVAX-USD,1.0,1.5,39,15,24,0.38461538461538464,0.9375,-1.5,-0.038461538461538464,
volatility,AVAX-USD,1.0,2.0,39,15,24,0.38461538461538464,1.25,6.0,0.15384615384615385,
volatility,AVAX-USD,1.0,2.5,39,13,26,0.3333333333333333,1.25,6.5,0.16666666666666666,
volatility,AVAX-USD,1.0,3.0,39,12,27,0.3076923076923077,1.3333333333333333,9.0,0.23076923076923078,
volatility,AVAX-USD,1.5,1.5,39,13,26,0.3333333333333333,0.7734787191881933,-5.710777641647693,-0.14643019593968445,
volatility,AVAX-USD,1.5,2.0,39,12,27,0.3076923076923077,0.9156538706377458,-2.2107776416476934,-0.0566866061960947,
volatility,AVAX-USD,1.5,2.5,39,9,30,0.23076923076923078,0.7702636429617092,-6.710777641647694,-0.17207122158071012,
volatility,AVAX-USD,1.5,3.0,39,8,31,0.20512820512820512,0.7944184782226295,-6.210777641647694,-0.15925070876019728,
volatility,AVAX-USD,2.0,1.5,39,14,25,0.358974358974359,0.8692742631521174,-3.1580832312357705,-0.0809764931086095,
volatility,AVAX-USD,2.0,2.0,39,11,28,0.28205128205128205,0.7596466508941414,-6.527536259923171,-0.16737272461341465,
volatility,AVAX-USD,2.0,2.5,39,9,30,0.23076923076923078,0.7075412607784863,-8.52753625992317,-0.21865477589546592,
volatility,AVAX-USD,2.0,3.0,39,7,32,0.1794871794871795,0.5979362348142006,-12.527536259923172,-0.32121887845956854,
volatility,AVAX-USD,2.5,2.0,39,11,28,0.28205128205128205,0.7558830971519501,-6.622029007938537,-0.16979561558816764,
volatility,AVAX-USD,2.5,1.5,39,13,26,0.3333333333333333,0.7760741023431422,-5.626466584988616,-0.14426837397406708,
volatility,AVAX-USD,2.5,2.5,39,8,31,0.20512820512820512,0.5976285843631365,-12.122029007938536,-0.3108212566138086,
volatility,AVAX-USD,3.0,2.0,39,8,31,0.20512820512820512,0.49227886509433383,-14.87271630725084,-0.38135170018591896,
volatility,AVAX-USD,3.0,2.5,39,8,31,0.20512820512820512,0.6117610051055357,-11.37271630725084,-0.29160811044232926,
volatility,AVAX-USD,2.5,3.0,39,8,31,0.20512820512820512,0.7138055010993319,-8.622029007938536,-0.22107766687021888,
volatility,AVAX-USD,3.0,1.5,39,12,27,0.3076923076923077,0.6481560096145601,-9.185024173282114,-0.23551344034056704,
volatility,AVAX-USD,3.0,3.0,39,8,31,0.20512820512820512,0.7312431451167377,-7.872716307250842,-0.20186452069873953,
volatility,DOT-USD,1.0,1.5,37,16,21,0.43243243243243246,1.1428571428571428,3.0,0.08108108108108109,
volatility,DOT-USD,1.0,2.0,37,13,24,0.35135135135135137,1.0833333333333333,2.0,0.05405405405405406,
volatility,DOT-USD,1.0,2.5,37,13,24,0.35135135135135137,1.3541666666666667,8.5,0.22972972972972974,
volatility,DOT-USD,1.0,3.0,37,13,24,0.35135135135135137,1.625,15.0,0.40540540540540543,
volatility,DOT-USD,1.5,1.5,37,15,22,0.40540540540540543,1.0227272727272727,0.5,0.013513513513513514,
volatility,DOT-USD,1.5,2.0,37,14,23,0.3783783783783784,1.2173913043478262,5.0,0.13513513513513514,
volatility,DOT-USD,1.5,2.5,37,14,23,0.3783783783783784,1.4993066937484303,11.4840539562139,0.31037983665442975,
volatility,DOT-USD,1.5,3.0,37,13,24,0.35135135135135137,1.5826689148422457,13.9840539562139,0.3779474042219973,
volatility,DOT-USD,2.0,2.0,37,17,20,0.4594594594594595,1.6062069091212874,12.124138182425748,0.32767941033583103,
volatility,DOT-USD,2.0,1.5,37,17,20,0.4594594594594595,1.275,5.5,0.14864864864864866,
volatility,DOT-USD,2.0,3.0,37,14,23,0.3783783783783784,1.6153415632853458,14.152855955562956,0.3825096204206204,
volatility,DOT-USD,2.0,2.5,37,15,22,0.40540540540540543,1.5524025434346798,12.152855955562956,0.32845556636656636,
volatility,DOT-USD,2.5,2.0,37,15,22,0.40540540540540543,1.241922034747744,5.322284764450365,0.14384553417433418,
volatility,DOT-USD,2.5,1.5,37,17,20,0.4594594594594595,1.20996552729703,4.199310545940598,0.11349487962001617,
volatility,DOT-USD,2.5,2.5,37,14,23,0.3783783783783784,1.3400993375847985,7.822284764450365,0.21141310174190175,
volatility,DOT-USD,3.0,1.5,37,16,21,0.43243243243243246,1.067432958172246,1.4160921216171651,0.038272760043707166,
volatility,DOT-USD,2.5,3.0,37,14,23,0.3783783783783784,1.570219739269977,13.115054003209472,0.3544609190056614,
volatility,DOT-USD,3.0,2.5,37,14,23,0.3783783783783784,1.3085164493916477,7.095878336007891,0.19178049556778082,
volatility,DOT-USD,3.0,2.0,37,14,23,0.3783783783783784,1.076894375523564,1.768570637041972,0.047799206406539785,
volatility,DOT-USD,3.0,3.0,37,14,23,0.3783783783783784,1.4061686364608672,9.34187863859994,0.252483206448647,
volatility,ATOM-USD,1.0,1.5,35,19,16,0.5428571428571428,1.78125,12.5,0.35714285714285715,
volatility,ATOM-USD,1.0,2.5,35,11,24,0.3142857142857143,1.1458333333333333,3.5,0.1,
volatility,ATOM-USD,1.0,3.0,35,10,25,0.2857142857142857,1.2,5.0,0.14285714285714285,
volatility,ATOM-USD,1.0,2.0,35,15,20,0.42857142857142855,1.5,10.0,0.2857142857142857,
volatility,ATOM-USD,1.5,1.5,35,17,18,0.4857142857142857,1.4166666666666667,7.5,0.21428571428571427,
volatility,ATOM-USD,1.5,2.5,35,13,22,0.37142857142857144,1.4772727272727273,10.5,0.3,
volatility,ATOM-USD,1.5,2.0,35,15,20,0.42857142857142855,1.5,10.0,0.2857142857142857,
volatility,ATOM-USD,1.5,3.0,35,10,25,0.2857142857142857,1.2,5.0,0.14285714285714285,
volatility,ATOM-USD,2.0,1.5,35,19,16,0.5428571428571428,1.78125,12.5,0.35714285714285715,
volatility,ATOM-USD,2.0,2.0,35,17,18,0.4857142857142857,1.8888888888888888,16.0,0.45714285714285713,
volatility,ATOM-USD,2.0,2.5,35,12,23,0.34285714285714286,1.2009333023169428,4.621465953289687,0.13204188437970535,
volatility,ATOM-USD,2.0,3.0,35,11,24,0.3142857142857143,1.2550610813870702,6.121465953289688,0.17489902723684822,
volatility,ATOM-USD,2.5,1.5,35,18,17,0.5142857142857142,1.588235294117647,10.0,0.2857142857142857,
volatility,ATOM-USD,2.5,2.0,35,13,22,0.37142857142857144,1.0099651354087298,0.21923297899205085,0.006263799399772882,
volatility,ATOM-USD,2.5,2.5,35,12,23,0.34285714285714286,1.0964883903909588,2.219232978992051,0.06340665654263003,
volatility,ATOM-USD,2.5,3.0,35,11,24,0.3142857142857143,1.0689733928822718,1.65536142917452,0.04729604083355771,
volatility,ATOM-USD,3.0,1.5,35,15,20,0.42857142857142855,0.9841347074580021,-0.31730585083995777,-0.009065881452570222,
volatility,ATOM-USD,3.0,2.0,35,12,23,0.34285714285714286,0.8775084412678279,-2.8173058508399578,-0.08049445288114165,
volatility,ATOM-USD,3.0,2.5,35,11,24,0.3142857142857143,0.8908111607352264,-2.620532142354566,-0.07487234692441617,
volatility,ATOM-USD,3.0,3.0,35,11,24,0.3142857142857143,1.0366444940685597,0.8794678576454338,0.025127653075583824,
support_resistance,BTC-USD,1.0,1.5,69,28,41,0.4057971014492754,1.024390243902439,1.0,0.014492753623188406,
support_resistance,BTC-USD,1.0,2.0,69,24,45,0.34782608695652173,1.0666666666666667,3.0,0.043478260869565216,
support_resistance,BTC-USD,1.0,2.5,69,23,46,0.3333333333333333,1.25,11.5,0.16666666666666666,
support_resistance,BTC-USD,1.0,3.0,69,22,47,0.3188405797101449,1.4042553191489362,19.0,0.2753623188405797,
support_resistance,BTC-USD,1.5,1.5,69,30,39,0.43478260869565216,1.1538461538461537,6.0,0.08695652173913043,
support_resistance,BTC-USD,1.5,2.0,69,29,40,0.42028985507246375,1.45,18.0,0.2608695652173913,
support_resistance,BTC-USD,1.5,2.5,69,24,45,0.34782608695652173,1.3333333333333333,15.0,0.21739130434782608,
support_resistance,BTC-USD,1.5,3.0,69,23,46,0.3333333333333333,1.5,23.0,0.3333333333333333,
support_resistance,BTC-USD,2.0,1.5,69,29,40,0.42028985507246375,1.0875,3.5,0.050724637681159424,
support_resistance,BTC-USD,2.0,2.0,69,25,44,0.36231884057971014,1.1363636363636365,6.0,0.08695652173913043,
support_resistance,BTC-USD,2.0,2.5,69,22,47,0.3188405797101449,1.1702127659574468,8.0,0.11594202898550725,
support_resistance,BTC-USD,2.0,3.0,69,18,51,0.2608695652173913,1.0588235294117647,3.0,0.043478260869565216,
support_resistance,BTC-USD,2.5,1.5,69,29,40,0.42028985507246375,1.0875,3.5,0.050724637681159424,
support_resistance,BTC-USD,2.5,2.0,69,26,43,0.37681159420289856,1.2093023255813953,9.0,0.13043478260869565,
support_resistance,BTC-USD,2.5,2.5,69,20,49,0.2898550724637681,1.040128284846398,1.9290065192450783,0.027956616220943163,
support_resistance,BTC-USD,2.5,3.0,69,18,51,0.2608695652173913,1.0784687150406795,3.9290065192450783,0.05694212346731997,
support_resistance,BTC-USD,3.0,1.5,69,31,38,0.4492753623188406,1.2425599556032032,9.077258513512541,0.13155447121032668,
support_resistance,BTC-USD,3.0,2.0,69,24,45,0.34782608695652173,1.0882458408148898,3.892319364108845,0.056410425566794854,
support_resistance,BTC-USD,3.0,2.5,69,21,48,0.30434782608695654,1.1180829537925518,5.451517055265976,0.07900749355457935,
support_resistance,BTC-USD,3.0,3.0,69,19,50,0.2753623188405797,1.0840231458508631,3.988050260844851,0.05779782986731668,
support_resistance,ETH-USD,1.0,1.5,68,22,46,0.3235294117647059,0.717391304347826,-13.0,-0.19117647058823528,
support_resistance,ETH-USD,1.0,2.0,68,17,51,0.25,0.6666666666666666,-17.0,-0.25,
support_resistance,ETH-USD,1.0,2.5,68,15,53,0.22058823529411764,0.7075471698113207,-15.5,-0.22794117647058823,
support_resistance,ETH-USD,1.0,3.0,68,15,53,0.22058823529411764,0.8490566037735849,-8.0,-0.11764705882352941,
support_resistance,ETH-USD,1.5,1.5,68,23,45,0.3382352941176471,0.7666666666666667,-10.5,-0.15441176470588236,
support_resistance,ETH-USD,1.5,2.0,68,21,47,0.3088235294117647,0.8710380212039474,-6.061213003414473,-0.08913548534433048,
support_resistance,ETH-USD,1.5,2.5,68,16,52,0.23529411764705882,0.7392074422420294,-13.561213003414473,-0.19942960299138932,
support_resistance,ETH-USD,1.5,3.0,68,15,53,0.22058823529411764,0.8101657923884061,-10.061213003414473,-0.1479590147560952,
support_resistance,ETH-USD,2.0,1.5,68,25,43,0.36764705882352944,0.8535834941264918,-6.2959097525608545,-0.09258690812589492,
support_resistance,ETH-USD,2.0,2.0,68,19,49,0.27941176470588236,0.7490630662742683,-12.295909752560854,-0.18082220224354198,
support_resistance,ETH-USD,2.0,2.5,68,14,54,0.20588235294117646,0.614890560137762,-20.795909752560853,-0.30582220224354195,
support_resistance,ETH-USD,2.0,3.0,68,14,54,0.20588235294117646,0.7352609305081323,-14.295909752560853,-0.2102339669494243,
support_resistance,ETH-USD,2.5,1.5,68,21,47,0.3088235294117647,0.6502823871904535,-16.436727802048683,-0.24171658532424534,
support_resistance,ETH-USD,2.5,2.0,68,17,51,0.25,0.6498035831341222,-17.549212625374324,-0.25807665625550474,
support_resistance,ETH-USD,2.5,2.5,68,17,51,0.25,0.8029337788815349,-9.875478014989216,-0.14522761786748847,
support_resistance,ETH-USD,2.5,3.0,68,16,52,0.23529411764705882,0.8775202315539149,-6.167496171903991,-0.09069847311623516,
support_resistance,ETH-USD,3.0,1.5,68,24,44,0.35294117647058826,0.7617799939105694,-10.481680267934944,-0.15414235688139624,
support_resistance,ETH-USD,3.0,2.0,68,21,47,0.3088235294117647,0.7645264735475851,-10.85385488182847,-0.15961551296806573,
support_resistance,ETH-USD,3.0,2.5,68,20,48,0.29411764705882354,0.866026831090904,-6.202424503936529,-0.09121212505789013,
support_resistance,ETH-USD,3.0,3.0,68,19,49,0.27941176470588236,0.8924306696234964,-5.087601198190086,-0.07481766467926597,
support_resistance,ADA-USD,1.0,1.5,54,23,31,0.42592592592592593,1.1129032258064515,3.5,0.06481481481481481,
support_resistance,ADA-USD,1.0,2.0,54,20,34,0.37037037037037035,1.1764705882352942,6.0,0.1111111111111111,
support_resistance,ADA-USD,1.0,2.5,54,17,37,0.3148148148148148,1.1486486486486487,5.5,0.10185185185185185,
support_resistance,ADA-USD,1.0,3.0,54,15,39,0.2777777777777778,1.1538461538461537,6.0,0.1111111111111111,
support_resistance,ADA-USD,1.5,1.5,54,24,30,0.4444444444444444,1.2,6.0,0.1111111111111111,
support_resistance,ADA-USD,1.5,2.0,54,19,35,0.35185185185185186,1.0857142857142856,3.0,0.05555555555555555,
support_resistance,ADA-USD,1.5,2.5,54,17,37,0.3148148148148148,1.1486486486486487,5.5,0.10185185185185185,
support_resistance,ADA-USD,1.5,3.0,54,14,40,0.25925925925925924,0.9958793167709512,-0.16482732916195264,-0.0030523579474435675,
support_resistance,ADA-USD,2.0,1.5,54,22,32,0.4074074074074074,1.03125,1.0,0.018518518518518517,
support_resistance,ADA-USD,2.0,2.0,54,20,34,0.37037037037037035,1.1764705882352942,6.0,0.1111111111111111,
support_resistance,ADA-USD,2.0,2.5,54,15,39,0.2777777777777778,0.913496910336629,-3.3736204968714647,-0.06247445364576786,
support_resistance,ADA-USD,2.0,3.0,54,15,39,0.2777777777777778,1.0929840898238086,3.626379503128536,0.06715517598386178,
support_resistance,ADA-USD,2.5,1.5,54,20,34,0.37037037037037035,0.8823529411764706,-4.0,-0.07407407407407407,
support_resistance,ADA-USD,2.5,2.0,54,15,39,0.2777777777777778,0.7307975282693032,-10.498896397497171,-0.19442400736105872,
support_resistance,ADA-USD,2.5,2.5,54,15,39,0.2777777777777778,0.9102847077564826,-3.498896397497172,-0.06479437773142911,
support_resistance,ADA-USD,2.5,3.0,54,13,41,0.24074074074074073,0.8902708195732396,-4.498896397497171,-0.08331289624994762,
support_resistance,ADA-USD,3.0,1.5,54,21,33,0.3888888888888889,0.9217450404672431,-2.582413664580976,-0.047822475270018074,
support_resistance,ADA-USD,3.0,2.0,54,18,36,0.3333333333333333,0.9291880640649737,-2.549229693660944,-0.047207957290017484,
support_resistance,ADA-USD,3.0,2.5,54,16,38,0.2962962962962963,0.95700085827775,-1.6127970260406623,-0.0298666115933456,
support_resistance,ADA-USD,3.0,3.0,54,14,40,0.25925925925925924,0.8704636584267287,-5.05986770504765,-0.09370125379717871,
support_resistance,AVAX-USD,1.0,1.5,62,22,40,0.3548387096774194,0.825,-7.0,-0.11290322580645161,
support_resistance,AVAX-USD,1.0,2.0,62,18,44,0.2903225806451613,0.8181818181818182,-8.0,-0.12903225806451613,
support_resistance,AVAX-USD,1.0,2.5,62,17,45,0.27419354838709675,0.9444444444444444,-2.5,-0.04032258064516129,
support_resistance,AVAX-USD,1.0,3.0,62,15,47,0.24193548387096775,0.9574468085106383,-2.0,-0.03225806451612903,
support_resistance,AVAX-USD,1.5,1.5,62,22,40,0.3548387096774194,0.825,-7.0,-0.11290322580645161,
support_resistance,AVAX-USD,1.5,2.0,62,20,42,0.3225806451612903,0.9523809523809523,-2.0,-0.03225806451612903,
support_resistance,AVAX-USD,1.5,2.5,62,17,45,0.27419354838709675,0.9444444444444444,-2.5,-0.04032258064516129,
support_resistance,AVAX-USD,1.5,3.0,62,14,48,0.22580645161290322,0.875,-6.0,-0.0967741935483871,
support_resistance,AVAX-USD,2.0,1.5,62,23,39,0.3709677419354839,0.8846153846153846,-4.5,-0.07258064516129033,
support_resistance,AVAX-USD,2.0,2.0,62,19,43,0.3064516129032258,0.8837209302325582,-5.0,-0.08064516129032258,
support_resistance,AVAX-USD,2.0,2.5,62,15,47,0.24193548387096775,0.8076986570871935,-8.928206449217559,-0.14400332982608965,
support_resistance,AVAX-USD,2.0,3.0,62,15,47,0.24193548387096775,0.9080218463715116,-4.270380705481303,-0.06887710815292424,
support_resistance,AVAX-USD,2.5,1.5,62,23,39,0.3709677419354839,0.8846153846153846,-4.5,-0.07258064516129033,
support_resistance,AVAX-USD,2.5,2.0,62,19,43,0.3064516129032258,0.870637110534964,-5.477556576378193,-0.08834768671577731,
support_resistance,AVAX-USD,2.5,2.5,62,18,44,0.2903225806451613,0.9457508808548067,-2.351295981389187,-0.037924128732083666,
support_resistance,AVAX-USD,2.5,3.0,62,18,44,0.2903225806451613,0.9937574466025804,-0.2705682773885334,-0.0043640044740086035,
support_resistance,AVAX-USD,3.0,1.5,62,23,39,0.3709677419354839,0.8807738192811692,-4.56463048031516,-0.07362307226314775,
support_resistance,AVAX-USD,3.0,2.0,62,20,42,0.3225806451612903,0.8919858920470801,-4.459413317824324,-0.07192602125523102,
support_resistance,AVAX-USD,3.0,2.5,62,20,42,0.3225806451612903,0.9905017377304797,-0.3921402311571107,-0.006324842438017915,
support_resistance,AVAX-USD,3.0,3.0,62,18,44,0.2903225806451613,0.9793893837529252,-0.8921402311571125,-0.014389358567050202,
support_resistance,DOT-USD,1.0,1.5,62,20,42,0.3225806451612903,0.7142857142857143,-12.0,-0.1935483870967742,
support_resistance,DOT-USD,1.0,2.0,62,17,45,0.27419354838709675,0.7555555555555555,-11.0,-0.1774193548387097,
support_resistance,DOT-USD,1.0,2.5,62,17,45,0.27419354838709675,0.9444444444444444,-2.5,-0.04032258064516129,
support_resistance,DOT-USD,1.0,3.0,62,11,51,0.1774193548387097,0.6470588235294118,-18.0,-0.2903225806451613,
support_resistance,DOT-USD,1.5,1.5,62,24,38,0.3870967741935484,0.9473684210526315,-2.0,-0.03225806451612903,
support_resistance,DOT-USD,1.5,2.0,62,18,44,0.2903225806451613,0.8181818181818182,-8.0,-0.12903225806451613,
support_resistance,DOT-USD,1.5,2.5,62,16,46,0.25806451612903225,0.8695652173913043,-6.0,-0.0967741935483871,
support_resistance,DOT-USD,1.5,3.0,62,15,47,0.24193548387096775,0.9170398240680581,-3.899128268801272,-0.06288916562582697,
support_resistance,DOT-USD,2.0,1.5,62,21,41,0.3387096774193548,0.7682926829268293,-9.5,-0.1532258064516129,
support_resistance,DOT-USD,2.0,2.0,62,18,44,0.2903225806451613,0.8181818181818182,-8.0,-0.12903225806451613,
support_resistance,DOT-USD,2.0,3.0,62,14,48,0.22580645161290322,0.7916158283365226,-10.00244023984692,-0.16132968128785355,
support_resistance,DOT-USD,2.0,2.5,62,16,46,0.25806451612903225,0.8331663869217184,-7.6743462016009545,-0.12377977744517668,
support_resistance,DOT-USD,2.5,1.5,62,22,40,0.3548387096774194,0.839459214007567,-6.31102244081454,-0.10179068452926678,
support_resistance,DOT-USD,2.5,2.0,62,18,44,0.2903225806451613,0.8002702565168854,-8.650499402095303,-0.13952418390476296,
support_resistance,DOT-USD,2.5,2.5,62,17,45,0.27419354838709675,0.8352237787226865,-7.301402838731654,-0.11776456191502668,
support_resistance,DOT-USD,2.5,3.0,62,17,45,0.27419354838709675,0.8309895470448205,-7.4890259736291895,-0.12079074151014822,
support_resistance,DOT-USD,3.0,1.5,62,21,41,0.3387096774193548,0.7754579335849303,-8.84620261402153,-0.1426806873229279,
support_resistance,DOT-USD,3.0,2.0,62,19,43,0.3064516129032258,0.8534921627552472,-6.064931972852172,-0.09782148343309954,
support_resistance,DOT-USD,3.0,2.5,62,19,43,0.3064516129032258,0.8358415415309977,-6.795608358613151,-0.10960658642924438,
support_resistance,DOT-USD,3.0,3.0,62,17,45,0.27419354838709675,0.7381043922918957,-11.365389007109213,-0.18331272592111633,
support_resistance,ATOM-USD,1.0,1.5,66,24,42,0.36363636363636365,0.8571428571428571,-6.0,-0.09090909090909091,
support_resistance,ATOM-USD,1.0,2.5,66,19,47,0.2878787878787879,1.0106382978723405,0.5,0.007575757575757576,
support_resistance,ATOM-USD,1.0,2.0,66,21,45,0.3181818181818182,0.9333333333333333,-3.0,-0.045454545454545456,
support_resistance,ATOM-USD,1.0,3.0,66,18,48,0.2727272727272727,1.125,6.0,0.09090909090909091,
support_resistance,ATOM-USD,1.5,1.5,66,27,39,0.4090909090909091,1.0384615384615385,1.5,0.022727272727272728,
support_resistance,ATOM-USD,1.5,2.0,66,25,41,0.3787878787878788,1.2195121951219512,9.0,0.13636363636363635,
support_resistance,ATOM-USD,1.5,2.5,66,21,45,0.3181818181818182,1.1666666666666667,7.5,0.11363636363636363,
support_resistance,ATOM-USD,2.0,1.5,66,28,38,0.42424242424242425,1.105263157894737,4.0,0.06060606060606061,
support_resistance,ATOM-USD,1.5,3.0,66,19,47,0.2878787878787879,1.2127659574468086,10.0,0.15151515151515152,
support_resistance,ATOM-USD,2.0,2.0,66,25,41,0.3787878787878788,1.2195121951219512,9.0,0.13636363636363635,
support_resistance,ATOM-USD,2.0,2.5,66,22,44,0.3333333333333333,1.2088559353427033,9.189661155078944,0.13923729022846887,
support_resistance,ATOM-USD,2.0,3.0,66,21,45,0.3181818181818182,1.3145533848369233,14.154902317661556,0.214468216934266,
support_resistance,ATOM-USD,2.5,1.5,66,28,38,0.42424242424242425,1.139039135035343,5.126815657043437,0.07767902510671874,
support_resistance,ATOM-USD,2.5,2.0,66,25,41,0.3787878787878788,1.179715810887494,7.165841656860977,0.10857335843728752,
support_resistance,ATOM-USD,2.5,2.5,66,23,43,0.3484848484848485,1.2468891427567297,10.338034586927066,0.15663688768071313,
harmonic,BTC-USD,1.0,1.5,40,12,28,0.3,0.6428571428571429,-10.0,-0.25,
harmonic,BTC-USD,1.0,2.0,40,11,29,0.275,0.7586206896551724,-7.0,-0.175,
harmonic,BTC-USD,1.0,2.5,40,10,30,0.25,0.8333333333333334,-5.0,-0.125,
harmonic,BTC-USD,1.0,3.0,40,9,31,0.225,0.8709677419354839,-4.0,-0.1,
harmonic,BTC-USD,1.5,1.5,40,15,25,0.375,0.9,-2.5,-0.0625,
support_resistance,ATOM-USD,2.5,3.0,66,22,44,0.3333333333333333,1.3564635779969283,15.282728691012181,0.2315564953183664,
support_resistance,ATOM-USD,3.0,1.5,66,29,37,0.4393939393939394,1.217544271552941,7.77234638086953,0.11776282395256864,
support_resistance,ATOM-USD,3.0,2.0,66,27,39,0.4090909090909091,1.3211180039114887,12.115028822439223,0.18356104276423066,
support_resistance,ATOM-USD,3.0,2.5,66,24,42,0.36363636363636365,1.259433714203191,10.566126449192053,0.16009282498775837,
support_resistance,ATOM-USD,3.0,3.0,66,24,42,0.36363636363636365,1.3694009484694774,15.044833875843137,0.2279520284218657,
harmonic,BTC-USD,1.5,2.0,40,14,26,0.35,1.0769230769230769,2.0,0.05,
harmonic,BTC-USD,2.0,1.5,40,14,26,0.35,0.8076923076923077,-5.0,-0.125,
harmonic,BTC-USD,1.5,3.0,40,11,29,0.275,1.1379310344827587,4.0,0.1,
harmonic,BTC-USD,1.5,2.5,40,11,29,0.275,0.9482758620689655,-1.5,-0.0375,
harmonic,BTC-USD,2.0,2.0,40,11,29,0.275,0.7586206896551724,-7.0,-0.175,
harmonic,BTC-USD,2.0,3.0,40,8,32,0.2,0.5861799945697368,-13.24224017376842,-0.3310560043442105,
harmonic,BTC-USD,2.0,2.5,40,10,30,0.25,0.8333333333333334,-5.0,-0.125,
harmonic,BTC-USD,2.5,1.5,40,12,28,0.3,0.6598532834296343,-9.278791288941868,-0.2319697822235467,
harmonic,BTC-USD,2.5,2.0,40,11,29,0.275,0.7779681873674309,-6.278791288941868,-0.15696978222354668,
harmonic,BTC-USD,2.5,2.5,40,9,31,0.225,0.597983178661357,-12.172583427956603,-0.30431458569891506,
harmonic,BTC-USD,2.5,3.0,40,9,31,0.225,0.7135756396219184,-8.672583427956603,-0.21681458569891507,
harmonic,BTC-USD,3.0,2.0,40,13,27,0.325,0.7986035960445523,-5.283096138714137,-0.1320774034678534,
harmonic,BTC-USD,3.0,1.5,40,16,24,0.4,1.014882746547452,0.34576082066886027,0.008644020516721506,
harmonic,BTC-USD,3.0,2.5,40,13,27,0.325,0.9701476667947199,-0.7830961387141375,-0.019577403467853437,
harmonic,BTC-USD,3.0,3.0,40,11,29,0.275,0.8482910643823772,-4.283096138714137,-0.10707740346785341,
harmonic,ETH-USD,1.0,1.5,32,17,15,0.53125,1.7,10.5,0.328125,
harmonic,ETH-USD,1.0,2.5,32,10,22,0.3125,1.1363636363636365,3.0,0.09375,
harmonic,ETH-USD,1.0,2.0,32,14,18,0.4375,1.5555555555555556,10.0,0.3125,
harmonic,ETH-USD,1.0,3.0,32,9,23,0.28125,1.173913043478261,4.0,0.125,
harmonic,ETH-USD,1.5,1.5,32,16,16,0.5,1.5,8.0,0.25,
harmonic,ETH-USD,1.5,3.0,32,10,22,0.3125,1.3636363636363635,8.0,0.25,
harmonic,ETH-USD,1.5,2.0,32,12,20,0.375,1.2,4.0,0.125,
harmonic,ETH-USD,2.0,1.5,32,14,18,0.4375,1.1666666666666667,3.0,0.09375,
harmonic,ETH-USD,1.5,2.5,32,10,22,0.3125,1.1363636363636365,3.0,0.09375,
harmonic,ETH-USD,2.0,2.0,32,12,20,0.375,1.2,4.0,0.125,
harmonic,ETH-USD,2.0,3.0,32,10,22,0.3125,1.3636363636363635,8.0,0.25,
harmonic,ETH-USD,2.5,2.5,32,12,20,0.375,1.5,10.0,0.3125,
harmonic,ETH-USD,2.0,2.5,32,11,21,0.34375,1.3095238095238095,6.5,0.203125,
harmonic,ETH-USD,2.5,1.5,32,14,18,0.4375,1.1666666666666667,3.0,0.09375,
harmonic,ETH-USD,2.5,2.0,32,13,19,0.40625,1.368421052631579,7.0,0.21875,
harmonic,ETH-USD,2.5,3.0,32,12,20,0.375,1.5862988847909079,11.725977695818163,0.3664368029943176,
harmonic,ETH-USD,3.0,1.5,32,15,17,0.46875,1.3235294117647058,5.5,0.171875,
harmonic,ETH-USD,3.0,2.0,32,13,19,0.40625,1.368421052631579,7.0,0.21875,
harmonic,ETH-USD,3.0,2.5,32,13,19,0.40625,1.5230691971850072,9.938314746515134,0.31057233582859795,
harmonic,ETH-USD,3.0,3.0,32,13,19,0.40625,1.4182421698393481,7.946601226947607,0.2483312883421127,
harmonic,ADA-USD,1.0,1.5,29,13,16,0.4482758620689655,1.21875,3.5,0.1206896551724138,
harmonic,ADA-USD,1.0,2.5,29,6,23,0.20689655172413793,0.6521739130434783,-8.0,-0.27586206896551724,
harmonic,ADA-USD,1.0,2.0,29,11,18,0.3793103448275862,1.2222222222222223,4.0,0.13793103448275862,
harmonic,ADA-USD,1.0,3.0,29,5,24,0.1724137931034483,0.625,-9.0,-0.3103448275862069,
harmonic,ADA-USD,1.5,1.5,29,10,19,0.3448275862068966,0.7894736842105263,-4.0,-0.13793103448275862,
harmonic,ADA-USD,1.5,2.0,29,7,22,0.2413793103448276,0.6363636363636364,-8.0,-0.27586206896551724,
harmonic,ADA-USD,2.0,1.5,29,9,20,0.3103448275862069,0.675,-6.5,-0.22413793103448276,
harmonic,ADA-USD,1.5,3.0,29,5,24,0.1724137931034483,0.625,-9.0,-0.3103448275862069,
harmonic,ADA-USD,1.5,2.5,29,6,23,0.20689655172413793,0.6521739130434783,-8.0,-0.27586206896551724,
harmonic,ADA-USD,2.0,2.0,29,8,21,0.27586206896551724,0.6914182648732277,-6.480216437662218,-0.22345573922973166,
harmonic,ADA-USD,2.0,2.5,29,6,23,0.20689655172413793,0.5660775461885992,-9.980216437662218,-0.3441453944021454,
harmonic,ADA-USD,2.0,3.0,29,5,24,0.1724137931034483,0.5216576484307409,-11.480216437662218,-0.39586953233317995,
harmonic,ADA-USD,2.5,1.5,29,9,20,0.3103448275862069,0.675,-6.5,-0.22413793103448276,
harmonic,ADA-USD,2.5,2.0,29,7,22,0.2413793103448276,0.564355765903192,-9.584173150129775,-0.3304887293148198,
harmonic,ADA-USD,2.5,2.5,29,6,23,0.20689655172413793,0.5615576891247924,-10.084173150129775,-0.3477301086251647,
harmonic,ADA-USD,2.5,3.0,29,6,23,0.20689655172413793,0.6435823151882499,-8.197606750670252,-0.28267609485069833,
harmonic,ADA-USD,3.0,1.5,29,8,21,0.27586206896551724,0.5165010654710407,-10.153477625108145,-0.3501199181071774,
harmonic,ADA-USD,3.0,2.5,29,6,23,0.20689655172413793,0.5363185959902083,-10.664672292225209,-0.36774732042155894,
harmonic,ADA-USD,3.0,2.0,29,6,23,0.20689655172413793,0.4498487989083415,-12.653477625108145,-0.43632681465890155,
harmonic,ADA-USD,3.0,3.0,29,6,23,0.20689655172413793,0.6232751177293387,-8.664672292225209,-0.2987818031801796,
harmonic,AVAX-USD,1.0,1.5,30,13,17,0.43333333333333335,1.1470588235294117,2.5,0.08333333333333333,
harmonic,AVAX-USD,1.0,3.0,30,10,20,0.3333333333333333,1.5,10.0,0.3333333333333333,
harmonic,AVAX-USD,1.0,2.0,30,13,17,0.43333333333333335,1.5294117647058822,9.0,0.3,
harmonic,AVAX-USD,1.5,1.5,30,14,16,0.4666666666666667,1.3125,5.0,0.16666666666666666,
harmonic,AVAX-USD,1.0,2.5,30,12,18,0.4,1.6666666666666667,12.0,0.4,
harmonic,AVAX-USD,1.5,2.0,30,11,19,0.36666666666666664,1.1578947368421053,3.0,0.1,
harmonic,AVAX-USD,1.5,2.5,30,9,21,0.3,1.0714285714285714,1.5,0.05,
harmonic,AVAX-USD,1.5,3.0,30,9,21,0.3,1.2857142857142858,6.0,0.2,
harmonic,AVAX-USD,2.0,1.5,30,13,17,0.43333333333333335,1.1470588235294117,2.5,0.08333333333333333,
harmonic,AVAX-USD,2.0,2.0,30,10,20,0.3333333333333333,1.0,0.0,0.0,
harmonic,AVAX-USD,2.0,3.0,30,9,21,0.3,1.083074193531439,1.7445580641602163,0.05815193547200721,
harmonic,AVAX-USD,2.0,2.5,30,10,20,0.3333333333333333,1.1384961950266475,2.769923900532948,0.0923307966844316,
harmonic,AVAX-USD,2.5,2.0,30,13,17,0.43333333333333335,1.4244670070839034,7.215939120426358,0.24053130401421194,
harmonic,AVAX-USD,2.5,1.5,30,13,17,0.43333333333333335,1.1470588235294117,2.5,0.08333333333333333,
harmonic,AVAX-USD,2.5,2.5,30,12,18,0.4,1.4409366131405457,7.93685903652982,0.26456196788432734,
harmonic,AVAX-USD,2.5,3.0,30,11,19,0.36666666666666664,1.502752109057774,9.179117875392643,0.30597059584642144,
harmonic,AVAX-USD,3.0,1.5,30,14,16,0.4666666666666667,1.3125,5.0,0.16666666666666666,
harmonic,AVAX-USD,3.0,2.0,30,13,17,0.43333333333333335,1.3449440704181284,5.8640491971081845,0.1954683065702728,
harmonic,AVAX-USD,3.0,2.5,30,12,18,0.4,1.4733875692948373,8.149264896160538,0.2716421632053513,
harmonic,AVAX-USD,3.0,3.0,30,12,18,0.4,1.4612804609459873,7.940843637426876,0.2646947879142292,
harmonic,DOT-USD,1.0,1.5,32,12,20,0.375,0.9,-2.0,-0.0625,
harmonic,DOT-USD,1.0,2.0,32,11,21,0.34375,1.0476190476190477,1.0,0.03125,
harmonic,DOT-USD,1.0,2.5,32,11,21,0.34375,1.3095238095238095,6.5,0.203125,
harmonic,DOT-USD,1.0,3.0,32,11,21,0.34375,1.5714285714285714,12.0,0.375,
harmonic,DOT-USD,1.5,1.5,32,14,18,0.4375,1.1666666666666667,3.0,0.09375,
harmonic,DOT-USD,1.5,2.0,32,13,19,0.40625,1.368421052631579,7.0,0.21875,
harmonic,DOT-USD,1.5,2.5,32,13,19,0.40625,1.650171450043927,12.353257550834616,0.38603929846358176,
harmonic,DOT-USD,1.5,3.0,32,9,23,0.28125,1.1023155456884617,2.3532575508346163,0.07353929846358176,
harmonic,DOT-USD,2.0,1.5,32,14,18,0.4375,1.1666666666666667,3.0,0.09375,
harmonic,DOT-USD,2.0,2.0,32,13,19,0.40625,1.316575955953998,6.014943163125962,0.18796697384768632,
harmonic,DOT-USD,2.0,2.5,32,9,23,0.28125,0.9136931810054767,-1.9850568368740378,-0.06203302615231368,
harmonic,DOT-USD,2.0,3.0,32,8,24,0.25,0.8604377868313392,-3.3494931160478636,-0.10467165987649574,
harmonic,DOT-USD,2.5,1.5,32,14,18,0.4375,1.1284419183611538,2.3119545305007696,0.07224857907814905,
harmonic,DOT-USD,2.5,2.0,32,9,23,0.28125,0.7309545448043814,-6.1880454694992295,-0.19337642092185092,
harmonic,DOT-USD,2.5,2.5,32,9,23,0.28125,0.8530611090070309,-3.37959449283829,-0.10561232790119657,
harmonic,DOT-USD,2.5,3.0,32,9,23,0.28125,1.005235022050509,0.12040550716170983,0.0037626720988034323,
harmonic,DOT-USD,3.0,1.5,32,10,22,0.3125,0.6443922170644231,-7.823371224582692,-0.24448035076820912,
harmonic,DOT-USD,3.0,2.0,32,9,23,0.28125,0.6855219386652793,-7.2329954106985745,-0.22603110658433045,
harmonic,DOT-USD,3.0,2.5,32,9,23,0.28125,0.8376958517087576,-3.7329954106985754,-0.11665610658433048,
harmonic,DOT-USD,3.0,3.0,32,9,23,0.28125,0.9898697647522359,-0.23299541069857543,-0.007281106584330482,
harmonic,ATOM-USD,1.0,1.5,17,8,9,0.47058823529411764,1.3333333333333333,3.0,0.17647058823529413,
harmonic,ATOM-USD,1.0,2.0,17,5,12,0.29411764705882354,0.8333333333333334,-2.0,-0.11764705882352941,
harmonic,ATOM-USD,1.0,2.5,17,4,13,0.23529411764705882,0.7692307692307693,-3.0,-0.17647058823529413,
harmonic,ATOM-USD,1.0,3.0,17,4,13,0.23529411764705882,0.9230769230769231,-1.0,-0.058823529411764705,
harmonic,ATOM-USD,1.5,1.5,17,5,12,0.29411764705882354,0.625,-4.5,-0.2647058823529412,
harmonic,ATOM-USD,1.5,2.0,17,5,12,0.29411764705882354,0.8333333333333334,-2.0,-0.11764705882352941,
elliott_wave,BTC-USD,1.0,1.5,99,36,63,0.36363636363636365,0.8571428571428571,-9.0,-0.09090909090909091,
elliott_wave,BTC-USD,1.0,2.0,99,32,67,0.32323232323232326,0.9552238805970149,-3.0,-0.030303030303030304,
elliott_wave,BTC-USD,1.0,2.5,99,27,72,0.2727272727272727,0.9375,-4.5,-0.045454545454545456,
harmonic,ATOM-USD,1.5,2.5,17,5,12,0.29411764705882354,1.0416666666666667,0.5,0.029411764705882353,
elliott_wave,BTC-USD,1.0,3.0,99,23,76,0.23232323232323232,0.9078947368421053,-7.0,-0.0707070707070707,
elliott_wave,BTC-USD,1.5,1.5,99,34,65,0.3434343434343434,0.7846153846153846,-14.0,-0.1414141414141414,
elliott_wave,BTC-USD,1.5,2.0,99,26,73,0.26262626262626265,0.7123287671232876,-21.0,-0.21212121212121213,
elliott_wave,BTC-USD,1.5,2.5,99,22,77,0.2222222222222222,0.7142857142857143,-22.0,-0.2222222222222222,
elliott_wave,BTC-USD,1.5,3.0,99,22,77,0.2222222222222222,0.8571428571428571,-11.0,-0.1111111111111111,
elliott_wave,BTC-USD,2.0,1.5,99,35,64,0.35353535353535354,0.8203125,-11.5,-0.11616161616161616,
elliott_wave,BTC-USD,2.0,2.5,99,26,73,0.26262626262626265,0.8904109589041096,-8.0,-0.08080808080808081,
harmonic,ATOM-USD,1.5,3.0,17,4,13,0.23529411764705882,0.9230769230769231,-1.0,-0.058823529411764705,
elliott_wave,BTC-USD,2.0,2.0,99,30,69,0.30303030303030304,0.8695652173913043,-9.0,-0.09090909090909091,
elliott_wave,BTC-USD,2.5,1.5,99,37,62,0.37373737373737376,0.8951612903225806,-6.5,-0.06565656565656566,
elliott_wave,BTC-USD,2.0,3.0,99,25,74,0.25252525252525254,1.0066937444560222,0.4953370897456466,0.005003404946925723,
elliott_wave,BTC-USD,2.5,2.0,99,32,67,0.32323232323232326,0.9318985620195441,-4.562796344690543,-0.04608885196657114,
elliott_wave,BTC-USD,2.5,3.0,99,25,74,0.25252525252525254,0.9046666927574483,-6.925689828978857,-0.06995646291897836,
elliott_wave,BTC-USD,2.5,2.5,99,31,68,0.31313131313131315,1.088545245493485,6.0210766935569815,0.06081895650057557,
elliott_wave,BTC-USD,3.0,1.5,99,34,65,0.3434343434343434,0.7846153846153846,-14.0,-0.1414141414141414,
elliott_wave,BTC-USD,3.0,2.5,99,26,73,0.26262626262626265,0.8005094331772988,-14.271408190815714,-0.1441556382910678,
elliott_wave,BTC-USD,3.0,2.0,99,32,67,0.32323232323232326,0.9257894692426116,-4.972105560745021,-0.05022328849237395,
elliott_wave,BTC-USD,3.0,3.0,99,25,74,0.25252525252525254,0.8654027586113859,-9.763584735929518,-0.0986220680396921,
harmonic,ATOM-USD,2.0,1.5,17,7,10,0.4117647058823529,1.05,0.5,0.029411764705882353,
elliott_wave,ETH-USD,1.0,1.5,99,47,52,0.47474747474747475,1.3557692307692308,18.5,0.18686868686868688,
elliott_wave,ETH-USD,1.0,2.0,99,43,56,0.43434343434343436,1.5357142857142858,30.0,0.30303030303030304,
harmonic,ATOM-USD,2.0,2.0,17,7,10,0.4117647058823529,1.4,4.0,0.23529411764705882,
elliott_wave,ETH-USD,1.0,2.5,99,40,59,0.40404040404040403,1.694915254237288,41.0,0.41414141414141414,
elliott_wave,ETH-USD,1.0,3.0,99,35,64,0.35353535353535354,1.640625,41.0,0.41414141414141414,
elliott_wave,ETH-USD,1.5,1.5,99,49,50,0.494949494949495,1.47,23.5,0.23737373737373738,
elliott_wave,ETH-USD,1.5,2.0,99,41,58,0.41414141414141414,1.4137931034482758,24.0,0.24242424242424243,
elliott_wave,ETH-USD,1.5,2.5,99,35,64,0.35353535353535354,1.3671875,23.5,0.23737373737373738,
elliott_wave,ETH-USD,1.5,3.0,99,32,67,0.32323232323232326,1.4134449776361677,27.700813501623244,0.2798061969860934,
elliott_wave,ETH-USD,2.0,1.5,99,46,53,0.46464646464646464,1.3018867924528301,16.0,0.16161616161616163,
elliott_wave,ETH-USD,2.0,2.0,99,41,58,0.41414141414141414,1.4137931034482758,24.0,0.24242424242424243,
elliott_wave,ETH-USD,2.0,2.5,99,38,61,0.3838383838383838,1.5373050840363514,32.77561012621744,0.3310667689516913,
elliott_wave,ETH-USD,2.0,3.0,99,35,64,0.35353535353535354,1.6016216725134802,38.50378704086273,0.3889271418268963,
elliott_wave,ETH-USD,2.5,1.5,99,45,54,0.45454545454545453,1.273036760604732,14.477179223060766,0.14623413356627035,
elliott_wave,ETH-USD,2.5,2.0,99,42,57,0.42424242424242425,1.4819048193151283,26.997667324034712,0.272703710343785,
elliott_wave,ETH-USD,2.5,3.0,99,31,68,0.31313131313131315,1.2939438548359579,19.700946301153042,0.19899945758740448,
elliott_wave,ETH-USD,2.5,2.5,99,39,60,0.3939393939393939,1.6092933111270777,35.96220990324138,0.36325464548728664,
elliott_wave,ETH-USD,3.0,1.5,99,47,52,0.47474747474747475,1.3432768878659873,17.51364948557066,0.17690555035929958,
elliott_wave,ETH-USD,3.0,2.0,99,43,56,0.43434343434343436,1.4843984112713928,26.49072956350524,0.26758312690409336,
elliott_wave,ETH-USD,3.0,2.5,99,35,64,0.35353535353535354,1.2528184654638026,15.662198524219566,0.15820402549716733,
elliott_wave,ETH-USD,3.0,3.0,99,34,65,0.3434343434343434,1.359124654718035,22.607031376313827,0.22835385228599825,
elliott_wave,ADA-USD,1.0,2.0,99,32,67,0.32323232323232326,0.9552238805970149,-3.0,-0.030303030303030304,
elliott_wave,ADA-USD,1.0,1.5,99,36,63,0.36363636363636365,0.8571428571428571,-9.0,-0.09090909090909091,
elliott_wave,ADA-USD,1.0,2.5,99,28,71,0.2828282828282828,0.9859154929577465,-1.0,-0.010101010101010102,
elliott_wave,ADA-USD,1.0,3.0,99,25,74,0.25252525252525254,1.0135135135135136,1.0,0.010101010101010102,
elliott_wave,ADA-USD,1.5,2.0,99,35,64,0.35353535353535354,1.09375,6.0,0.06060606060606061,
elliott_wave,ADA-USD,1.5,1.5,99,43,56,0.43434343434343436,1.1517857142857142,8.5,0.08585858585858586,
elliott_wave,ADA-USD,1.5,2.5,99,31,68,0.31313131313131315,1.1397058823529411,9.5,0.09595959595959595,
elliott_wave,ADA-USD,1.5,3.0,99,30,69,0.30303030303030304,1.3043478260869565,21.0,0.21212121212121213,
elliott_wave,ADA-USD,2.0,1.5,99,40,59,0.40404040404040403,1.0169491525423728,1.0,0.010101010101010102,
elliott_wave,ADA-USD,2.0,2.0,99,34,65,0.3434343434343434,1.0461538461538462,3.0,0.030303030303030304,
elliott_wave,ADA-USD,2.0,2.5,99,33,66,0.3333333333333333,1.25,16.5,0.16666666666666666,
elliott_wave,ADA-USD,2.5,1.5,99,40,59,0.40404040404040403,0.989402895201656,-0.6237289281959315,-0.006300292203999308,
elliott_wave,ADA-USD,2.0,3.0,99,31,68,0.31313131313131315,1.3352356070117424,22.79602127679848,0.23026284117978263,
elliott_wave,ADA-USD,2.5,2.0,99,39,60,0.3939393939393939,1.2568772957125685,15.37627107180407,0.15531586941216233,
elliott_wave,ADA-USD,2.5,3.0,99,34,65,0.3434343434343434,1.368251140865406,23.884190050628376,0.2412544449558422,
elliott_wave,ADA-USD,2.5,2.5,99,35,64,0.35353535353535354,1.262519918560523,16.76410927867717,0.16933443715835528,
harmonic,ATOM-USD,2.0,2.5,17,6,11,0.35294117647058826,1.3636363636363635,4.0,0.23529411764705882,
elliott_wave,ADA-USD,3.0,1.5,99,42,57,0.42424242424242425,1.090209822993452,5.04986065328121,0.051008693467486974,
elliott_wave,ADA-USD,3.0,2.0,99,40,59,0.40404040404040403,1.3032222837980825,17.5805415044802,0.1775812273179818,
elliott_wave,ADA-USD,3.0,3.0,99,35,64,0.35353535353535354,1.3845922895013834,23.94043211680844,0.2418225466344287,
elliott_wave,ADA-USD,3.0,2.5,99,37,62,0.37373737373737376,1.3123449378250345,19.046499178580696,0.1923888805917242,
elliott_wave,AVAX-USD,1.0,2.0,99,41,58,0.41414141414141414,1.4137931034482758,24.0,0.24242424242424243,
elliott_wave,AVAX-USD,1.0,1.5,99,46,53,0.46464646464646464,1.3018867924528301,16.0,0.16161616161616163,
elliott_wave,AVAX-USD,1.0,2.5,99,36,63,0.36363636363636365,1.4285714285714286,27.0,0.2727272727272727,
elliott_wave,AVAX-USD,1.0,3.0,99,31,68,0.31313131313131315,1.3676470588235294,25.0,0.25252525252525254,
elliott_wave,AVAX-USD,1.5,1.5,99,48,51,0.48484848484848486,1.411764705882353,21.0,0.21212121212121213,
elliott_wave,AVAX-USD,1.5,2.0,99,40,59,0.40404040404040403,1.3559322033898304,21.0,0.21212121212121213,
elliott_wave,AVAX-USD,1.5,3.0,99,33,66,0.3333333333333333,1.4629074556002886,30.551892069619043,0.30860497040019236,
elliott_wave,AVAX-USD,2.0,1.5,99,49,50,0.494949494949495,1.47,23.5,0.23737373737373738,
elliott_wave,AVAX-USD,1.5,2.5,99,36,63,0.36363636363636365,1.4285714285714286,27.0,0.2727272727272727,
elliott_wave,AVAX-USD,2.0,2.0,99,45,54,0.45454545454545453,1.6666666666666667,36.0,0.36363636363636365,
elliott_wave,AVAX-USD,2.0,2.5,99,39,60,0.3939393939393939,1.5902319842035715,35.41391905221428,0.3577163540627705,
elliott_wave,AVAX-USD,2.0,3.0,99,36,61,0.36363636363636365,1.6910324373125223,42.152978676063846,0.4257876633945843,
elliott_wave,AVAX-USD,2.5,2.5,99,42,55,0.42424242424242425,1.8266017084662869,45.24066988405769,0.45697646347533016,
elliott_wave,AVAX-USD,2.5,2.0,99,45,54,0.45454545454545453,1.6439536007589035,34.60021777488255,0.34949714924123787,
elliott_wave,AVAX-USD,2.5,1.5,99,53,46,0.5353535353535354,1.7282608695652173,33.5,0.3383838383838384,
elliott_wave,AVAX-USD,2.5,3.0,99,38,59,0.3838383838383838,1.729477601955237,42.84288883437704,0.43275645287249537,
elliott_wave,AVAX-USD,3.0,1.5,99,49,50,0.494949494949495,1.4782977428675057,23.384613836321993,0.23620822056890903,
elliott_wave,AVAX-USD,3.0,2.0,99,44,53,0.4444444444444444,1.6215230153905094,32.2516572606346,0.32577431576398586,
elliott_wave,AVAX-USD,3.0,2.5,99,40,57,0.40404040404040403,1.6039130766472252,33.753506385900735,0.34094450894849226,
elliott_wave,AVAX-USD,3.0,3.0,99,36,61,0.36363636363636365,1.5431620573597438,31.749881869383827,0.3207058774685235,
elliott_wave,DOT-USD,1.0,1.5,99,42,57,0.42424242424242425,1.105263157894737,6.0,0.06060606060606061,
elliott_wave,DOT-USD,1.0,2.0,99,36,63,0.36363636363636365,1.1428571428571428,9.0,0.09090909090909091,
elliott_wave,DOT-USD,1.0,2.5,99,31,68,0.31313131313131315,1.1397058823529411,9.5,0.09595959595959595,
elliott_wave,DOT-USD,1.0,3.0,99,28,71,0.2828282828282828,1.1830985915492958,13.0,0.13131313131313133,
elliott_wave,DOT-USD,1.5,1.5,99,50,49,0.5050505050505051,1.530612244897959,26.0,0.26262626262626265,
elliott_wave,DOT-USD,1.5,2.0,99,43,56,0.43434343434343436,1.5357142857142858,30.0,0.30303030303030304,
elliott_wave,DOT-USD,1.5,2.5,99,41,58,0.41414141414141414,1.7672413793103448,44.5,0.4494949494949495,
elliott_wave,DOT-USD,1.5,3.0,99,39,60,0.3939393939393939,1.9039336094711972,54.23601656827184,0.5478385511946651,
elliott_wave,DOT-USD,2.0,1.5,99,47,52,0.47474747474747475,1.3557692307692308,18.5,0.18686868686868688,
elliott_wave,DOT-USD,2.0,2.5,99,40,59,0.40404040404040403,1.6167929217753603,36.39078238474626,0.36758366045198243,
elliott_wave,DOT-USD,2.0,3.0,99,33,66,0.3333333333333333,1.407585595563288,26.90064930717702,0.27172373037552544,
elliott_wave,DOT-USD,2.0,2.0,99,46,53,0.46464646464646464,1.7021466029913654,37.21376995854238,0.3758966662479028,
elliott_wave,DOT-USD,2.5,2.0,99,46,53,0.46464646464646464,1.7000488983053244,36.016635656831,0.3638044005740505,
elliott_wave,DOT-USD,2.5,1.5,99,52,47,0.5252525252525253,1.685756574215761,31.588715905162466,0.31907793843598453,
harmonic,ATOM-USD,2.0,3.0,17,6,11,0.35294117647058826,1.6363636363636365,7.0,0.4117647058823529,
elliott_wave,DOT-USD,2.5,2.5,99,40,59,0.40404040404040403,1.5623730710415866,32.30762586811345,0.3263396552334692,
elliott_wave,DOT-USD,2.5,3.0,99,40,59,0.40404040404040403,1.7903350322062708,45.40375392387059,0.4586237770087938,
elliott_wave,DOT-USD,3.0,2.0,99,43,56,0.43434343434343436,1.4694956109793793,25.116046226914563,0.25369743663550065,
elliott_wave,DOT-USD,3.0,1.5,99,52,47,0.5252525252525253,1.615479178065086,28.242306635167605,0.28527582459765255,
elliott_wave,DOT-USD,3.0,2.5,99,42,57,0.42424242424242425,1.635323434384354,34.62246276834586,0.3497218461449077,
elliott_wave,DOT-USD,3.0,3.0,99,39,60,0.3939393939393939,1.5503932215458027,31.645302011761693,0.31964951527032015,
elliott_wave,ATOM-USD,1.0,1.5,99,40,59,0.40404040404040403,1.0169491525423728,1.0,0.010101010101010102,
elliott_wave,ATOM-USD,1.0,2.0,99,38,61,0.3838383838383838,1.2459016393442623,15.0,0.15151515151515152,
elliott_wave,ATOM-USD,1.0,2.5,99,32,67,0.32323232323232326,1.1940298507462686,13.0,0.13131313131313133,
elliott_wave,ATOM-USD,1.5,1.5,99,39,60,0.3939393939393939,0.9571948090534128,-2.5683114567952314,-0.0259425399676286,
elliott_wave,ATOM-USD,1.0,3.0,99,29,70,0.29292929292929293,1.2428571428571429,17.0,0.1717171717171717,
elliott_wave,ATOM-USD,1.5,2.5,99,30,69,0.30303030303030304,1.0569809933797794,3.9316885432047677,0.039714025688937046,
elliott_wave,ATOM-USD,1.5,2.0,99,33,66,0.3333333333333333,0.9762377052000722,-1.5683114567952314,-0.0158415298666185,
elliott_wave,ATOM-USD,2.0,1.5,99,41,58,0.41414141414141414,1.0400649380586824,2.3237664074035767,0.023472387953571483,
elliott_wave,ATOM-USD,1.5,3.0,99,27,72,0.2727272727272727,1.0893290075445108,6.431688543204768,0.0649665509414623,
elliott_wave,ATOM-USD,2.0,2.5,99,30,69,0.30303030303030304,1.0223273860336466,1.5405896363216165,0.015561511477996125,
elliott_wave,ATOM-USD,2.0,2.0,99,35,64,0.35353535353535354,1.067558850115681,4.323766407403577,0.04367440815559168,
elliott_wave,ATOM-USD,2.0,3.0,99,28,71,0.2828282828282828,1.1062054878355159,7.5405896363216165,0.07616757208405674,
elliott_wave,ATOM-USD,2.5,2.0,99,32,67,0.32323232323232326,0.9019771896874224,-6.567528290942707,-0.06633866960548189,
elliott_wave,ATOM-USD,2.5,1.5,99,39,60,0.3939393939393939,0.9543168854320477,-2.740986874077139,-0.027686736101789282,
elliott_wave,ATOM-USD,2.5,2.5,99,29,70,0.29292929292929293,0.9704638815579614,-2.0675282909427066,-0.02088412415093643,
elliott_wave,ATOM-USD,2.5,3.0,99,25,74,0.25252525252525254,0.8897911676137369,-8.155453596583463,-0.08237831915740872,
elliott_wave,ATOM-USD,3.0,1.5,99,40,59,0.40404040404040403,0.9885623785808101,-0.6748196637322081,-0.006816360239719274,
elliott_wave,ATOM-USD,3.0,2.0,99,36,63,0.36363636363636365,1.0561722915371756,3.5388543668420596,0.03574600370547535,
elliott_wave,ATOM-USD,3.0,2.5,99,32,67,0.32323232323232326,0.9822033069191544,-1.192378436416666,-0.012044226630471375,
elliott_wave,ATOM-USD,3.0,3.0,99,29,70,0.29292929292929293,0.9203766958595407,-5.57363128983214,-0.056299305957900406,
harmonic,ATOM-USD,2.5,1.5,17,9,8,0.5294117647058824,1.6875,5.5,0.3235294117647059,
harmonic,ATOM-USD,2.5,2.0,17,7,10,0.4117647058823529,1.2367815569098624,2.3678155690986253,0.13928326877050737,
harmonic,ATOM-USD,2.5,2.5,17,7,10,0.4117647058823529,1.5367815569098624,5.3678155690986245,0.31575385700580144,
harmonic,ATOM-USD,3.0,1.5,17,7,10,0.4117647058823529,1.05,0.5,0.029411764705882353,
harmonic,ATOM-USD,2.5,3.0,17,6,10,0.35294117647058826,1.2084579433742295,2.084579433742295,0.12262231963189972,
harmonic,ATOM-USD,3.0,2.0,17,7,10,0.4117647058823529,1.2306512974248853,2.3065129742488546,0.13567723377934438,
harmonic,ATOM-USD,3.0,2.5,17,6,10,0.35294117647058826,1.0070482861451913,0.07048286145191351,0.004146050673641971,
harmonic,ATOM-USD,3.0,3.0,17,6,10,0.35294117647058826,1.1570482861451912,1.5704828614519135,0.09238134479128902,
