position_id,symbol,direction,regime,score,entry_price,exit_price,exit_reason,pnl,indicators_dir,indicators_conf,harmonic_dir,harmonic_conf,harmonic_pattern,sr_dir,sr_conf,sr_strength,sr_distance,sr_touches
8c9255de,BTC-USD,SELL,CHOP,0.6681264270124481,118822.4765625,118703.6540859375,stop_loss,37.47964305081277,SELL,0.82,SELL,0.5,Gartley,SELL,0.62,0.52,,2
b4f96390,BTC-USD,SELL,CHOP,0.668269749276743,118135.6484375,119073.0021517749,stop_loss,-39.82146350324573,BUY,0.85,SELL,0.54,Gartley,SELL,0.8,0.73,,8
3e7134b2,BTC-USD,SELL,CHOP,0.6660057128475515,118774.8828125,118656.1079296875,stop_loss,21.962383888957522,SELL,0.82,SELL,0.51,Gartley,SELL,0.58,0.41,,5
792695ee,BTC-USD,SELL,CHOP,0.8047785241021388,117416.234375,118584.26551715888,stop_loss,-49.836502222222684,SELL,0.85,SELL,0.5,Gartley,SELL,0.95,1.0,,11
34dd7ec9,BTC-USD,SELL,CHOP,0.7309193997036442,117737.984375,117620.246390625,stop_loss,27.771493654576254,BUY,0.82,SELL,0.52,Gartley,SELL,1.0,1.0,,11
b135625d,BTC-USD,SELL,CHOP,0.7227592493216426,118433.9375,114563.56472344503,take_profit,92.56954416440355,BUY,0.82,SELL,0.53,Gartley,SELL,0.95,0.94,,11
215042b1,BTC-USD,SELL,CHOP,0.6552766514622699,115362.625,113562.23437692845,stop_loss,62.79425335340297,BUY,0.85,SELL,0.65,Gartley,SELL,0.58,0.79,,10
3640cce6,BTC-USD,SELL,CHOP,0.7116699619428715,114123.0859375,115243.50600236078,stop_loss,-49.838884332120244,SELL,0.57,SELL,0.62,Gartley,SELL,0.61,0.44,,5
c3a52944,BTC-USD,SELL,CHOP,0.6575635754075845,117215.6484375,117098.4327890625,stop_loss,28.445766306021646,BUY,0.85,SELL,0.5,Gartley,SELL,0.84,0.82,,10
556f11fc,BTC-USD,SELL,CHOP,0.6581932732596307,116799.75,117524.89788374281,stop_loss,-31.45064440605134,SELL,0.66,SELL,0.51,Gartley,SELL,0.62,0.51,,7
6e868131,BTC-USD,SELL,CHOP,0.7512437378979884,118427.9921875,119647.3059536961,stop_loss,-51.99430041402219,SELL,0.68,SELL,0.44,Gartley,SELL,0.97,0.96,,13
43fff160,BTC-USD,SELL,CHOP,0.686163773221359,118234.71875,116543.3125,timeout,64.87858336951521,SELL,0.82,SELL,0.33,Gartley,SELL,0.94,0.92,,13
463eaad5,BTC-USD,BUY,CHOP,0.6891597355306481,114839.1640625,113737.20072319312,stop_loss,-48.52051616190513,SELL,0.82,BUY,0.76,Gartley,BUY,0.48,0.41,,6
4dbcb46b,BTC-USD,BUY,CHOP,0.6553330824060462,108716.578125,107962.77537005402,stop_loss,-34.89165242756523,BUY,0.68,BUY,0.52,Gartley,BUY,0.58,0.43,,8
ebe43537,BTC-USD,BUY,CHOP,0.6540719391291645,108739.5,108848.23949999998,stop_loss,31.686236104706587,BUY,0.66,BUY,0.52,Gartley,BUY,0.59,0.51,,9
0104f172,BTC-USD,SELL,CHOP,0.7238214860676462,110488.421875,111271.06096855759,stop_loss,-35.63411838805077,SELL,0.85,SELL,0.6,Butterfly,SELL,0.58,0.43,,9
86bcf4a5,BTC-USD,SELL,CHOP,0.7130658944224894,112607.8984375,112495.2905390625,stop_loss,21.501583176539256,BUY,0.85,SELL,0.79,Gartley,SELL,0.49,0.44,,7
6835d030,BTC-USD,SELL,CHOP,0.7402601356335295,112989.015625,111400.65571007977,stop_loss,62.0048273713889,BUY,0.85,SELL,0.8,Gartley,SELL,0.54,0.44,,7
95edb013,BTC-USD,SELL,CHOP,0.7551824591555882,113270.46875,114304.71537923398,stop_loss,-46.151963353729016,BUY,0.82,SELL,0.8,Gartley,SELL,0.58,0.44,,7
bd2e84c4,BTC-USD,SELL,CHOP,0.7394263716612154,115950.2890625,115834.3387734375,stop_loss,15.995593867631973,BUY,0.57,SELL,0.8,Gartley,SELL,0.54,0.55,,9
d13b5794,BTC-USD,SELL,CHOP,0.7970161854531437,116003.96875,115887.96478125,stop_loss,16.890274541142475,SELL,0.46,SELL,0.8,Gartley,SELL,0.55,0.55,,9
226760e2,BTC-USD,SELL,CHOP,0.8004912249032521,116072.3046875,115956.2323828125,stop_loss,20.65874665803001,SELL,0.46,SELL,0.8,Gartley,SELL,0.56,0.55,,9
56fcacf9,BTC-USD,SELL,CHOP,0.66,115396.5703125,116282.93217849945,stop_loss,-38.8524494453569,BUY,0.82,SELL,1.0,Gartley,BUY,0.59,0.52,,8
50eadce5,BTC-USD,SELL,CHOP,0.7701030678313714,116555.5,116438.9445,stop_loss,25.38583705733223,BUY,0.85,SELL,0.8,Gartley,SELL,0.62,0.55,,9
187c7376,BTC-USD,SELL,CHOP,0.8922403877011039,116773.1875,114319.125,timeout,81.03694061865654,SELL,0.66,SELL,0.8,Gartley,SELL,0.73,0.73,,13
bd2abc4f,BTC-USD,BUY,CHOP,0.6912301289478724,109671.0234375,111026.34674315967,take_profit,35.65907088894453,BUY,0.34,BUY,0.64,Gartley,BUY,0.58,0.5,,12
0d0cb5d3,BTC-USD,SELL,CHOP,0.6754230675607371,113722.0234375,114809.91768569015,stop_loss,-48.88228014913341,SELL,0.66,SELL,0.52,Gartley,SELL,0.64,0.55,,11
1321e638,BTC-USD,BUY,CHOP,0.7263710210495252,109067.3828125,111474.84375,timeout,70.37076607784486,BUY,0.82,BUY,0.61,Gartley,BUY,0.57,0.55,,13
84b11cc8,BTC-USD,BUY,CHOP,0.7157554755315151,111718.9140625,113508.76807502942,take_profit,46.48792200012558,BUY,0.57,BUY,0.46,Gartley,BUY,0.88,0.85,,21
b5c936d8,BTC-USD,SELL,CHOP,0.6638730729932767,114469.5859375,115450.53671212301,stop_loss,-44.08040705056489,SELL,0.46,SELL,0.44,Gartley,SELL,0.81,0.8,,20
8f24d6fa,BTC-USD,SELL,CHOP,0.6577801400035729,112863.7890625,109614.36209428831,stop_loss,107.0088121248526,SELL,0.68,SELL,0.48,Gartley,SELL,0.66,0.63,,12
d6340ae3,BTC-USD,BUY,CHOP,0.7194826011267956,110795.875,108890.41949629462,stop_loss,-72.45443167494668,BUY,0.82,BUY,0.51,Gartley,BUY,0.72,0.64,,15
47ffe744,BTC-USD,SELL,CHOP,0.8187565000987571,110190.203125,107171.27355798021,take_profit,79.78547426240483,BUY,0.46,SELL,0.84,Gartley,SELL,0.68,0.62,,15
8895c589,BTC-USD,BUY,CHOP,0.6752239997292057,87833.6640625,87459.1160354259,stop_loss,-22.0846703492253,BUY,0.85,BUY,0.46,Gartley,BUY,0.7,0.57,,24
87851e5e,BTC-USD,BUY,CHOP,0.6855800683789898,87881.125,87969.00612499999,stop_loss,29.243054475370275,BUY,0.82,BUY,0.45,Gartley,BUY,0.74,0.64,,28
61c0a9c6,BTC-USD,BUY,CHOP,0.6962825210103425,87831.0859375,87918.91702343749,stop_loss,34.671455663875214,BUY,0.82,BUY,0.46,Gartley,BUY,0.76,0.66,,28
0b8111f9,BTC-USD,BUY,CHOP,0.712223685871232,87875.796875,88520.92487668726,stop_loss,42.971742300666456,BUY,0.82,BUY,0.45,Gartley,BUY,0.81,0.74,,31
bd6e0a46,BTC-USD,BUY,CHOP,0.6875574146067513,90598.2890625,91789.41190466202,stop_loss,57.3277634010648,BUY,0.82,BUY,0.52,Butterfly,BUY,0.63,0.53,,21
b221ea74,BTC-USD,SELL,CHOP,0.7519637806603352,90278.859375,91298.89678758405,stop_loss,-59.318916211219076,SELL,0.82,SELL,0.54,Gartley,SELL,0.76,0.67,,27
9102e592,BTC-USD,BUY,CHOP,0.6501521935537036,88248.3046875,88336.55299218748,stop_loss,39.122694353497955,BUY,0.66,BUY,0.37,Gartley,BUY,0.83,0.86,,35
aedce4de,BTC-USD,BUY,CHOP,0.6534829379559706,87951.8671875,86955.41572396136,stop_loss,-59.36604474145151,SELL,0.85,BUY,0.45,Gartley,BUY,0.92,0.92,,38
76b712fd,BTC-USD,SELL,CHOP,0.7468748385320382,67619.65625,67552.03659375,stop_loss,38.98399060599632,BUY,0.68,SELL,0.77,Gartley,SELL,0.61,0.68,,39
f7124d76,BTC-USD,SELL,CHOP,0.7981360837507518,67933.984375,67866.050390625,stop_loss,38.71419412713975,BUY,0.43,SELL,0.8,Gartley,SELL,0.69,0.69,,40
029350e7,BTC-USD,SELL,CHOP,0.7442089477695606,67551.109375,69024.63674347078,stop_loss,-73.4876058184386,BUY,0.34,SELL,0.76,Gartley,SELL,0.61,0.71,,41
ad3cf2f6,BTC-USD,SELL,CHOP,0.841886325566537,68367.59375,66424.96894285217,stop_loss,105.85919043582595,BUY,0.57,SELL,0.79,Gartley,SELL,0.83,0.75,,44
2e1d44a5,BTC-USD,SELL,CHOP,0.66,66842.9453125,67356.72115691661,stop_loss,-40.47075117011449,BUY,0.43,SELL,1.0,Gartley,BUY,0.78,0.73,,41
606411b4,BTC-USD,SELL,CHOP,0.66,67364.34375,67296.97940625,stop_loss,18.521303962804627,BUY,0.85,SELL,1.0,Gartley,BUY,0.69,0.77,,44
a44ae8e2,BTC-USD,SELL,CHOP,0.66,67270.234375,67762.33619725336,stop_loss,-38.436959677095786,BUY,0.43,SELL,1.0,Gartley,BUY,0.75,0.81,,45
9ee1c261,BTC-USD,SELL,CHOP,0.7585714285714286,68233.8515625,69190.65936064115,stop_loss,-73.29150206257003,SELL,0.82,SELL,1.0,Gartley,BUY,0.61,0.82,,41
7cbe7c0b,BTC-USD,SELL,CHOP,0.7338638313047686,69281.7109375,70343.10121971626,stop_loss,-72.77846154813173,BUY,0.82,SELL,0.8,Gartley,SELL,0.53,0.66,,38
95c1ff1c,BTC-USD,BUY,CHOP,0.6510607647116808,76423.2421875,78952.01605384087,take_profit,96.79129192947022,BUY,0.66,BUY,0.53,Butterfly,BUY,0.57,0.41,,24
64550180,BTC-USD,SELL,CHOP,0.6509005507621387,77650.03125,77572.38121875,stop_loss,34.36044833435841,BUY,0.68,SELL,0.57,Gartley,SELL,0.7,0.67,,36
860873d2,BTC-USD,SELL,CHOP,0.7696379046629729,77796.9375,74674.0524536399,take_profit,118.91250154207054,SELL,0.82,SELL,0.57,Gartley,SELL,0.75,0.7,,38
8db3afad,BTC-USD,SELL,CHOP,0.6634912075629162,76575.703125,77410.66279694413,stop_loss,-57.649081884378006,SELL,0.82,SELL,0.53,Gartley,SELL,0.54,0.75,,41
f54a3981,BTC-USD,SELL,CHOP,0.6547425072663545,77310.8125,77233.5016875,stop_loss,31.919512449554748,BUY,0.85,SELL,0.54,Gartley,SELL,0.76,0.76,,41
02a929fd,BTC-USD,SELL,CHOP,0.7691524254814752,77347.7734375,74823.86863668381,take_profit,97.52426340388443,SELL,0.82,SELL,0.55,Gartley,SELL,0.79,0.8,,44
2d8b2309,ETH-USD,BUY,CHOP,0.7027208107147591,3825.5390625,3780.7008601733587,stop_loss,-87.90565511309812,BUY,0.82,BUY,0.46,Butterfly,BUY,0.78,0.74,,6
2ec7e968,ETH-USD,BUY,CHOP,0.7215965023199498,3778.71240234375,3782.4911147460934,stop_loss,47.503460887667494,BUY,0.82,BUY,0.45,Butterfly,BUY,0.84,0.89,,6
893f32de,ETH-USD,BUY,CHOP,0.6624335703125883,3846.0302734375,3791.61173370741,stop_loss,-99.59597805774544,BUY,0.82,BUY,0.42,Butterfly,BUY,0.73,0.75,,5
29aab9f8,ETH-USD,BUY,CHOP,0.6521580190820746,3771.51220703125,3729.14835153674,stop_loss,-83.06502862955062,SELL,0.82,BUY,0.44,Butterfly,BUY,0.93,0.99,,6
1412c4d8,ETH-USD,BUY,CHOP,0.7973688836893458,3615.88232421875,3663.428444867558,stop_loss,99.86540376720578,BUY,0.68,BUY,0.7,Gartley,BUY,0.65,0.71,,5
abbc7542,ETH-USD,BUY,CHOP,0.7259248622279697,3611.865966796875,3615.4778327636714,stop_loss,46.028037196844004,SELL,0.82,BUY,0.71,Gartley,BUY,0.67,0.71,,5
ad41fefe,ETH-USD,BUY,CHOP,0.7433276453981637,3605.267822265625,3555.2177787269106,stop_loss,-99.22830240051297,SELL,0.82,BUY,0.72,Gartley,BUY,0.7,0.72,,5
6994f1c9,ETH-USD,BUY,CHOP,0.7597045090475651,3596.766845703125,3600.363612548828,stop_loss,52.714385085812886,SELL,0.82,BUY,0.72,Gartley,BUY,0.73,0.72,,5
25dc11ef,ETH-USD,BUY,CHOP,0.8612334537281181,3581.16162109375,3716.9469428416587,take_profit,159.1522656248801,BUY,0.66,BUY,0.7,Gartley,BUY,0.83,0.76,,5
a1fcb8ff,ETH-USD,BUY,CHOP,0.7563697280019588,4334.5673828125,4257.671387496843,stop_loss,-100.35468588361559,BUY,0.68,BUY,0.67,Gartley,BUY,0.59,0.43,,5
a5b1736b,ETH-USD,BUY,CHOP,0.7141307408866462,4287.15869140625,4291.445850097656,stop_loss,53.1498077145876,BUY,0.34,BUY,0.67,Gartley,BUY,0.59,0.48,,5
ab416b8c,ETH-USD,BUY,CHOP,0.7576468637788702,4276.6455078125,4224.408501074464,stop_loss,-91.50109550419887,BUY,0.66,BUY,0.66,Gartley,BUY,0.63,0.48,,5
9ce6bcf4,ETH-USD,BUY,CHOP,0.6750121798348141,4283.68505859375,4460.952361757478,take_profit,168.24496444970052,SELL,0.43,BUY,0.67,Gartley,BUY,0.6,0.48,,5
53b7ae21,ETH-USD,BUY,CHOP,0.6724514407960034,4350.29248046875,4484.886228042351,take_profit,132.3455872435819,BUY,0.66,BUY,0.45,Gartley,BUY,0.76,0.75,,10
aad3290f,ETH-USD,SELL,CHOP,0.66,4483.1142578125,4369.193381746811,take_profit,110.12854441584304,BUY,0.68,SELL,1.0,Gartley,BUY,0.63,0.67,,8
c350343d,ETH-USD,BUY,CHOP,0.7001912827964569,4342.90283203125,4280.436617075009,stop_loss,-103.0748171079733,BUY,0.66,BUY,0.45,Gartley,BUY,0.83,0.82,,11
f3a566d7,ETH-USD,SELL,CHOP,0.78762977982805,4483.9521484375,4401.749900386986,stop_loss,131.16697230828342,BUY,0.85,SELL,0.8,Gartley,SELL,0.67,0.56,,8
faece379,ETH-USD,BUY,CHOP,0.6890662426786712,4293.248046875,4297.541294921874,stop_loss,23.681949573414972,SELL,0.85,BUY,0.48,Gartley,BUY,0.96,1.0,,17
cf732252,ETH-USD,BUY,CHOP,0.7346672137872585,4309.86962890625,4314.179498535156,stop_loss,26.941087706552416,BUY,0.68,BUY,0.46,Gartley,BUY,0.9,1.0,,18
19acb448,ETH-USD,BUY,CHOP,0.8245146574461761,4312.48974609375,4316.802235839843,stop_loss,27.991980223004337,BUY,0.85,BUY,0.57,Gartley,BUY,0.89,1.0,,19
0b2853c6,ETH-USD,BUY,CHOP,0.7512829836278676,4289.86572265625,4294.155588378906,stop_loss,37.126241770080156,BUY,0.46,BUY,0.48,Gartley,BUY,0.97,1.0,,19
a02de8ac,ETH-USD,BUY,CHOP,0.7353475981687043,4307.0517578125,4334.746000598354,stop_loss,75.98372538891324,SELL,0.82,BUY,0.58,Gartley,BUY,0.91,1.0,,21
ed891ecf,ETH-USD,BUY,CHOP,0.690809931851692,4491.27734375,4468.042364277645,stop_loss,-40.846103564747835,BUY,0.66,BUY,0.52,Gartley,BUY,0.69,0.78,,18
b5d51cc8,ETH-USD,BUY,CHOP,0.6996480844620802,4481.228515625,4458.907011557483,stop_loss,-39.175651860635334,BUY,0.66,BUY,0.52,Gartley,BUY,0.72,0.78,,18
1a854820,ETH-USD,BUY,CHOP,0.6707477690303166,4485.45947265625,4466.28854213703,stop_loss,-33.48888077053014,BUY,0.34,BUY,0.52,Gartley,BUY,0.73,0.82,,19
e8e7f6e4,ETH-USD,BUY,CHOP,0.7171909279843143,4470.59423828125,4448.201089701551,stop_loss,-39.12189761606439,BUY,0.66,BUY,0.5,Gartley,BUY,0.79,0.83,,19
dc9f5b45,ETH-USD,SELL,CHOP,0.7046786776795908,4295.69775390625,4348.648871384598,stop_loss,-95.9128539320277,BUY,0.82,SELL,0.55,Gartley,SELL,0.88,1.0,,22
99e0aecd,ADA-USD,SELL,CHOP,0.6678403405292113,0.8162216544151306,0.8244931760991053,stop_loss,-99.99999999999969,SELL,0.82,,,,SELL,0.91,0.95,,6
0628cc92,ADA-USD,SELL,BEAR,0.6997147774837953,0.736304521560669,0.7442761619486533,stop_loss,-98.99999999999983,SELL,0.82,SELL,0.44,Gartley,SELL,0.74,0.81,,6
5b804af8,ADA-USD,SELL,CHOP,0.7566555214062465,0.7516720294952393,0.7259850567980038,take_profit,166.61699999999976,SELL,0.82,SELL,0.37,Gartley,SELL,0.82,0.79,,6
d026461b,ADA-USD,BUY,BULL,0.7009440113489833,0.8182542324066162,0.8085666482818619,stop_loss,-99.67617000000003,BUY,0.85,,,,BUY,0.99,1.0,,9
11f24e01,ADA-USD,BUY,CHOP,0.6866774434654023,0.8207705020904541,0.8096957345054039,stop_loss,-98.67940829999971,BUY,0.82,,,,BUY,0.94,1.0,,9
af8a4565,ADA-USD,BUY,BULL,0.6540304391868353,0.8232843279838562,0.8417423967695661,stop_loss,136.03037962652223,BUY,0.82,,,,BUY,0.9,1.0,,9
ec4f7981,ADA-USD,SELL,CHOP,0.6530737947684419,0.8590062856674194,0.8709881344506695,stop_loss,-99.0529180132653,SELL,0.82,,,,SELL,0.88,0.84,,10
e9641921,ADA-USD,BUY,CHOP,0.6615248594957632,0.8462814092636108,0.8471276906728744,stop_loss,52.92793312778578,SELL,0.85,BUY,0.66,Gartley,BUY,0.82,0.75,,9
2a85996c,ADA-USD,SELL,BEAR,0.6696354657984609,0.829005241394043,0.8281762361526489,stop_loss,53.05063297277277,SELL,0.85,BUY,0.64,Gartley,SELL,0.91,0.96,,11
515aa06c,ADA-USD,SELL,BEAR,0.6675671240431759,0.8135442137718201,0.8249158883246187,stop_loss,-99.1221744941381,SELL,0.85,BUY,0.35,Butterfly,SELL,0.9,1.0,,11
fec521c2,ADA-USD,BUY,CHOP,0.6929521058725732,0.8233519792556763,0.8241753312349318,stop_loss,52.622420466691366,SELL,0.57,BUY,0.6,Gartley,BUY,0.92,1.0,,11
a72e2a14,ADA-USD,SELL,CHOP,0.6681843967312852,0.8129380941390991,0.8230249214172756,stop_loss,-98.65717695386395,SELL,0.85,BUY,0.34,Butterfly,SELL,0.89,1.0,,11
221611a4,ADA-USD,BUY,CHOP,0.693708822073655,0.823244571685791,0.8240678162574767,stop_loss,52.81547810986219,SELL,0.85,BUY,0.6,Gartley,BUY,0.92,1.0,,11
b2057855,ADA-USD,BUY,CHOP,0.8198954073812508,0.8209134340286255,0.8217343474626541,stop_loss,47.89733070377136,BUY,0.46,BUY,0.59,Gartley,BUY,0.96,1.0,,12
6dc66c23,ADA-USD,BUY,CHOP,0.7136813340066471,0.8204197883605957,0.8136719204516616,stop_loss,-81.16141506120493,SELL,0.82,BUY,0.58,Gartley,BUY,0.97,1.0,,13
812cbc00,ADA-USD,SELL,CHOP,0.6529470714935078,0.8113643527030945,0.8105529883503914,stop_loss,48.882434864502706,SELL,0.85,BUY,0.46,Gartley,SELL,0.86,1.0,,13
c8ec4777,ADA-USD,SELL,CHOP,0.6795648245209208,0.8394453525543213,0.8035457505612073,take_profit,167.2034038998402,BUY,0.66,SELL,1.0,Gartley,SELL,0.61,0.62,,10
2ff7ac6c,ADA-USD,SELL,CHOP,0.6523832615417985,0.8113062381744385,0.7955425469098653,stop_loss,140.2646827385255,SELL,0.85,BUY,0.47,Gartley,SELL,0.86,1.0,,13
a0ff1f11,ADA-USD,BUY,CHOP,0.8703018265377895,0.8205739855766296,0.8101890081722812,stop_loss,-101.42962433687804,BUY,0.66,BUY,0.58,Gartley,BUY,0.97,1.0,,14
e3c22374,ADA-USD,BUY,CHOP,0.8452185770783329,0.8241260647773743,0.812819410725826,stop_loss,-100.41532809350879,BUY,0.66,BUY,0.61,Gartley,BUY,0.9,1.0,,15
2103466e,ADA-USD,BUY,CHOP,0.8886031090403446,0.8187709450721741,0.8354781693144221,stop_loss,138.57256620563544,BUY,0.68,BUY,0.57,Gartley,BUY,1.0,1.0,,15
af6fd6c2,ADA-USD,SELL,CHOP,0.8048500922260731,0.8300620913505554,0.8071294264063255,take_profit,157.80428432805593,BUY,0.57,SELL,1.0,Gartley,SELL,0.86,0.85,,13
6153d7ac,ADA-USD,SELL,BEAR,0.6510672299887734,0.8113272786140442,0.8177437804537885,stop_loss,-80.96473882466145,SELL,0.85,BUY,0.47,Gartley,SELL,0.86,1.0,,15
92ae3f9c,ADA-USD,BUY,CHOP,0.8531433470893061,0.8194887042045593,0.8397680603564907,take_profit,142.42433349204202,BUY,0.66,BUY,0.51,Gartley,BUY,0.99,1.0,,16
f314e69f,ADA-USD,BUY,CHOP,0.8564067907490343,0.8243655562400818,0.8251899217963218,stop_loss,55.96645026333972,BUY,0.82,BUY,0.59,Gartley,BUY,0.86,1.0,,18
5418c8f6,ADA-USD,BUY,CHOP,0.6803348550640983,0.8243997097015381,0.8167143869294714,stop_loss,-96.53194250028145,SELL,0.82,BUY,0.59,Gartley,BUY,0.9,1.0,,17
9fbb6990,ADA-USD,SELL,CHOP,0.686983544353525,0.8156017661094666,0.8211766993312686,stop_loss,-70.11979725950667,SELL,0.82,BUY,0.62,Gartley,SELL,0.94,1.0,,18
f78839ca,ADA-USD,BUY,CHOP,0.7114805685021633,0.821872353553772,0.8289357726848703,stop_loss,88.3560751377836,SELL,0.85,BUY,0.61,Gartley,BUY,0.94,1.0,,19
7d44fb0e,ADA-USD,SELL,CHOP,0.7881226923800653,0.8296084403991699,0.834308167381294,stop_loss,-58.21701912938592,BUY,0.82,SELL,1.0,Gartley,SELL,0.82,0.82,,16
be7a7655,ADA-USD,SELL,CHOP,0.8002121341327231,0.8304775357246399,0.8296470581889153,stop_loss,37.23192001211334,BUY,0.85,SELL,1.0,Gartley,SELL,0.85,0.83,,16
1deac056,ADA-USD,SELL,CHOP,0.7981208569671855,0.8303513526916504,0.8355246182933583,stop_loss,-63.89481688850568,BUY,0.57,SELL,1.0,Gartley,SELL,0.84,0.83,,16
30a58aa4,ADA-USD,BUY,CHOP,0.6548913439845457,0.8330591917037964,0.8380773159904769,stop_loss,88.34144792425644,BUY,0.85,SELL,0.8,Gartley,BUY,0.87,0.83,,16
9a1cb0b8,ADA-USD,BUY,CHOP,0.6867879208867462,0.8813717365264893,0.8743246570626201,stop_loss,-82.1952663725428,BUY,0.82,BUY,0.53,Gartley,BUY,0.58,0.59,,12
24a39494,ADA-USD,BUY,CHOP,0.6968646841725399,0.8811308741569519,0.873964463828868,stop_loss,-82.94144873404568,BUY,0.85,BUY,0.53,Gartley,BUY,0.58,0.6,,12
0bdf2d62,ADA-USD,BUY,CHOP,0.7131529318772033,0.882136881351471,0.9149665240770505,take_profit,171.95414199149928,BUY,0.85,BUY,0.53,Gartley,BUY,0.61,0.66,,13
19ba6902,ADA-USD,SELL,CHOP,0.664156548403488,0.9038567543029785,0.9029528975486756,stop_loss,55.8732576034144,SELL,0.82,SELL,0.49,Gartley,SELL,0.56,0.5,,10
3925ccf0,ADA-USD,SELL,CHOP,0.6867570947951811,0.9047528505325317,0.9038480976819993,stop_loss,56.021358671674676,SELL,0.82,SELL,0.5,Gartley,SELL,0.59,0.54,,11
248579f4,ADA-USD,BUY,CHOP,0.7523136828276117,0.8969009518623352,0.8883773271415994,stop_loss,-98.82412763917127,BUY,0.82,BUY,0.6,Gartley,BUY,0.65,0.58,,11
0158e6e0,ADA-USD,SELL,BEAR,0.6898966455925664,0.8165637850761414,0.8284660924711358,stop_loss,-102.9997415953911,SELL,0.85,,,,SELL,0.96,1.0,,19
444f9a7b,ADA-USD,SELL,BEAR,0.6505253794588095,0.8112546801567078,0.810443425476551,stop_loss,55.5062620774651,SELL,0.85,,,,SELL,0.86,1.0,,21
c3cdb72e,ADA-USD,SELL,CHOP,0.6637514177185971,0.8131890296936035,0.7910855226215178,take_profit,157.9160607608113,SELL,0.82,,,,SELL,0.9,1.0,,24
4f9cb301,ADA-USD,SELL,CHOP,0.7286374114181711,0.8146942257881165,0.8069902585683776,stop_loss,133.35520917199477,BUY,0.85,SELL,0.69,Gartley,SELL,0.93,1.0,,24
d1ad4a94,ADA-USD,SELL,CHOP,0.6688149411665713,0.813287615776062,0.7863290462755025,take_profit,179.24378314921813,BUY,0.85,SELL,0.56,Gartley,SELL,0.9,1.0,,24
e23f07a7,AVAX-USD,SELL,CHOP,0.7928611953115252,21.11890983581543,21.011077798876673,stop_loss,116.4905826510802,SELL,0.66,SELL,0.37,Gartley,SELL,0.97,1.0,,4
fef07563,AVAX-USD,BUY,BULL,0.689011332113639,21.186906814575195,20.808778515440267,stop_loss,-101.16490582651086,BUY,0.82,SELL,0.38,Gartley,BUY,0.98,1.0,,4
50787333,AVAX-USD,BUY,BULL,0.6849965651666317,21.201108932495117,21.22231004142761,stop_loss,52.56233566965305,BUY,0.82,SELL,0.39,Gartley,BUY,0.97,1.0,,4
9227384d,AVAX-USD,BUY,BULL,0.6704154928621702,21.252849578857422,21.90480842557573,stop_loss,139.85815099269644,BUY,0.82,SELL,0.4,Gartley,BUY,0.94,1.0,,4
c322c934,AVAX-USD,SELL,CHOP,0.6658079397243758,25.117963790893555,23.74786492692261,take_profit,173.5316847792776,SELL,0.34,SELL,0.66,Gartley,SELL,0.66,0.66,,2
32431273,AVAX-USD,SELL,BULL,0.696075291381143,25.116344451904297,25.414586793315646,stop_loss,-103.81277848266171,SELL,0.66,SELL,0.66,Gartley,SELL,0.75,0.78,,3
84a4b4f1,AVAX-USD,SELL,CHOP,0.6845582632861013,24.474151611328125,24.449677459716796,stop_loss,54.01478429669401,SELL,0.85,BUY,0.46,Gartley,SELL,0.92,0.92,,5
d106e970,AVAX-USD,BUY,BEAR,0.6626328780994664,24.02334213256836,23.637497675907298,stop_loss,-103.31479854080199,BUY,0.66,BUY,0.38,Gartley,BUY,0.83,0.81,,4
4934b7bd,AVAX-USD,SELL,BEAR,0.6998412095063569,21.148984909057617,21.12783592414856,stop_loss,54.19521802738895,SELL,0.85,,,,SELL,0.98,1.0,,6
32f3eacd,AVAX-USD,SELL,CHOP,0.6587720488948289,21.99420928955078,22.210443612460754,stop_loss,-101.09020890000512,SELL,0.82,,,,SELL,0.89,0.85,,6
b4c9b731,AVAX-USD,BUY,BULL,0.6695955093080405,24.03265380859375,24.05668646240234,stop_loss,54.70336974541056,BUY,0.82,,,,BUY,0.93,0.92,,6
c063328e,AVAX-USD,BUY,BULL,0.6579093867492647,24.56171226501465,25.04270992778102,stop_loss,137.63784117777556,BUY,0.85,,,,BUY,0.88,0.88,,7
1ded2255,AVAX-USD,SELL,CHOP,0.8859415271997468,23.98456382751465,23.960579263687134,stop_loss,54.15158267265549,SELL,0.82,SELL,0.5,Gartley,SELL,0.98,1.0,,7
20f44536,AVAX-USD,SELL,CHOP,0.8917796748305515,23.980070114135742,24.449315647918315,stop_loss,-104.27762858262642,SELL,0.85,SELL,0.5,Gartley,SELL,0.98,1.0,,7
74f057ef,AVAX-USD,BUY,BULL,0.6521521970752306,25.244916915893555,24.70495244491776,stop_loss,-103.23485229680033,BUY,0.82,,,,BUY,0.89,0.85,,6
cdf2fcc5,AVAX-USD,BUY,CHOP,0.6598035387641779,24.194124221801758,23.728025972806858,stop_loss,-102.2025037738323,BUY,0.82,SELL,0.44,Gartley,BUY,0.89,1.0,,8
cc2a1fb2,AVAX-USD,SELL,CHOP,0.8628593536478366,23.85323143005371,24.321371135931027,stop_loss,-101.18047873609413,SELL,0.85,SELL,0.53,Gartley,SELL,0.9,1.0,,8
1f79a0a9,AVAX-USD,BUY,CHOP,0.6862294930776057,24.11182975769043,25.017006015317833,take_profit,170.28674571284623,BUY,0.82,SELL,0.46,Gartley,BUY,0.94,1.0,,8
20b35935,AVAX-USD,SELL,CHOP,0.8815942984901821,23.965404510498047,23.94143910598755,stop_loss,53.71717059853293,SELL,0.82,SELL,0.5,Gartley,SELL,0.97,1.0,,9
e6eac4c8,AVAX-USD,SELL,BEAR,0.7942775634504448,23.58673667907715,24.020678007585765,stop_loss,-102.40871311184712,SELL,0.85,SELL,0.54,Gartley,SELL,0.9,0.89,,8
4a8eedcc,AVAX-USD,SELL,CHOP,0.676323057443479,23.929662704467773,23.905733041763305,stop_loss,53.58539184743309,BUY,0.66,SELL,0.51,Gartley,SELL,0.95,1.0,,9
60cc05ef,AVAX-USD,SELL,CHOP,0.6679141972180476,23.605894088745117,22.95955928673112,stop_loss,141.1248543075182,BUY,0.66,SELL,0.54,Gartley,SELL,0.91,0.88,,8
5ca7c6df,AVAX-USD,BUY,CHOP,0.6925800935910342,24.09213638305664,24.631720371763272,stop_loss,137.52692438924464,BUY,0.82,,,,BUY,0.95,1.0,,9
d192438a,AVAX-USD,SELL,CHOP,0.7054329470037535,23.95923614501953,23.498136376029443,stop_loss,140.55018069486732,SELL,0.85,,,,SELL,0.96,1.0,,10
c26cee17,DOT-USD,BUY,BEAR,0.7215859430460638,4.092243194580078,4.208280713594809,stop_loss,143.34903977339067,BUY,0.66,BUY,0.5,Butterfly,BUY,0.91,0.89,,5
682a3eac,DOT-USD,SELL,BEAR,0.6806697864681194,4.079226970672607,4.011044083777121,stop_loss,135.63002587574044,SELL,0.82,,,,SELL,0.96,1.0,,6
0c36d555,DOT-USD,BUY,BEAR,0.6806280648128729,4.01980447769165,3.961198636511812,stop_loss,-102.78979065649153,BUY,0.66,BUY,0.53,Butterfly,BUY,0.79,0.77,,5
338b6fa9,DOT-USD,BUY,BEAR,0.6525739062961673,3.9235901832580566,3.860215794675259,stop_loss,-101.76189274992674,BUY,0.66,BUY,0.44,Butterfly,BUY,0.78,0.74,,6
cfa7ad40,DOT-USD,SELL,BEAR,0.6569407179269915,3.9029297828674316,3.7923327008357517,stop_loss,146.81923854843586,SELL,0.85,BUY,0.41,Butterfly,SELL,0.88,0.88,,7
73e7552d,DOT-USD,BUY,BEAR,0.7328584323611961,3.917097568511963,3.870842614377368,stop_loss,-102.21246620791163,BUY,0.66,BUY,0.43,Butterfly,BUY,0.98,1.0,,8
0b931ae1,DOT-USD,BUY,BULL,0.6882329424450679,3.923967123031616,3.873875409768321,stop_loss,-101.19034154583224,BUY,0.85,SELL,0.43,Gartley,BUY,0.96,1.0,,10
5b9161b8,DOT-USD,BUY,BULL,0.6796393053136085,4.092374801635742,4.096467176437377,stop_loss,54.83754142063868,BUY,0.85,,,,BUY,0.93,0.92,,7
ec4a0627,DOT-USD,BUY,BULL,0.7057092172418211,4.089653491973877,4.09374314546585,stop_loss,55.05690937298065,BUY,0.85,,,,BUY,1.0,1.0,,8
94684299,DOT-USD,BUY,BULL,0.6592250715787176,4.114477634429932,4.065112601039377,stop_loss,-101.27738263831054,BUY,0.82,,,,BUY,0.91,1.0,,9
7eb6d309,DOT-USD,SELL,BULL,0.6516070196002228,3.95702862739563,3.8931270813461984,stop_loss,132.27647213239197,SELL,0.68,SELL,0.39,Gartley,SELL,0.79,0.82,,8
ba745195,DOT-USD,SELL,CHOP,0.8144718305115015,3.8982250690460205,3.953616236209484,stop_loss,-101.58737353325085,SELL,0.68,SELL,0.46,Gartley,SELL,0.93,0.98,,11
7c9ce9aa,DOT-USD,BUY,BULL,0.6927412595944344,4.091482639312744,4.294521558392192,take_profit,170.9715496564619,BUY,0.82,,,,BUY,0.99,1.0,,9
50f96d5f,DOT-USD,SELL,BEAR,0.6725633650604952,3.8906657695770264,3.9602227035869353,stop_loss,-102.2812152944832,SELL,0.85,,,,SELL,0.92,1.0,,12
712b2d0c,DOT-USD,SELL,CHOP,0.7053101648796574,4.058175086975098,4.098216483763861,stop_loss,-99.91012737227815,BUY,0.85,SELL,0.75,Gartley,SELL,0.84,0.93,,9
e8a4a494,DOT-USD,BUY,CHOP,0.7022570447766547,4.099059581756592,4.103158641338348,stop_loss,110.44060534117976,BUY,0.85,SELL,0.58,Gartley,BUY,0.96,0.99,,10
db0376e0,DOT-USD,SELL,CHOP,0.7486486992392378,4.0667290687561035,3.9168179038976887,take_profit,172.31830346608666,BUY,0.85,SELL,0.77,Gartley,SELL,0.91,0.99,,10
8e84a961,DOT-USD,SELL,BEAR,0.6713978087857136,3.8989481925964355,3.895049244403839,stop_loss,55.15849802743285,SELL,0.82,,,,SELL,0.94,0.99,,12
245676e5,DOT-USD,SELL,BEAR,0.680053932714564,3.9044137001037598,3.960647668061589,stop_loss,-103.63847593616246,SELL,0.82,,,,SELL,0.96,0.99,,12
880498c4,DOT-USD,SELL,BEAR,0.6832858777972441,3.8998382091522217,3.9573973095078845,stop_loss,-102.60209117680104,SELL,0.85,,,,SELL,0.94,0.99,,12
f93b99a2,DOT-USD,BUY,CHOP,0.6726947014480739,3.9148669242858887,3.8597152782305404,stop_loss,-101.57607026503254,BUY,0.66,,,,BUY,0.99,1.0,,13
f495381f,DOT-USD,BUY,CHOP,0.6650759837451545,3.938638925552368,4.148972675107387,take_profit,170.95252625605062,BUY,0.82,,,,BUY,0.9,1.0,,14
2ad13d35,DOT-USD,SELL,BULL,0.6847984949423449,4.1319990158081055,4.074247868613544,stop_loss,138.40156828817504,SELL,0.66,SELL,0.54,Gartley,SELL,0.8,0.77,,9
7471a712,DOT-USD,SELL,BULL,0.6940284923813287,4.05690336227417,4.102411790822552,stop_loss,-103.65385050782572,SELL,0.66,SELL,0.6,Gartley,SELL,0.78,0.86,,10
cb01886b,DOT-USD,SELL,BULL,0.7010979468049168,4.139022350311279,4.189059918119127,stop_loss,-102.61731200274578,SELL,0.68,SELL,0.53,Gartley,SELL,0.82,0.77,,9
10050b69,DOT-USD,SELL,CHOP,0.7205584506977877,4.063042640686035,3.8454931831486863,take_profit,172.70493610062255,SELL,0.34,SELL,0.61,Gartley,SELL,0.81,0.86,,10
64024b75,DOT-USD,BUY,CHOP,0.7035928686172659,3.9191558361053467,3.8697588451302254,stop_loss,-103.31818824372526,BUY,0.82,,,,BUY,0.97,1.0,,14
86757041,DOT-USD,SELL,CHOP,0.6620692561240218,3.8849172592163086,3.9256196211337158,stop_loss,-102.28500636128771,SELL,0.82,,,,SELL,0.89,1.0,,14
64ca617a,DOT-USD,SELL,BEAR,0.6510462086378062,3.8342134952545166,3.8823476329049895,stop_loss,-101.26215629767519,SELL,0.82,,,,SELL,0.89,0.9,,12
0a6e0884,DOT-USD,BUY,CHOP,0.6910278715328694,3.9289560317993164,3.932884987831115,stop_loss,54.204228202530714,BUY,0.85,,,,BUY,0.94,1.0,,15
55ee4954,DOT-USD,SELL,CHOP,0.6765195937786164,3.980407953262329,3.823687969228589,take_profit,171.34568092843054,BUY,0.85,SELL,0.67,Gartley,SELL,0.83,0.76,,11
319b3f36,DOT-USD,BUY,CHOP,0.6963410235233275,3.8508951663970947,3.854746061563491,stop_loss,53.84970949888047,BUY,0.85,,,,BUY,0.95,0.96,,14
b5493a5c,DOT-USD,BUY,CHOP,0.7166929338396568,3.8478338718414307,3.8516817057132715,stop_loss,48.96419061699281,BUY,0.85,,,,BUY,0.99,1.0,,16
d9a70dee,DOT-USD,BUY,CHOP,0.6963045212961423,3.8579275608062744,3.824989700147103,stop_loss,-88.39360424565473,BUY,0.85,,,,BUY,0.95,1.0,,16
99cfe7ad,DOT-USD,BUY,CHOP,0.7042368367397756,3.850600481033325,3.924990759560188,take_profit,112.37536499753054,BUY,0.82,,,,BUY,0.98,1.0,,16
d9607627,DOT-USD,SELL,CHOP,0.658609195634253,4.187597274780273,4.227630673238396,stop_loss,-99.20690082311476,SELL,0.66,SELL,0.36,Butterfly,SELL,0.72,0.62,,10
918f72f5,DOT-USD,BUY,CHOP,0.7489155834257353,4.154730796813965,4.158885527610779,stop_loss,54.362239584064376,SELL,0.85,BUY,1.0,Gartley,BUY,0.75,0.7,,12
1c6fdb9c,DOT-USD,SELL,BEAR,0.6513243022789188,4.00606632232666,4.0020602560043335,stop_loss,54.94103617069758,SELL,0.85,,,,SELL,0.86,0.82,,16
65e5a9a1,DOT-USD,SELL,CHOP,0.6771068709737402,4.0042901039123535,3.8897421201552516,take_profit,168.38222592439388,SELL,0.82,,,,SELL,0.92,0.91,,18
1787c8d6,DOT-USD,SELL,BEAR,0.6739723799603006,3.908911943435669,3.959442866883259,stop_loss,-105.5577764432458,SELL,0.85,,,,SELL,0.92,0.92,,18
1fdb7c61,DOT-USD,SELL,BEAR,0.682235496031099,3.9142987728118896,3.967785925058793,stop_loss,-104.50219867881323,SELL,0.85,,,,SELL,0.94,0.92,,18
ad93ffd3,DOT-USD,SELL,BEAR,0.6753427507168701,3.8250396251678467,3.8932412988912395,stop_loss,-103.45717669202507,SELL,0.85,,,,SELL,0.92,1.0,,19
8e6e5519,DOT-USD,SELL,CHOP,0.6717455899757309,3.8956618309020996,3.8917661690711975,stop_loss,53.26774151049078,SELL,0.82,,,,SELL,0.91,0.98,,20
d1565bdc,DOT-USD,SELL,CHOP,0.6531525677179302,3.888737916946411,3.847540491485215,stop_loss,113.21866903583117,SELL,0.82,,,,SELL,0.88,0.97,,20
20c029fd,DOT-USD,SELL,CHOP,0.6981454426340921,3.907334566116333,3.945129257493675,stop_loss,-100.68126242307144,SELL,0.82,,,,SELL,0.96,0.99,,21
0d80f1b4,DOT-USD,SELL,CHOP,0.6544263307046496,3.992555618286133,3.9885630626678465,stop_loss,56.062523174607314,SELL,0.82,,,,SELL,0.88,0.91,,19
e01ec286,DOT-USD,BUY,CHOP,0.678854920633758,4.020039081573486,3.973495138974692,stop_loss,-103.64128163808405,BUY,0.85,,,,BUY,0.91,0.94,,19
4a589d36,DOT-USD,SELL,CHOP,0.6977507900354343,3.9052438735961914,3.9013386297225954,stop_loss,53.82717982956272,SELL,0.82,,,,SELL,0.96,1.0,,22
38db4267,DOT-USD,SELL,CHOP,0.6900556139001931,3.9054324626922607,3.8629584965196786,stop_loss,129.42124422721577,SELL,0.82,,,,SELL,0.95,0.98,,21
9c5e05cb,DOT-USD,SELL,CHOP,0.6906133454192354,3.8984596729278564,3.9418885198132685,stop_loss,-104.4373530622702,SELL,0.85,,,,SELL,0.94,1.0,,21
046ee0ed,DOT-USD,SELL,CHOP,0.6549467945367113,4.2881598472595215,4.221287317374038,stop_loss,141.93557822587485,SELL,0.66,SELL,0.51,Gartley,SELL,0.6,0.48,,8
9ecee084,DOT-USD,SELL,CHOP,0.6603909571812371,4.233879566192627,4.139403005813296,stop_loss,156.11800192877348,SELL,0.68,SELL,0.48,Gartley,SELL,0.62,0.55,,9
d6bb4d4b,ATOM-USD,SELL,BEAR,0.7043369213634856,4.715791702270508,4.711075910568237,stop_loss,52.53027029352949,SELL,0.85,,,,SELL,1.0,1.0,,4
3dc2709a,ATOM-USD,SELL,BEAR,0.682960336823328,4.699054718017578,4.576130221785941,stop_loss,136.51675904670586,SELL,0.85,,,,SELL,0.94,1.0,,4
2f3f5199,ATOM-USD,SELL,BEAR,0.6562935442432427,4.594196796417236,4.682276780768169,stop_loss,-101.89047029340227,SELL,0.85,,,,SELL,0.88,0.88,,6
54f7cad6,ATOM-USD,SELL,BEAR,0.6776950642936337,4.5942063331604,4.672406960547874,stop_loss,-100.87156559046821,SELL,0.85,,,,SELL,0.93,0.96,,7
ccc8f926,ATOM-USD,BUY,CHOP,0.6739607145261098,4.722692966461182,4.7993133691739445,stop_loss,141.60701951835557,BUY,0.68,,,,BUY,0.98,1.0,,5
29f1ce0c,ATOM-USD,SELL,BEAR,0.6547404438979467,4.6851043701171875,4.68041926574707,stop_loss,54.18693549904314,SELL,0.82,,,,SELL,0.9,1.0,,6
f20ec87a,ATOM-USD,BUY,CHOP,0.7077901238320096,4.300522804260254,4.372534605823406,stop_loss,142.31917167578825,BUY,0.82,BUY,0.51,Gartley,BUY,0.63,0.48,,5
bd09bc73,ATOM-USD,BUY,BULL,0.6899316459864051,4.72976541519165,4.734495180606841,stop_loss,54.909898751887326,BUY,0.85,,,,BUY,0.96,1.0,,7
27dcc686,ATOM-USD,BUY,BULL,0.6870578063681891,4.7320380210876465,4.736770059108734,stop_loss,53.76621244017758,BUY,0.85,,,,BUY,0.95,1.0,,7
3c3e8197,ATOM-USD,BUY,BULL,0.681473817373604,4.728321075439453,4.679884304811085,stop_loss,-104.3307423134154,BUY,0.82,,,,BUY,0.96,1.0,,9
61a33bc7,ATOM-USD,BUY,BULL,0.6820044693326788,4.727901935577393,4.669040521942515,stop_loss,-103.28743489028182,BUY,0.82,,,,BUY,0.97,1.0,,9
24117128,ATOM-USD,BUY,BULL,0.6775154673796273,4.739599704742432,4.789494921435382,stop_loss,130.71914755004912,BUY,0.85,,,,BUY,0.93,1.0,,9
530159b1,ATOM-USD,BUY,BULL,0.6928100602091908,4.72749137878418,4.687996157093165,stop_loss,-86.51934032016044,BUY,0.85,,,,BUY,0.97,1.0,,9
8cda744b,ATOM-USD,SELL,CHOP,0.6581653928175966,4.521430015563965,4.607476538443289,stop_loss,-102.69655861367812,SELL,0.85,,,,SELL,0.87,0.84,,8
3e5cd733,ATOM-USD,BUY,CHOP,0.6529945189642304,4.5443315505981445,4.496733208793584,stop_loss,-101.66959302754177,BUY,0.85,,,,BUY,0.86,0.9,,8
8fb34921,ATOM-USD,BUY,BULL,0.6890232480228202,4.730483531951904,4.670955751623772,stop_loss,-100.65289709726552,BUY,0.85,,,,BUY,0.96,1.0,,10
ee36b99c,ATOM-USD,SELL,CHOP,0.6596884997041792,4.606709003448486,4.4835881389928165,stop_loss,148.69927355066878,SELL,0.82,,,,SELL,0.89,0.85,,10
740117b2,ATOM-USD,SELL,BEAR,0.6526605021522258,4.475526809692383,4.540187753525198,stop_loss,-101.13336086179937,SELL,0.85,,,,SELL,0.87,0.82,,9
15e7ada0,ATOM-USD,SELL,CHOP,0.6529766878321795,4.545001983642578,4.442545993845856,take_profit,127.8970647120835,SELL,0.82,,,,SELL,0.88,0.89,,10
a69d8b66,ATOM-USD,SELL,CHOP,0.694520677652105,4.508157253265381,4.562425166799973,stop_loss,-101.40099790030348,SELL,0.85,,,,SELL,0.94,1.0,,10
42f0f25a,ATOM-USD,BUY,CHOP,0.6732863338144873,4.482525825500488,4.511502703297164,stop_loss,111.17312079465789,BUY,0.82,,,,BUY,0.92,0.94,,11
10b7c3f3,ATOM-USD,BUY,CHOP,0.8472359903503615,4.482985019683838,4.447817455679066,stop_loss,-79.62245436260454,BUY,0.57,BUY,0.76,Gartley,BUY,0.84,0.9,,10
b268b1fa,ATOM-USD,BUY,CHOP,0.7722182296148439,4.404701232910156,4.505469556448764,take_profit,130.54957822141233,BUY,0.66,BUY,0.53,Gartley,BUY,0.81,0.75,,9
3fae34b2,ATOM-USD,BUY,CHOP,0.7109132351116891,4.528812408447266,4.491248674894966,stop_loss,-84.60939921546914,BUY,0.82,,,,BUY,0.99,1.0,,10
fbdd1085,ATOM-USD,BUY,CHOP,0.7645359661711645,4.423861980438232,4.377376187245185,stop_loss,-101.16189637568007,BUY,0.66,BUY,0.56,Gartley,BUY,0.78,0.79,,9
de5f389d,ATOM-USD,BUY,CHOP,0.8462962577858643,4.422118663787842,4.5173380907824665,take_profit,122.20106605786071,BUY,0.82,BUY,0.69,Gartley,BUY,0.77,0.77,,10
7c74f873,ATOM-USD,BUY,CHOP,0.6698077655883552,4.529020309448242,4.499938257528091,stop_loss,-65.09386011890525,BUY,0.85,,,,BUY,0.9,0.87,,10
22484dce,ATOM-USD,BUY,CHOP,0.9396701059880773,4.488575458526611,4.518554794538378,stop_loss,85.08495325746395,BUY,0.85,BUY,0.75,Gartley,BUY,0.89,1.0,,13
624e7369,ATOM-USD,BUY,CHOP,0.6516975755085426,4.535921573638916,4.5404574952125545,stop_loss,40.6410548730434,BUY,0.85,SELL,0.48,Butterfly,BUY,0.86,0.85,,10
e0ff7d65,ATOM-USD,SELL,BULL,0.7151650969277257,4.557694435119629,4.598005134458936,stop_loss,-90.19536362595721,SELL,0.66,SELL,0.5,Butterfly,SELL,0.9,0.86,,12
6da202de,ATOM-USD,SELL,BULL,0.6598885845008389,4.5948262214660645,4.641015749606996,stop_loss,-101.07665591635697,SELL,0.66,SELL,0.45,Butterfly,SELL,0.79,0.75,,11
ef3f92dc,ATOM-USD,SELL,CHOP,0.7518617233379576,4.6526570320129395,4.648004374980927,stop_loss,40.30853397920675,SELL,0.66,SELL,0.58,Gartley,SELL,0.74,0.68,,9
f8bb5cc8,ATOM-USD,SELL,CHOP,0.7680760892816232,4.652278423309326,4.686825628229845,stop_loss,-74.60693323127053,SELL,0.66,SELL,0.58,Gartley,SELL,0.77,0.72,,10
88e5003e,ATOM-USD,SELL,CHOP,0.6933325807356858,4.6387939453125,4.668631936397579,stop_loss,-64.1444995472593,SELL,0.66,SELL,0.4,Butterfly,SELL,0.75,0.75,,10
646ad7d5,ATOM-USD,SELL,CHOP,0.7118914526445708,4.653100490570068,4.684838066490553,stop_loss,-67.58086091527161,SELL,0.66,SELL,0.39,Butterfly,SELL,0.8,0.75,,10
4388a658,ATOM-USD,BUY,CHOP,0.6621865806064292,4.720803260803223,4.821260108406186,take_profit,118.66191498351576,BUY,0.85,SELL,0.39,Butterfly,BUY,0.88,0.85,,11
9f359420,ATOM-USD,SELL,CHOP,0.7539070708067046,4.692236423492432,4.687544187068939,stop_loss,54.2959634462199,SELL,0.66,SELL,0.38,Butterfly,SELL,0.88,0.95,,13
61b57bea,ATOM-USD,SELL,CHOP,0.7984505576544905,4.657626152038574,4.652968525886536,stop_loss,54.92752486306844,SELL,0.85,SELL,0.48,Butterfly,SELL,0.81,0.75,,10
d3e6fa30,ATOM-USD,SELL,CHOP,0.777429592580113,4.636220455169678,4.499261649552291,take_profit,168.54512308441016,SELL,0.85,SELL,0.51,Butterfly,SELL,0.75,0.76,,10
76fb4364,ATOM-USD,SELL,BEAR,0.6553723228049199,4.506375789642334,4.501869413852692,stop_loss,55.77771005437152,SELL,0.85,BUY,0.61,Gartley,SELL,0.87,0.91,,11
fbe470f0,ATOM-USD,BUY,BEAR,0.7252612185946321,4.537912845611572,4.496836129829921,stop_loss,-93.16911594643184,BUY,0.66,BUY,0.57,Gartley,BUY,0.88,0.89,,11
bf99fc8e,ATOM-USD,BUY,BEAR,0.7518047532392569,4.538451194763184,4.502738502850641,stop_loss,-80.25983099492149,BUY,0.68,BUY,0.57,Gartley,BUY,0.93,0.93,,15
6ed05633,ATOM-USD,BUY,CHOP,0.6846656834997946,4.48879337310791,4.493282166481017,stop_loss,41.962672283616016,SELL,0.82,BUY,0.61,Gartley,BUY,0.89,1.0,,14
1fdeca86,ATOM-USD,BUY,CHOP,0.8367541455865128,4.538701057434082,4.5777732523440315,stop_loss,125.60591048858043,BUY,0.68,BUY,0.57,Gartley,BUY,0.9,0.89,,15
7d44af4f,ATOM-USD,BUY,CHOP,0.6792401295990268,4.608912467956543,4.672144410292155,stop_loss,136.77573125997262,BUY,0.85,,,,BUY,0.91,0.88,,15
9cff2f8a,ATOM-USD,BUY,CHOP,0.6577766494871289,4.724311828613281,4.684061416614238,stop_loss,-88.80822925038116,BUY,0.85,SELL,0.44,Gartley,BUY,0.87,0.85,,13
402e85a9,ATOM-USD,SELL,CHOP,0.670655009774384,4.593285083770752,4.442203538902709,take_profit,175.6929693547064,SELL,0.82,,,,SELL,0.91,0.97,,16
7c54c10b,ATOM-USD,BUY,BEAR,0.7529451562237635,4.476992607116699,4.481469599723815,stop_loss,40.41902832429615,BUY,0.66,BUY,0.6,Gartley,BUY,0.93,1.0,,15
32899cd6,ATOM-USD,BUY,BEAR,0.7632043364638621,4.4672160148620605,4.434783409548334,stop_loss,-76.60166328144,BUY,0.66,BUY,0.59,Gartley,BUY,0.96,1.0,,15
718abec2,ATOM-USD,SELL,BEAR,0.6793094355360478,4.436921119689941,4.344823819556759,take_profit,123.20309973908432,SELL,0.85,BUY,0.55,Gartley,SELL,0.93,1.0,,15
50fea66c,ATOM-USD,SELL,CHOP,0.6884370901744352,4.1047682762146,4.015525357418193,take_profit,130.56298307804525,SELL,0.82,SELL,0.49,Butterfly,SELL,0.61,0.49,,10
4fbd665d,AAPL,SELL,CHOP,0.7210963746980088,149.83999633789062,149.69015634155272,stop_loss,76.23761546346911,SELL,0.85,,,,SELL,0.99,1.0,,5
059b891f,AAPL,BUY,CHOP,0.6629527173360271,150.17999267578125,140.31768474863273,stop_loss,-151.14356423195193,BUY,0.66,,,,BUY,0.97,1.0,,5
6abb51ad,AAPL,BUY,CHOP,0.6676706172996718,150.82000732421875,162.54246989518847,stop_loss,208.85773689641755,BUY,0.82,,,,BUY,0.9,1.0,,6
881d19c9,AAPL,SELL,BULL,0.7081378379764177,170.42999267578125,177.6089754380382,stop_loss,-152.00927682191912,SELL,0.68,SELL,0.54,Gartley,SELL,0.83,0.79,,5
3b5b7da1,AAPL,SELL,CHOP,0.6977806980170865,173.44000244140625,173.26656243896485,stop_loss,76.89915715419542,SELL,0.68,SELL,0.45,Gartley,SELL,0.72,0.62,,4
5991eae2,AAPL,BUY,BULL,0.6642676390318507,192.35000610351562,211.7207820724161,take_profit,256.5004625457356,BUY,0.85,,,,BUY,0.9,0.97,,6
