id,timestamp,symbol,timeframe,regime,direction,confluence_score,bull_score,bear_score,passed_gate,signals_count,weights,reasons
1,2026-09-10T21:13:01.298276+00:00,BTC-USD,1h,CHOP,HOLD,0.42644054611215226,0.0,0.42644054611215226,0,1,"{""support_resistance"": 0.52}","[""support_resistance: SELL (conf=0.82, weight=0.52, contrib=0.426)""]"
2,2026-09-10T21:13:01.310824+00:00,BTC-USD,1h,CHOP,HOLD,0.33837354593266783,0.0,0.33837354593266783,0,1,"{""support_resistance"": 0.52}","[""support_resistance: SELL (conf=0.65, weight=0.52, contrib=0.338)""]"
3,2026-09-10T21:13:01.322629+00:00,BTC-USD,1h,CHOP,HOLD,0.32393602213416495,0.0,0.32393602213416495,0,1,"{""support_resistance"": 0.52}","[""support_resistance: SELL (conf=0.62, weight=0.52, contrib=0.324)""]"
4,2026-09-10T21:13:01.335308+00:00,BTC-USD,1h,CHOP,HOLD,0.3106483365766514,0.0,0.3106483365766514,0,1,"{""support_resistance"": 0.52}","[""support_resistance: SELL (conf=0.60, weight=0.52, contrib=0.311)""]"
5,2026-09-10T21:13:01.346865+00:00,BTC-USD,1h,CHOP,HOLD,0.33571451762465654,0.0,0.33571451762465654,0,1,"{""support_resistance"": 0.52}","[""support_resistance: SELL (conf=0.65, weight=0.52, contrib=0.336)""]"
6,2026-09-10T21:13:01.358712+00:00,BTC-USD,1h,CHOP,HOLD,0.3595044878742147,0.3595044878742147,0.0,0,1,"{""support_resistance"": 0.52}","[""support_resistance: BUY (conf=0.69, weight=0.52, contrib=0.360)""]"
7,2026-09-10T21:13:01.371558+00:00,BTC-USD,1h,CHOP,HOLD,0.3669363031092239,0.3669363031092239,0.0,0,1,"{""support_resistance"": 0.52}","[""support_resistance: BUY (conf=0.71, weight=0.52, contrib=0.367)""]"
8,2026-09-10T21:13:01.383325+00:00,BTC-USD,1h,CHOP,HOLD,0.34329517294451833,0.0,0.34329517294451833,0,1,"{""support_resistance"": 0.52}","[""support_resistance: SELL (conf=0.66, weight=0.52, contrib=0.343)""]"
9,2026-09-10T21:13:01.395081+00:00,BTC-USD,1h,BEAR,HOLD,0.42914689559832236,0.0,0.42914689559832236,0,2,"{""indicators"": 0.36, ""support_resistance"": 0.4}","[""indicators: SELL (conf=0.62, weight=0.36, contrib=0.223)"", ""support_resistance: SELL (conf=0.52, weight=0.40, contrib=0.206)""]"
10,2026-09-10T21:13:01.407644+00:00,BTC-USD,1h,BEAR,HOLD,0.43151094863845596,0.0,0.43151094863845596,0,2,"{""indicators"": 0.36, ""support_resistance"": 0.4}","[""indicators: SELL (conf=0.62, weight=0.36, contrib=0.223)"", ""support_resistance: SELL (conf=0.52, weight=0.40, contrib=0.209)""]"
11,2026-09-10T21:13:01.420315+00:00,BTC-USD,1h,BEAR,HOLD,0.45449707197103595,0.0,0.45449707197103595,0,2,"{""indicators"": 0.36, ""support_resistance"": 0.4}","[""indicators: SELL (conf=0.62, weight=0.36, contrib=0.223)"", ""support_resistance: SELL (conf=0.58, weight=0.40, contrib=0.232)""]"
12,2026-09-10T21:13:01.433321+00:00,BTC-USD,1h,CHOP,HOLD,0.4969516430578606,0.0,0.4969516430578606,0,2,"{""indicators"": 0.24, ""support_resistance"": 0.52}","[""indicators: SELL (conf=0.62, weight=0.24, contrib=0.149)"", ""support_resistance: SELL (conf=0.67, weight=0.52, contrib=0.348)""]"
13,2026-09-10T21:13:01.445833+00:00,BTC-USD,1h,CHOP,HOLD,0.4779427339289084,0.0,0.4779427339289084,0,2,"{""indicators"": 0.24, ""support_resistance"": 0.52}","[""indicators: SELL (conf=0.62, weight=0.24, contrib=0.149)"", ""support_resistance: SELL (conf=0.63, weight=0.52, contrib=0.329)""]"
14,2026-09-10T21:13:01.458097+00:00,BTC-USD,1h,BEAR,HOLD,0.463315819548895,0.0,0.463315819548895,0,2,"{""indicators"": 0.36, ""support_resistance"": 0.4}","[""indicators: SELL (conf=0.62, weight=0.36, contrib=0.223)"", ""support_resistance: SELL (conf=0.60, weight=0.40, contrib=0.240)""]"
15,2026-09-10T21:13:01.469921+00:00,BTC-USD,1h,BEAR,HOLD,0.4633542282362655,0.0,0.4633542282362655,0,2,"{""indicators"": 0.36, ""support_resistance"": 0.4}","[""indicators: SELL (conf=0.62, weight=0.36, contrib=0.223)"", ""support_resistance: SELL (conf=0.60, weight=0.40, contrib=0.240)""]"
16,2026-09-10T21:13:01.481892+00:00,BTC-USD,1h,BEAR,HOLD,0.4635876823376015,0.0,0.4635876823376015,0,2,"{""indicators"": 0.36, ""support_resistance"": 0.4}","[""indicators: SELL (conf=0.62, weight=0.36, contrib=0.223)"", ""support_resistance: SELL (conf=0.60, weight=0.40, contrib=0.241)""]"
17,2026-09-10T21:13:01.494118+00:00,BTC-USD,1h,BEAR,HOLD,0.46263508098817696,0.0,0.46263508098817696,0,2,"{""indicators"": 0.36, ""support_resistance"": 0.4}","[""indicators: SELL (conf=0.62, weight=0.36, contrib=0.223)"", ""support_resistance: SELL (conf=0.60, weight=0.40, contrib=0.240)""]"
18,2026-09-10T21:13:01.505906+00:00,BTC-USD,1h,BEAR,HOLD,0.4569284763520477,0.0,0.4569284763520477,0,2,"{""indicators"": 0.36, ""support_resistance"": 0.4}","[""indicators: SELL (conf=0.62, weight=0.36, contrib=0.223)"", ""support_resistance: SELL (conf=0.59, weight=0.40, contrib=0.234)""]"
19,2026-09-10T21:13:01.517217+00:00,BTC-USD,1h,BEAR,HOLD,0.461746827656688,0.0,0.461746827656688,0,2,"{""indicators"": 0.36, ""support_resistance"": 0.4}","[""indicators: SELL (conf=0.62, weight=0.36, contrib=0.223)"", ""support_resistance: SELL (conf=0.60, weight=0.40, contrib=0.239)""]"
20,2026-09-10T21:13:01.530247+00:00,BTC-USD,1h,BEAR,HOLD,0.35222402003214764,0.0,0.35222402003214764,0,2,"{""indicators"": 0.36, ""support_resistance"": 0.4}","[""indicators: SELL (conf=0.31, weight=0.36, contrib=0.111)"", ""support_resistance: SELL (conf=0.60, weight=0.40, contrib=0.241)""]"
21,2026-09-10T21:13:01.542829+00:00,BTC-USD,1h,CHOP,HOLD,0.3998405446000217,0.0,0.3998405446000217,0,2,"{""indicators"": 0.24, ""support_resistance"": 0.52}","[""indicators: SELL (conf=0.31, weight=0.24, contrib=0.074)"", ""support_resistance: SELL (conf=0.63, weight=0.52, contrib=0.326)""]"
22,2026-09-10T21:13:01.555376+00:00,BTC-USD,1h,CHOP,HOLD,0.392182118654861,0.0,0.392182118654861,0,2,"{""indicators"": 0.24, ""support_resistance"": 0.52}","[""indicators: SELL (conf=0.31, weight=0.24, contrib=0.074)"", ""support_resistance: SELL (conf=0.61, weight=0.52, contrib=0.318)""]"
23,2026-09-10T21:13:01.567648+00:00,BTC-USD,1h,CHOP,HOLD,0.4043228107154649,0.0,0.4043228107154649,0,2,"{""indicators"": 0.24, ""support_resistance"": 0.52}","[""indicators: SELL (conf=0.31, weight=0.24, contrib=0.074)"", ""support_resistance: SELL (conf=0.64, weight=0.52, contrib=0.330)""]"
24,2026-09-10T21:13:01.578911+00:00,BTC-USD,1h,CHOP,HOLD,0.39558808316380933,0.0,0.39558808316380933,0,2,"{""indicators"": 0.24, ""support_resistance"": 0.52}","[""indicators: SELL (conf=0.31, weight=0.24, contrib=0.074)"", ""support_resistance: SELL (conf=0.62, weight=0.52, contrib=0.322)""]"
25,2026-09-10T21:13:01.593631+00:00,BTC-USD,1h,CHOP,HOLD,0.40220033474580713,0.0,0.40220033474580713,0,2,"{""indicators"": 0.24, ""support_resistance"": 0.52}","[""indicators: SELL (conf=0.31, weight=0.24, contrib=0.074)"", ""support_resistance: SELL (conf=0.63, weight=0.52, contrib=0.328)""]"
26,2026-09-10T21:13:01.606079+00:00,BTC-USD,1h,CHOP,HOLD,0.3245916596274377,0.0,0.3245916596274377,0,1,"{""support_resistance"": 0.52}","[""support_resistance: SELL (conf=0.62, weight=0.52, contrib=0.325)""]"
27,2026-09-10T21:13:01.618302+00:00,BTC-USD,1h,CHOP,HOLD,0.33361416560149365,0.0,0.33361416560149365,0,1,"{""support_resistance"": 0.52}","[""support_resistance: SELL (conf=0.64, weight=0.52, contrib=0.334)""]"
28,2026-09-10T21:13:01.630924+00:00,BTC-USD,1h,CHOP,HOLD,0.32517871040226093,0.0885264326014399,0.32517871040226093,0,2,"{""harmonic"": 0.36, ""support_resistance"": 0.52}","[""harmonic: BUY (conf=0.25, weight=0.36, contrib=0.089)"", ""support_resistance: SELL (conf=0.63, weight=0.52, contrib=0.325)""]"
29,2026-09-10T21:13:01.642986+00:00,BTC-USD,1h,CHOP,HOLD,0.3257285945568501,0.0,0.3257285945568501,0,1,"{""support_resistance"": 0.52}","[""support_resistance: SELL (conf=0.63, weight=0.52, contrib=0.326)""]"
30,2026-09-10T21:13:01.655291+00:00,BTC-USD,1h,CHOP,HOLD,0.3280731560780078,0.0,0.3280731560780078,0,1,"{""support_resistance"": 0.52}","[""support_resistance: SELL (conf=0.63, weight=0.52, contrib=0.328)""]"
31,2026-09-10T21:13:01.666954+00:00,BTC-USD,1h,CHOP,HOLD,0.33121249365648664,0.0,0.33121249365648664,0,1,"{""support_resistance"": 0.52}","[""support_resistance: SELL (conf=0.64, weight=0.52, contrib=0.331)""]"
32,2026-09-10T21:13:01.678459+00:00,BTC-USD,1h,CHOP,HOLD,0.3260593662799352,0.0,0.3260593662799352,0,1,"{""support_resistance"": 0.52}","[""support_resistance: SELL (conf=0.63, weight=0.52, contrib=0.326)""]"
33,2026-09-10T21:13:01.690766+00:00,BTC-USD,1h,CHOP,HOLD,0.33427338237465554,0.0,0.33427338237465554,0,1,"{""support_resistance"": 0.52}","[""support_resistance: SELL (conf=0.64, weight=0.52, contrib=0.334)""]"
34,2026-09-10T21:13:01.703563+00:00,BTC-USD,1h,CHOP,HOLD,0.31836881095115876,0.0,0.31836881095115876,0,1,"{""support_resistance"": 0.52}","[""support_resistance: SELL (conf=0.61, weight=0.52, contrib=0.318)""]"
35,2026-09-10T21:13:01.716064+00:00,BTC-USD,1h,CHOP,HOLD,0.3325001776268027,0.0,0.3325001776268027,0,1,"{""support_resistance"": 0.52}","[""support_resistance: SELL (conf=0.64, weight=0.52, contrib=0.333)""]"
36,2026-09-10T21:13:01.727808+00:00,BTC-USD,1h,CHOP,HOLD,0.3042177168680776,0.08492307692307692,0.3042177168680776,0,2,"{""indicators"": 0.24, ""support_resistance"": 0.52}","[""indicators: BUY (conf=0.35, weight=0.24, contrib=0.085)"", ""support_resistance: SELL (conf=0.59, weight=0.52, contrib=0.304)""]"
37,2026-09-10T21:13:01.740034+00:00,BTC-USD,1h,CHOP,HOLD,0.43666461175416016,0.0,0.43666461175416016,0,2,"{""indicators"": 0.24, ""support_resistance"": 0.52}","[""indicators: SELL (conf=0.62, weight=0.24, contrib=0.149)"", ""support_resistance: SELL (conf=0.55, weight=0.52, contrib=0.288)""]"
38,2026-09-10T21:13:01.753178+00:00,BTC-USD,1h,BEAR,HOLD,0.44329844484155256,0.0,0.44329844484155256,0,2,"{""indicators"": 0.36, ""support_resistance"": 0.4}","[""indicators: SELL (conf=0.62, weight=0.36, contrib=0.223)"", ""support_resistance: SELL (conf=0.55, weight=0.40, contrib=0.220)""]"
39,2026-09-10T21:13:01.766031+00:00,BTC-USD,1h,BEAR,HOLD,0.4561988308640467,0.0,0.4561988308640467,0,2,"{""indicators"": 0.36, ""support_resistance"": 0.4}","[""indicators: SELL (conf=0.62, weight=0.36, contrib=0.223)"", ""support_resistance: SELL (conf=0.58, weight=0.40, contrib=0.233)""]"
40,2026-09-10T21:13:01.778482+00:00,BTC-USD,1h,CHOP,HOLD,0.4714533144394169,0.0,0.4714533144394169,0,2,"{""indicators"": 0.24, ""support_resistance"": 0.52}","[""indicators: SELL (conf=0.62, weight=0.24, contrib=0.149)"", ""support_resistance: SELL (conf=0.62, weight=0.52, contrib=0.323)""]"
41,2026-09-10T21:13:01.791254+00:00,BTC-USD,1h,CHOP,HOLD,0.39718439984385306,0.0,0.39718439984385306,0,2,"{""indicators"": 0.24, ""support_resistance"": 0.52}","[""indicators: SELL (conf=0.31, weight=0.24, contrib=0.074)"", ""support_resistance: SELL (conf=0.62, weight=0.52, contrib=0.323)""]"
42,2026-09-10T21:13:01.804262+00:00,BTC-USD,1h,CHOP,HOLD,0.3970328540669138,0.0,0.3970328540669138,0,2,"{""indicators"": 0.24, ""support_resistance"": 0.52}","[""indicators: SELL (conf=0.31, weight=0.24, contrib=0.074)"", ""support_resistance: SELL (conf=0.62, weight=0.52, contrib=0.323)""]"
43,2026-09-10T21:13:01.817080+00:00,BTC-USD,1h,CHOP,HOLD,0.3983714711311897,0.0,0.3983714711311897,0,2,"{""indicators"": 0.24, ""support_resistance"": 0.52}","[""indicators: SELL (conf=0.31, weight=0.24, contrib=0.074)"", ""support_resistance: SELL (conf=0.62, weight=0.52, contrib=0.325)""]"
44,2026-09-10T21:13:01.828722+00:00,BTC-USD,1h,CHOP,HOLD,0.41655468515921296,0.0,0.41655468515921296,0,2,"{""indicators"": 0.24, ""support_resistance"": 0.52}","[""indicators: SELL (conf=0.31, weight=0.24, contrib=0.074)"", ""support_resistance: SELL (conf=0.66, weight=0.52, contrib=0.343)""]"
45,2026-09-10T21:13:01.840789+00:00,BTC-USD,1h,CHOP,HOLD,0.37540262810819025,0.0,0.37540262810819025,0,1,"{""support_resistance"": 0.52}","[""support_resistance: SELL (conf=0.72, weight=0.52, contrib=0.375)""]"
46,2026-09-10T21:13:01.852397+00:00,BTC-USD,1h,CHOP,HOLD,0.39498262031882725,0.0,0.39498262031882725,0,1,"{""support_resistance"": 0.52}","[""support_resistance: SELL (conf=0.76, weight=0.52, contrib=0.395)""]"
47,2026-09-10T21:13:01.864715+00:00,BTC-USD,1h,CHOP,HOLD,0.4042262273654111,0.4042262273654111,0.0,0,1,"{""support_resistance"": 0.52}","[""support_resistance: BUY (conf=0.78, weight=0.52, contrib=0.404)""]"
48,2026-09-10T21:13:01.876217+00:00,BTC-USD,1h,CHOP,HOLD,0.3952353464865874,0.0,0.3952353464865874,0,1,"{""support_resistance"": 0.52}","[""support_resistance: SELL (conf=0.76, weight=0.52, contrib=0.395)""]"
49,2026-09-10T21:13:01.891744+00:00,BTC-USD,1h,CHOP,HOLD,0.4414560350992963,0.0,0.4414560350992963,0,1,"{""support_resistance"": 0.52}","[""support_resistance: SELL (conf=0.85, weight=0.52, contrib=0.441)""]"
50,2026-09-10T21:13:01.904393+00:00,BTC-USD,1h,CHOP,HOLD,0.44620443160743145,0.0,0.44620443160743145,0,1,"{""support_resistance"": 0.52}","[""support_resistance: SELL (conf=0.86, weight=0.52, contrib=0.446)""]"
51,2026-09-10T21:13:01.916868+00:00,BTC-USD,1h,CHOP,HOLD,0.3477026070718054,0.3477026070718054,0.0,0,1,"{""support_resistance"": 0.52}","[""support_resistance: BUY (conf=0.67, weight=0.52, contrib=0.348)""]"
52,2026-09-10T21:13:01.928674+00:00,BTC-USD,1h,CHOP,HOLD,0.3383127388958093,0.3383127388958093,0.0,0,1,"{""support_resistance"": 0.52}","[""support_resistance: BUY (conf=0.65, weight=0.52, contrib=0.338)""]"
53,2026-09-10T21:13:01.941076+00:00,BTC-USD,1h,CHOP,HOLD,0.4210608019072995,0.4210608019072995,0.0,0,1,"{""support_resistance"": 0.52}","[""support_resistance: BUY (conf=0.81, weight=0.52, contrib=0.421)""]"
54,2026-09-10T21:13:01.953830+00:00,BTC-USD,1h,CHOP,HOLD,0.4280611872480258,0.0,0.4280611872480258,0,1,"{""support_resistance"": 0.52}","[""support_resistance: SELL (conf=0.82, weight=0.52, contrib=0.428)""]"
55,2026-09-10T21:13:01.967665+00:00,BTC-USD,1h,CHOP,HOLD,0.356088565413702,0.356088565413702,0.0,0,1,"{""support_resistance"": 0.52}","[""support_resistance: BUY (conf=0.68, weight=0.52, contrib=0.356)""]"
56,2026-09-10T21:13:01.980731+00:00,BTC-USD,1h,CHOP,HOLD,0.3570850518274894,0.3570850518274894,0.0,0,1,"{""support_resistance"": 0.52}","[""support_resistance: BUY (conf=0.69, weight=0.52, contrib=0.357)""]"
57,2026-09-10T21:13:01.994299+00:00,BTC-USD,1h,CHOP,HOLD,0.3527605244182995,0.0,0.3527605244182995,0,1,"{""support_resistance"": 0.52}","[""support_resistance: SELL (conf=0.68, weight=0.52, contrib=0.353)""]"
58,2026-09-10T21:13:02.008377+00:00,BTC-USD,1h,CHOP,HOLD,0.3576042320976123,0.0,0.3576042320976123,0,1,"{""support_resistance"": 0.52}","[""support_resistance: SELL (conf=0.69, weight=0.52, contrib=0.358)""]"
59,2026-09-10T21:13:02.021549+00:00,BTC-USD,1h,CHOP,HOLD,0.34901750930005765,0.34901750930005765,0.0,0,1,"{""support_resistance"": 0.52}","[""support_resistance: BUY (conf=0.67, weight=0.52, contrib=0.349)""]"
60,2026-09-10T21:13:02.035523+00:00,BTC-USD,1h,CHOP,HOLD,0.33562849231295117,0.33562849231295117,0.0,0,1,"{""support_resistance"": 0.52}","[""support_resistance: BUY (conf=0.65, weight=0.52, contrib=0.336)""]"
61,2026-09-10T21:13:02.047198+00:00,BTC-USD,1h,CHOP,HOLD,0.4288406269152491,0.0,0.4288406269152491,0,1,"{""support_resistance"": 0.52}","[""support_resistance: SELL (conf=0.82, weight=0.52, contrib=0.429)""]"
62,2026-09-10T21:13:02.059703+00:00,BTC-USD,1h,CHOP,HOLD,0.5002141702614515,0.1486153846153846,0.5002141702614515,0,2,"{""indicators"": 0.24, ""support_resistance"": 0.52}","[""indicators: BUY (conf=0.62, weight=0.24, contrib=0.149)"", ""support_resistance: SELL (conf=0.96, weight=0.52, contrib=0.500)""]"
63,2026-09-10T21:13:02.072011+00:00,BTC-USD,1h,CHOP,HOLD,0.5056280125171506,0.1486153846153846,0.5056280125171506,0,2,"{""indicators"": 0.24, ""support_resistance"": 0.52}","[""indicators: BUY (conf=0.62, weight=0.24, contrib=0.149)"", ""support_resistance: SELL (conf=0.97, weight=0.52, contrib=0.506)""]"
64,2026-09-10T21:13:02.085418+00:00,BTC-USD,1h,CHOP,HOLD,0.5151160280464444,0.1486153846153846,0.5151160280464444,0,2,"{""indicators"": 0.24, ""support_resistance"": 0.52}","[""indicators: BUY (conf=0.62, weight=0.24, contrib=0.149)"", ""support_resistance: SELL (conf=0.99, weight=0.52, contrib=0.515)""]"
65,2026-09-10T21:13:02.098590+00:00,BTC-USD,1h,CHOP,HOLD,0.49661862124497097,0.1486153846153846,0.49661862124497097,0,2,"{""indicators"": 0.24, ""support_resistance"": 0.52}","[""indicators: BUY (conf=0.62, weight=0.24, contrib=0.149)"", ""support_resistance: SELL (conf=0.96, weight=0.52, contrib=0.497)""]"
66,2026-09-10T21:13:02.110894+00:00,BTC-USD,1h,CHOP,HOLD,0.4517513971625862,0.1486153846153846,0.4517513971625862,0,2,"{""indicators"": 0.24, ""support_resistance"": 0.52}","[""indicators: BUY (conf=0.62, weight=0.24, contrib=0.149)"", ""support_resistance: SELL (conf=0.87, weight=0.52, contrib=0.452)""]"
67,2026-09-10T21:13:02.123627+00:00,BTC-USD,1h,CHOP,HOLD,0.45248998259879486,0.45248998259879486,0.0,0,2,"{""indicators"": 0.24, ""support_resistance"": 0.52}","[""indicators: BUY (conf=0.50, weight=0.24, contrib=0.119)"", ""support_resistance: BUY (conf=0.64, weight=0.52, contrib=0.334)""]"
68,2026-09-10T21:13:02.136366+00:00,BTC-USD,1h,CHOP,HOLD,0.3475792513609695,0.3475792513609695,0.0,0,1,"{""support_resistance"": 0.52}","[""support_resistance: BUY (conf=0.67, weight=0.52, contrib=0.348)""]"
69,2026-09-10T21:13:02.148434+00:00,BTC-USD,1h,CHOP,HOLD,0.35565203906312864,0.35565203906312864,0.0,0,1,"{""support_resistance"": 0.52}","[""support_resistance: BUY (conf=0.68, weight=0.52, contrib=0.356)""]"
70,2026-09-10T21:13:02.160303+00:00,BTC-USD,1h,CHOP,HOLD,0.3261082878756219,0.0,0.3261082878756219,0,1,"{""support_resistance"": 0.52}","[""support_resistance: SELL (conf=0.63, weight=0.52, contrib=0.326)""]"
71,2026-09-10T21:13:02.172360+00:00,BTC-USD,1h,CHOP,HOLD,0.3160892113670446,0.0,0.3160892113670446,0,1,"{""support_resistance"": 0.52}","[""support_resistance: SELL (conf=0.61, weight=0.52, contrib=0.316)""]"
72,2026-09-10T21:13:02.185617+00:00,BTC-USD,1h,CHOP,HOLD,0.3205623210427014,0.0,0.3205623210427014,0,1,"{""support_resistance"": 0.52}","[""support_resistance: SELL (conf=0.62, weight=0.52, contrib=0.321)""]"
73,2026-09-10T21:13:02.200447+00:00,BTC-USD,1h,CHOP,HOLD,0.2952859916796162,0.0,0.2952859916796162,0,1,"{""support_resistance"": 0.52}","[""support_resistance: SELL (conf=0.57, weight=0.52, contrib=0.295)""]"
74,2026-09-10T21:13:02.212909+00:00,BTC-USD,1h,CHOP,HOLD,0.2931181786087687,0.0,0.2931181786087687,0,1,"{""support_resistance"": 0.52}","[""support_resistance: SELL (conf=0.56, weight=0.52, contrib=0.293)""]"
75,2026-09-10T21:13:02.224832+00:00,BTC-USD,1h,BEAR,HOLD,0.21898438605921405,0.0,0.21898438605921405,0,1,"{""support_resistance"": 0.4}","[""support_resistance: SELL (conf=0.55, weight=0.40, contrib=0.219)""]"
76,2026-09-10T21:13:02.236795+00:00,BTC-USD,1h,CHOP,HOLD,0.3430508333458349,0.3430508333458349,0.0,0,1,"{""support_resistance"": 0.52}","[""support_resistance: BUY (conf=0.66, weight=0.52, contrib=0.343)""]"
77,2026-09-10T21:13:02.249250+00:00,BTC-USD,1h,CHOP,HOLD,0.37080762027868375,0.0,0.37080762027868375,0,1,"{""support_resistance"": 0.52}","[""support_resistance: SELL (conf=0.71, weight=0.52, contrib=0.371)""]"
78,2026-09-10T21:13:02.261599+00:00,BTC-USD,1h,BEAR,HOLD,0.49134358803435774,0.0,0.49134358803435774,0,2,"{""indicators"": 0.36, ""support_resistance"": 0.4}","[""indicators: SELL (conf=0.62, weight=0.36, contrib=0.223)"", ""support_resistance: SELL (conf=0.67, weight=0.40, contrib=0.268)""]"
79,2026-09-10T21:13:02.274433+00:00,BTC-USD,1h,CHOP,HOLD,0.5152704855264016,0.0,0.5152704855264016,0,2,"{""indicators"": 0.24, ""support_resistance"": 0.52}","[""indicators: SELL (conf=0.62, weight=0.24, contrib=0.149)"", ""support_resistance: SELL (conf=0.71, weight=0.52, contrib=0.367)""]"
80,2026-09-10T21:13:02.286499+00:00,BTC-USD,1h,CHOP,HOLD,0.5122942917084587,0.0,0.5122942917084587,0,2,"{""indicators"": 0.24, ""support_resistance"": 0.52}","[""indicators: SELL (conf=0.31, weight=0.24, contrib=0.074)"", ""support_resistance: SELL (conf=0.84, weight=0.52, contrib=0.438)""]"
81,2026-09-10T21:13:02.299158+00:00,BTC-USD,1h,CHOP,HOLD,0.3526505024238959,0.0,0.3526505024238959,0,1,"{""support_resistance"": 0.52}","[""support_resistance: SELL (conf=0.68, weight=0.52, contrib=0.353)""]"
82,2026-09-10T21:13:02.311117+00:00,BTC-USD,1h,CHOP,HOLD,0.4660481093914817,0.4660481093914817,0.0,0,1,"{""support_resistance"": 0.52}","[""support_resistance: BUY (conf=0.90, weight=0.52, contrib=0.466)""]"
83,2026-09-10T21:13:02.324209+00:00,BTC-USD,1h,CHOP,HOLD,0.45574717173460527,0.45574717173460527,0.0,0,1,"{""support_resistance"": 0.52}","[""support_resistance: BUY (conf=0.88, weight=0.52, contrib=0.456)""]"
84,2026-09-10T21:13:02.337050+00:00,BTC-USD,1h,CHOP,HOLD,0.3762228795858786,0.0,0.3762228795858786,0,1,"{""support_resistance"": 0.52}","[""support_resistance: SELL (conf=0.72, weight=0.52, contrib=0.376)""]"
85,2026-09-10T21:13:02.349497+00:00,BTC-USD,1h,CHOP,HOLD,0.4023503392656078,0.0,0.4023503392656078,0,1,"{""support_resistance"": 0.52}","[""support_resistance: SELL (conf=0.77, weight=0.52, contrib=0.402)""]"
86,2026-09-10T21:13:02.362337+00:00,BTC-USD,1h,CHOP,HOLD,0.4017038845426733,0.0,0.4017038845426733,0,1,"{""support_resistance"": 0.52}","[""support_resistance: SELL (conf=0.77, weight=0.52, contrib=0.402)""]"
87,2026-09-10T21:13:02.375412+00:00,BTC-USD,1h,CHOP,HOLD,0.4522957923615643,0.4522957923615643,0.0,0,1,"{""support_resistance"": 0.52}","[""support_resistance: BUY (conf=0.87, weight=0.52, contrib=0.452)""]"
88,2026-09-10T21:13:02.388114+00:00,BTC-USD,1h,CHOP,HOLD,0.4721398082826508,0.0,0.4721398082826508,0,1,"{""support_resistance"": 0.52}","[""support_resistance: SELL (conf=0.91, weight=0.52, contrib=0.472)""]"
89,2026-09-10T21:13:02.400867+00:00,BTC-USD,1h,CHOP,HOLD,0.47373814249372276,0.0,0.47373814249372276,0,1,"{""support_resistance"": 0.52}","[""support_resistance: SELL (conf=0.91, weight=0.52, contrib=0.474)""]"
90,2026-09-10T21:13:02.413414+00:00,BTC-USD,1h,CHOP,HOLD,0.46305563404378897,0.1486153846153846,0.46305563404378897,0,2,"{""indicators"": 0.24, ""support_resistance"": 0.52}","[""indicators: BUY (conf=0.62, weight=0.24, contrib=0.149)"", ""support_resistance: SELL (conf=0.89, weight=0.52, contrib=0.463)""]"
91,2026-09-10T21:13:02.426168+00:00,BTC-USD,1h,CHOP,HOLD,0.4427609552325502,0.1486153846153846,0.4427609552325502,0,2,"{""indicators"": 0.24, ""support_resistance"": 0.52}","[""indicators: BUY (conf=0.62, weight=0.24, contrib=0.149)"", ""support_resistance: SELL (conf=0.85, weight=0.52, contrib=0.443)""]"
92,2026-09-10T21:13:02.439462+00:00,BTC-USD,1h,CHOP,HOLD,0.5953557771258993,0.5953557771258993,0.0,0,2,"{""indicators"": 0.24, ""support_resistance"": 0.52}","[""indicators: BUY (conf=0.62, weight=0.24, contrib=0.149)"", ""support_resistance: BUY (conf=0.86, weight=0.52, contrib=0.447)""]"
93,2026-09-10T21:13:02.452483+00:00,BTC-USD,1h,CHOP,HOLD,0.5981976752413356,0.5981976752413356,0.0,0,2,"{""indicators"": 0.24, ""support_resistance"": 0.52}","[""indicators: BUY (conf=0.62, weight=0.24, contrib=0.149)"", ""support_resistance: BUY (conf=0.86, weight=0.52, contrib=0.450)""]"
94,2026-09-10T21:13:02.464408+00:00,BTC-USD,1h,CHOP,HOLD,0.6016655917887967,0.6016655917887967,0.0,0,2,"{""indicators"": 0.24, ""support_resistance"": 0.52}","[""indicators: BUY (conf=0.62, weight=0.24, contrib=0.149)"", ""support_resistance: BUY (conf=0.87, weight=0.52, contrib=0.453)""]"
95,2026-09-10T21:13:02.477243+00:00,BTC-USD,1h,CHOP,HOLD,0.5159488084093544,0.5159488084093544,0.0,0,2,"{""indicators"": 0.24, ""support_resistance"": 0.52}","[""indicators: BUY (conf=0.62, weight=0.24, contrib=0.149)"", ""support_resistance: BUY (conf=0.71, weight=0.52, contrib=0.367)""]"
96,2026-09-10T21:13:02.492193+00:00,BTC-USD,1h,CHOP,HOLD,0.596994440108326,0.596994440108326,0.0,0,2,"{""indicators"": 0.24, ""support_resistance"": 0.52}","[""indicators: BUY (conf=0.62, weight=0.24, contrib=0.149)"", ""support_resistance: BUY (conf=0.86, weight=0.52, contrib=0.448)""]"
97,2026-09-10T21:13:02.509783+00:00,BTC-USD,1h,CHOP,HOLD,0.6167565627193643,0.6167565627193643,0.0,0,2,"{""indicators"": 0.24, ""support_resistance"": 0.52}","[""indicators: BUY (conf=0.62, weight=0.24, contrib=0.149)"", ""support_resistance: BUY (conf=0.90, weight=0.52, contrib=0.468)""]"
98,2026-09-10T21:13:02.525188+00:00,BTC-USD,1h,CHOP,HOLD,0.5407315821224339,0.5407315821224339,0.0,0,2,"{""indicators"": 0.24, ""support_resistance"": 0.52}","[""indicators: BUY (conf=0.31, weight=0.24, contrib=0.074)"", ""support_resistance: BUY (conf=0.90, weight=0.52, contrib=0.467)""]"
99,2026-09-10T21:13:02.542623+00:00,BTC-USD,1h,CHOP,HOLD,0.46898873623252824,0.0,0.46898873623252824,0,1,"{""support_resistance"": 0.52}","[""support_resistance: SELL (conf=0.90, weight=0.52, contrib=0.469)""]"
100,2026-09-10T21:13:02.558537+00:00,BTC-USD,1h,CHOP,HOLD,0.4714222287846925,0.0,0.4714222287846925,0,1,"{""support_resistance"": 0.52}","[""support_resistance: SELL (conf=0.91, weight=0.52, contrib=0.471)""]"
101,2026-09-10T21:13:02.574221+00:00,BTC-USD,1h,CHOP,HOLD,0.45749671400538766,0.45749671400538766,0.0,0,1,"{""support_resistance"": 0.52}","[""support_resistance: BUY (conf=0.88, weight=0.52, contrib=0.457)""]"
102,2026-09-10T21:13:02.588452+00:00,BTC-USD,1h,CHOP,HOLD,0.39086405587661777,0.0,0.39086405587661777,0,1,"{""support_resistance"": 0.52}","[""support_resistance: SELL (conf=0.75, weight=0.52, contrib=0.391)""]"
103,2026-09-10T21:13:02.603037+00:00,BTC-USD,1h,CHOP,HOLD,0.38930999592967636,0.07384615384615385,0.38930999592967636,0,2,"{""indicators"": 0.24, ""support_resistance"": 0.52}","[""indicators: BUY (conf=0.31, weight=0.24, contrib=0.074)"", ""support_resistance: SELL (conf=0.75, weight=0.52, contrib=0.389)""]"
104,2026-09-10T21:13:02.618130+00:00,BTC-USD,1h,CHOP,HOLD,0.5404319507161895,0.5404319507161895,0.0,0,2,"{""indicators"": 0.24, ""support_resistance"": 0.52}","[""indicators: BUY (conf=0.31, weight=0.24, contrib=0.074)"", ""support_resistance: BUY (conf=0.90, weight=0.52, contrib=0.467)""]"
105,2026-09-10T21:13:02.634791+00:00,BTC-USD,1h,CHOP,HOLD,0.5621038029186929,0.5621038029186929,0.0,0,2,"{""indicators"": 0.24, ""support_resistance"": 0.52}","[""indicators: BUY (conf=0.62, weight=0.24, contrib=0.149)"", ""support_resistance: BUY (conf=0.80, weight=0.52, contrib=0.413)""]"
106,2026-09-10T21:13:02.649806+00:00,BTC-USD,1h,CHOP,HOLD,0.5621660867697584,0.5621660867697584,0.0,0,2,"{""indicators"": 0.24, ""support_resistance"": 0.52}","[""indicators: BUY (conf=0.62, weight=0.24, contrib=0.149)"", ""support_resistance: BUY (conf=0.80, weight=0.52, contrib=0.414)""]"
107,2026-09-10T21:13:02.664583+00:00,BTC-USD,1h,CHOP,HOLD,0.3828314889581317,0.1486153846153846,0.3828314889581317,0,2,"{""indicators"": 0.24, ""support_resistance"": 0.52}","[""indicators: BUY (conf=0.62, weight=0.24, contrib=0.149)"", ""support_resistance: SELL (conf=0.74, weight=0.52, contrib=0.383)""]"
108,2026-09-10T21:13:02.679767+00:00,BTC-USD,1h,CHOP,HOLD,0.3852779377650645,0.1486153846153846,0.3852779377650645,0,2,"{""indicators"": 0.24, ""support_resistance"": 0.52}","[""indicators: BUY (conf=0.62, weight=0.24, contrib=0.149)"", ""support_resistance: SELL (conf=0.74, weight=0.52, contrib=0.385)""]"
109,2026-09-10T21:13:02.693801+00:00,BTC-USD,1h,CHOP,BUY,0.6606382388999658,0.6606382388999658,0.0,1,2,"{""indicators"": 0.24, ""support_resistance"": 0.52}","[""indicators: BUY (conf=0.62, weight=0.24, contrib=0.149)"", ""support_resistance: BUY (conf=0.98, weight=0.52, contrib=0.512)""]"
110,2026-09-10T21:13:02.771011+00:00,BTC-USD,1h,CHOP,HOLD,0.5195318550302214,0.0,0.5195318550302214,0,1,"{""support_resistance"": 0.52}","[""support_resistance: SELL (conf=1.00, weight=0.52, contrib=0.520)""]"
111,2026-09-10T21:13:02.785025+00:00,BTC-USD,1h,CHOP,HOLD,0.38067686269804524,0.38067686269804524,0.11916052444318334,0,2,"{""harmonic"": 0.36, ""support_resistance"": 0.52}","[""harmonic: SELL (conf=0.33, weight=0.36, contrib=0.119)"", ""support_resistance: BUY (conf=0.73, weight=0.52, contrib=0.381)""]"
112,2026-09-10T21:13:02.800458+00:00,BTC-USD,1h,CHOP,HOLD,0.509622860350934,0.0,0.509622860350934,0,2,"{""harmonic"": 0.36, ""support_resistance"": 0.52}","[""harmonic: SELL (conf=0.33, weight=0.36, contrib=0.119)"", ""support_resistance: SELL (conf=0.75, weight=0.52, contrib=0.391)""]"
113,2026-09-10T21:13:02.815170+00:00,BTC-USD,1h,CHOP,HOLD,0.3830130279324271,0.3830130279324271,0.11815252444318333,0,2,"{""harmonic"": 0.36, ""support_resistance"": 0.52}","[""harmonic: SELL (conf=0.33, weight=0.36, contrib=0.118)"", ""support_resistance: BUY (conf=0.74, weight=0.52, contrib=0.383)""]"
114,2026-09-10T21:13:02.830270+00:00,BTC-USD,1h,CHOP,HOLD,0.5069484545762837,0.0,0.5069484545762837,0,2,"{""harmonic"": 0.36, ""support_resistance"": 0.52}","[""harmonic: SELL (conf=0.33, weight=0.36, contrib=0.118)"", ""support_resistance: SELL (conf=0.75, weight=0.52, contrib=0.389)""]"
115,2026-09-10T21:13:02.845448+00:00,BTC-USD,1h,CHOP,SELL,0.6872206314499107,0.0,0.6872206314499107,1,2,"{""harmonic"": 0.36, ""support_resistance"": 0.52}","[""harmonic: SELL (conf=0.46, weight=0.36, contrib=0.167)"", ""support_resistance: SELL (conf=1.00, weight=0.52, contrib=0.520)""]"
116,2026-09-10T21:13:02.894744+00:00,BTC-USD,1h,CHOP,HOLD,0.3363241751811414,0.3363241751811414,0.10958452444318334,0,2,"{""harmonic"": 0.36, ""support_resistance"": 0.52}","[""harmonic: SELL (conf=0.30, weight=0.36, contrib=0.110)"", ""support_resistance: BUY (conf=0.65, weight=0.52, contrib=0.336)""]"
117,2026-09-10T21:13:02.909136+00:00,BTC-USD,1h,CHOP,HOLD,0.49140165157569554,0.0,0.49140165157569554,0,2,"{""harmonic"": 0.36, ""support_resistance"": 0.52}","[""harmonic: SELL (conf=0.30, weight=0.36, contrib=0.109)"", ""support_resistance: SELL (conf=0.74, weight=0.52, contrib=0.382)""]"
118,2026-09-10T21:13:02.922400+00:00,BTC-USD,1h,CHOP,HOLD,0.38620088001682,0.38620088001682,0.10857652444318334,0,2,"{""harmonic"": 0.36, ""support_resistance"": 0.52}","[""harmonic: SELL (conf=0.30, weight=0.36, contrib=0.109)"", ""support_resistance: BUY (conf=0.74, weight=0.52, contrib=0.386)""]"
119,2026-09-10T21:13:02.934900+00:00,BTC-USD,1h,BULL,HOLD,0.2706588101717208,0.2706588101717208,0.0720483496287889,0,2,"{""harmonic"": 0.24, ""support_resistance"": 0.4}","[""harmonic: SELL (conf=0.30, weight=0.24, contrib=0.072)"", ""support_resistance: BUY (conf=0.68, weight=0.40, contrib=0.271)""]"
120,2026-09-10T21:13:02.947237+00:00,BTC-USD,1h,CHOP,HOLD,0.4735053860544156,0.0,0.4735053860544156,0,2,"{""harmonic"": 0.36, ""support_resistance"": 0.52}","[""harmonic: SELL (conf=0.30, weight=0.36, contrib=0.108)"", ""support_resistance: SELL (conf=0.70, weight=0.52, contrib=0.366)""]"
121,2026-09-10T21:13:02.960456+00:00,BTC-USD,1h,CHOP,HOLD,0.46649976113947716,0.0,0.46649976113947716,0,2,"{""harmonic"": 0.36, ""support_resistance"": 0.52}","[""harmonic: SELL (conf=0.30, weight=0.36, contrib=0.107)"", ""support_resistance: SELL (conf=0.69, weight=0.52, contrib=0.359)""]"
122,2026-09-10T21:13:02.973517+00:00,BTC-USD,1h,CHOP,HOLD,0.4594917949668656,0.0,0.4594917949668656,0,2,"{""harmonic"": 0.36, ""support_resistance"": 0.52}","[""harmonic: SELL (conf=0.30, weight=0.36, contrib=0.107)"", ""support_resistance: SELL (conf=0.68, weight=0.52, contrib=0.353)""]"
123,2026-09-10T21:13:02.985465+00:00,BTC-USD,1h,CHOP,HOLD,0.34064427218025767,0.34064427218025767,0.10605652444318335,0,2,"{""harmonic"": 0.36, ""support_resistance"": 0.52}","[""harmonic: SELL (conf=0.29, weight=0.36, contrib=0.106)"", ""support_resistance: BUY (conf=0.66, weight=0.52, contrib=0.341)""]"
124,2026-09-10T21:13:02.997549+00:00,BTC-USD,1h,CHOP,HOLD,0.34595607226804803,0.34595607226804803,0.10555252444318335,0,2,"{""harmonic"": 0.36, ""support_resistance"": 0.52}","[""harmonic: SELL (conf=0.29, weight=0.36, contrib=0.106)"", ""support_resistance: BUY (conf=0.67, weight=0.52, contrib=0.346)""]"
125,2026-09-10T21:13:03.009443+00:00,BTC-USD,1h,CHOP,HOLD,0.31935176857947295,0.31935176857947295,0.10504852444318336,0,2,"{""harmonic"": 0.36, ""support_resistance"": 0.52}","[""harmonic: SELL (conf=0.29, weight=0.36, contrib=0.105)"", ""support_resistance: BUY (conf=0.61, weight=0.52, contrib=0.319)""]"
126,2026-09-10T21:13:03.021593+00:00,BTC-USD,1h,CHOP,HOLD,0.4302207119869976,0.1486153846153846,0.4302207119869976,0,3,"{""indicators"": 0.24, ""harmonic"": 0.36, ""support_resistance"": 0.52}","[""indicators: BUY (conf=0.62, weight=0.24, contrib=0.149)"", ""harmonic: SELL (conf=0.29, weight=0.36, contrib=0.105)"", ""support_resistance: SELL (conf=0.63, weight=0.52, contrib=0.326)""]"
127,2026-09-10T21:13:03.033764+00:00,BTC-USD,1h,CHOP,HOLD,0.4322358670689947,0.1486153846153846,0.4322358670689947,0,3,"{""indicators"": 0.24, ""harmonic"": 0.36, ""support_resistance"": 0.52}","[""indicators: BUY (conf=0.62, weight=0.24, contrib=0.149)"", ""harmonic: SELL (conf=0.29, weight=0.36, contrib=0.104)"", ""support_resistance: SELL (conf=0.63, weight=0.52, contrib=0.328)""]"
128,2026-09-10T21:13:03.045832+00:00,BTC-USD,1h,CHOP,HOLD,0.42691735341205295,0.1486153846153846,0.42691735341205295,0,3,"{""indicators"": 0.24, ""harmonic"": 0.36, ""support_resistance"": 0.52}","[""indicators: BUY (conf=0.62, weight=0.24, contrib=0.149)"", ""harmonic: SELL (conf=0.29, weight=0.36, contrib=0.104)"", ""support_resistance: SELL (conf=0.62, weight=0.52, contrib=0.323)""]"
129,2026-09-10T21:13:03.059217+00:00,BTC-USD,1h,CHOP,HOLD,0.4702786446762624,0.1486153846153846,0.4702786446762624,0,3,"{""indicators"": 0.24, ""harmonic"": 0.36, ""support_resistance"": 0.52}","[""indicators: BUY (conf=0.62, weight=0.24, contrib=0.149)"", ""harmonic: SELL (conf=0.29, weight=0.36, contrib=0.103)"", ""support_resistance: SELL (conf=0.71, weight=0.52, contrib=0.367)""]"
130,2026-09-10T21:13:03.071936+00:00,BTC-USD,1h,CHOP,HOLD,0.4745277385048897,0.1486153846153846,0.4745277385048897,0,3,"{""indicators"": 0.24, ""harmonic"": 0.36, ""support_resistance"": 0.52}","[""indicators: BUY (conf=0.62, weight=0.24, contrib=0.149)"", ""harmonic: SELL (conf=0.28, weight=0.36, contrib=0.103)"", ""support_resistance: SELL (conf=0.72, weight=0.52, contrib=0.372)""]"
131,2026-09-10T21:13:03.084886+00:00,BTC-USD,1h,CHOP,HOLD,0.4724100011685318,0.07384615384615385,0.4724100011685318,0,3,"{""indicators"": 0.24, ""harmonic"": 0.36, ""support_resistance"": 0.52}","[""indicators: BUY (conf=0.31, weight=0.24, contrib=0.074)"", ""harmonic: SELL (conf=0.28, weight=0.36, contrib=0.102)"", ""support_resistance: SELL (conf=0.71, weight=0.52, contrib=0.370)""]"
132,2026-09-10T21:13:03.098342+00:00,BTC-USD,1h,CHOP,HOLD,0.4707776841691578,0.07384615384615385,0.4707776841691578,0,3,"{""indicators"": 0.24, ""harmonic"": 0.36, ""support_resistance"": 0.52}","[""indicators: BUY (conf=0.31, weight=0.24, contrib=0.074)"", ""harmonic: SELL (conf=0.28, weight=0.36, contrib=0.102)"", ""support_resistance: SELL (conf=0.71, weight=0.52, contrib=0.369)""]"
133,2026-09-10T21:13:03.111615+00:00,BTC-USD,1h,CHOP,HOLD,0.47259542125716225,0.07384615384615385,0.47259542125716225,0,3,"{""indicators"": 0.24, ""harmonic"": 0.36, ""support_resistance"": 0.52}","[""indicators: BUY (conf=0.31, weight=0.24, contrib=0.074)"", ""harmonic: SELL (conf=0.28, weight=0.36, contrib=0.101)"", ""support_resistance: SELL (conf=0.71, weight=0.52, contrib=0.372)""]"
134,2026-09-10T21:13:03.124855+00:00,BTC-USD,1h,CHOP,HOLD,0.48433174945178425,0.07384615384615385,0.48433174945178425,0,3,"{""indicators"": 0.24, ""harmonic"": 0.36, ""support_resistance"": 0.52}","[""indicators: BUY (conf=0.31, weight=0.24, contrib=0.074)"", ""harmonic: SELL (conf=0.28, weight=0.36, contrib=0.101)"", ""support_resistance: SELL (conf=0.74, weight=0.52, contrib=0.384)""]"
135,2026-09-10T21:13:03.138051+00:00,BTC-USD,1h,CHOP,HOLD,0.5343928368217062,0.07384615384615385,0.5343928368217062,0,3,"{""indicators"": 0.24, ""harmonic"": 0.36, ""support_resistance"": 0.52}","[""indicators: BUY (conf=0.31, weight=0.24, contrib=0.074)"", ""harmonic: SELL (conf=0.28, weight=0.36, contrib=0.100)"", ""support_resistance: SELL (conf=0.84, weight=0.52, contrib=0.434)""]"
136,2026-09-10T21:13:03.150557+00:00,BTC-USD,1h,CHOP,HOLD,0.5322998654112906,0.07384615384615385,0.5322998654112906,0,3,"{""indicators"": 0.24, ""harmonic"": 0.36, ""support_resistance"": 0.52}","[""indicators: BUY (conf=0.31, weight=0.24, contrib=0.074)"", ""harmonic: SELL (conf=0.28, weight=0.36, contrib=0.100)"", ""support_resistance: SELL (conf=0.83, weight=0.52, contrib=0.433)""]"
137,2026-09-10T21:13:03.167486+00:00,BTC-USD,1h,CHOP,HOLD,0.5327251916705837,0.07384615384615385,0.5327251916705837,0,3,"{""indicators"": 0.24, ""harmonic"": 0.36, ""support_resistance"": 0.52}","[""indicators: BUY (conf=0.31, weight=0.24, contrib=0.074)"", ""harmonic: SELL (conf=0.28, weight=0.36, contrib=0.099)"", ""support_resistance: SELL (conf=0.83, weight=0.52, contrib=0.434)""]"
138,2026-09-10T21:13:03.185037+00:00,BTC-USD,1h,CHOP,HOLD,0.5274186226908303,0.07384615384615385,0.5274186226908303,0,3,"{""indicators"": 0.24, ""harmonic"": 0.36, ""support_resistance"": 0.52}","[""indicators: BUY (conf=0.31, weight=0.24, contrib=0.074)"", ""harmonic: SELL (conf=0.27, weight=0.36, contrib=0.098)"", ""support_resistance: SELL (conf=0.82, weight=0.52, contrib=0.429)""]"
139,2026-09-10T21:13:03.201213+00:00,BTC-USD,1h,CHOP,HOLD,0.41360084602277025,0.41360084602277025,0.09799252444318336,0,3,"{""indicators"": 0.24, ""harmonic"": 0.36, ""support_resistance"": 0.52}","[""indicators: BUY (conf=0.31, weight=0.24, contrib=0.074)"", ""harmonic: SELL (conf=0.27, weight=0.36, contrib=0.098)"", ""support_resistance: BUY (conf=0.65, weight=0.52, contrib=0.340)""]"
140,2026-09-10T21:13:03.214985+00:00,BTC-USD,1h,CHOP,HOLD,0.41389247775797955,0.41389247775797955,0.09748852444318336,0,3,"{""indicators"": 0.24, ""harmonic"": 0.36, ""support_resistance"": 0.52}","[""indicators: BUY (conf=0.31, weight=0.24, contrib=0.074)"", ""harmonic: SELL (conf=0.27, weight=0.36, contrib=0.097)"", ""support_resistance: BUY (conf=0.65, weight=0.52, contrib=0.340)""]"
141,2026-09-10T21:13:03.229279+00:00,BTC-USD,1h,CHOP,HOLD,0.4126033684889431,0.4126033684889431,0.09698452444318335,0,3,"{""indicators"": 0.24, ""harmonic"": 0.36, ""support_resistance"": 0.52}","[""indicators: BUY (conf=0.31, weight=0.24, contrib=0.074)"", ""harmonic: SELL (conf=0.27, weight=0.36, contrib=0.097)"", ""support_resistance: BUY (conf=0.65, weight=0.52, contrib=0.339)""]"
142,2026-09-10T21:13:03.243695+00:00,BTC-USD,1h,CHOP,HOLD,0.43915331875319297,0.07384615384615385,0.43915331875319297,0,3,"{""indicators"": 0.24, ""harmonic"": 0.36, ""support_resistance"": 0.52}","[""indicators: BUY (conf=0.31, weight=0.24, contrib=0.074)"", ""harmonic: SELL (conf=0.27, weight=0.36, contrib=0.096)"", ""support_resistance: SELL (conf=0.66, weight=0.52, contrib=0.343)""]"
143,2026-09-10T21:13:03.258284+00:00,BTC-USD,1h,CHOP,HOLD,0.4132980652006972,0.4132980652006972,0.09597652444318334,0,3,"{""indicators"": 0.24, ""harmonic"": 0.36, ""support_resistance"": 0.52}","[""indicators: BUY (conf=0.31, weight=0.24, contrib=0.074)"", ""harmonic: SELL (conf=0.27, weight=0.36, contrib=0.096)"", ""support_resistance: BUY (conf=0.65, weight=0.52, contrib=0.339)""]"
144,2026-09-10T21:13:03.273023+00:00,BTC-USD,1h,CHOP,HOLD,0.5585452368653329,0.07384615384615385,0.5585452368653329,0,3,"{""indicators"": 0.24, ""harmonic"": 0.36, ""support_resistance"": 0.52}","[""indicators: BUY (conf=0.31, weight=0.24, contrib=0.074)"", ""harmonic: SELL (conf=0.28, weight=0.36, contrib=0.101)"", ""support_resistance: SELL (conf=0.88, weight=0.52, contrib=0.457)""]"
145,2026-09-10T21:13:03.286323+00:00,BTC-USD,1h,CHOP,HOLD,0.4616758972177241,0.4616758972177241,0.18572906218761437,0,3,"{""indicators"": 0.24, ""harmonic"": 0.36, ""support_resistance"": 0.52}","[""indicators: SELL (conf=0.35, weight=0.24, contrib=0.085)"", ""harmonic: SELL (conf=0.28, weight=0.36, contrib=0.101)"", ""support_resistance: BUY (conf=0.89, weight=0.52, contrib=0.462)""]"
146,2026-09-10T21:13:03.299492+00:00,BTC-USD,1h,CHOP,HOLD,0.5642720916496925,0.07384615384615385,0.5642720916496925,0,3,"{""indicators"": 0.24, ""harmonic"": 0.36, ""support_resistance"": 0.52}","[""indicators: BUY (conf=0.31, weight=0.24, contrib=0.074)"", ""harmonic: SELL (conf=0.28, weight=0.36, contrib=0.100)"", ""support_resistance: SELL (conf=0.89, weight=0.52, contrib=0.464)""]"
147,2026-09-10T21:13:03.313741+00:00,BTC-USD,1h,CHOP,HOLD,0.5654689506371552,0.07384615384615385,0.5654689506371552,0,3,"{""indicators"": 0.24, ""harmonic"": 0.36, ""support_resistance"": 0.52}","[""indicators: BUY (conf=0.31, weight=0.24, contrib=0.074)"", ""harmonic: SELL (conf=0.28, weight=0.36, contrib=0.100)"", ""support_resistance: SELL (conf=0.90, weight=0.52, contrib=0.466)""]"
148,2026-09-10T21:13:03.327016+00:00,BTC-USD,1h,CHOP,HOLD,0.5366747034654693,0.5366747034654693,0.09929398526453743,0,3,"{""indicators"": 0.24, ""harmonic"": 0.36, ""support_resistance"": 0.52}","[""indicators: BUY (conf=0.31, weight=0.24, contrib=0.074)"", ""harmonic: SELL (conf=0.28, weight=0.36, contrib=0.099)"", ""support_resistance: BUY (conf=0.89, weight=0.52, contrib=0.463)""]"
149,2026-09-10T21:13:03.340890+00:00,BTC-USD,1h,CHOP,HOLD,0.5583386076659393,0.07384615384615385,0.5583386076659393,0,3,"{""indicators"": 0.24, ""harmonic"": 0.36, ""support_resistance"": 0.52}","[""indicators: BUY (conf=0.31, weight=0.24, contrib=0.074)"", ""harmonic: SELL (conf=0.27, weight=0.36, contrib=0.099)"", ""support_resistance: SELL (conf=0.88, weight=0.52, contrib=0.460)""]"
150,2026-09-10T21:13:03.353205+00:00,BTC-USD,1h,CHOP,HOLD,0.5617447518646445,0.07384615384615385,0.5617447518646445,0,3,"{""indicators"": 0.24, ""harmonic"": 0.36, ""support_resistance"": 0.52}","[""indicators: BUY (conf=0.31, weight=0.24, contrib=0.074)"", ""harmonic: SELL (conf=0.27, weight=0.36, contrib=0.098)"", ""support_resistance: SELL (conf=0.89, weight=0.52, contrib=0.463)""]"
151,2026-09-10T21:13:03.366322+00:00,BTC-USD,1h,CHOP,HOLD,0.5621773180168171,0.07384615384615385,0.5621773180168171,0,3,"{""indicators"": 0.24, ""harmonic"": 0.36, ""support_resistance"": 0.52}","[""indicators: BUY (conf=0.31, weight=0.24, contrib=0.074)"", ""harmonic: SELL (conf=0.27, weight=0.36, contrib=0.098)"", ""support_resistance: SELL (conf=0.89, weight=0.52, contrib=0.464)""]"
152,2026-09-10T21:13:03.380191+00:00,BTC-USD,1h,CHOP,HOLD,0.6078404447586825,0.07384615384615385,0.6078404447586825,0,3,"{""indicators"": 0.24, ""harmonic"": 0.36, ""support_resistance"": 0.52}","[""indicators: BUY (conf=0.31, weight=0.24, contrib=0.074)"", ""harmonic: SELL (conf=0.27, weight=0.36, contrib=0.097)"", ""support_resistance: SELL (conf=0.98, weight=0.52, contrib=0.511)""]"
153,2026-09-10T21:13:03.393398+00:00,BTC-USD,1h,CHOP,HOLD,0.35938470297484376,0.35938470297484376,0.09677398526453744,0,2,"{""harmonic"": 0.36, ""support_resistance"": 0.52}","[""harmonic: SELL (conf=0.27, weight=0.36, contrib=0.097)"", ""support_resistance: BUY (conf=0.69, weight=0.52, contrib=0.359)""]"
154,2026-09-10T21:13:03.406811+00:00,BTC-USD,1h,CHOP,HOLD,0.3574374643889088,0.3574374643889088,0.09626998526453744,0,2,"{""harmonic"": 0.36, ""support_resistance"": 0.52}","[""harmonic: SELL (conf=0.27, weight=0.36, contrib=0.096)"", ""support_resistance: BUY (conf=0.69, weight=0.52, contrib=0.357)""]"
155,2026-09-10T21:13:03.419956+00:00,BTC-USD,1h,CHOP,HOLD,0.41364628882526533,0.41364628882526533,0.09576598526453743,0,2,"{""harmonic"": 0.36, ""support_resistance"": 0.52}","[""harmonic: SELL (conf=0.27, weight=0.36, contrib=0.096)"", ""support_resistance: BUY (conf=0.80, weight=0.52, contrib=0.414)""]"
156,2026-09-10T21:13:03.432248+00:00,BTC-USD,1h,CHOP,HOLD,0.5049325642157801,0.0,0.5049325642157801,0,2,"{""harmonic"": 0.36, ""support_resistance"": 0.52}","[""harmonic: SELL (conf=0.26, weight=0.36, contrib=0.095)"", ""support_resistance: SELL (conf=0.79, weight=0.52, contrib=0.410)""]"
157,2026-09-10T21:13:03.445796+00:00,BTC-USD,1h,CHOP,HOLD,0.5007023146792176,0.0,0.5007023146792176,0,2,"{""harmonic"": 0.36, ""support_resistance"": 0.52}","[""harmonic: SELL (conf=0.26, weight=0.36, contrib=0.095)"", ""support_resistance: SELL (conf=0.78, weight=0.52, contrib=0.406)""]"
158,2026-09-10T21:13:03.458707+00:00,BTC-USD,1h,CHOP,HOLD,0.30917009365350656,0.30917009365350656,0.09425398526453743,0,2,"{""harmonic"": 0.36, ""support_resistance"": 0.52}","[""harmonic: SELL (conf=0.26, weight=0.36, contrib=0.094)"", ""support_resistance: BUY (conf=0.59, weight=0.52, contrib=0.309)""]"
159,2026-09-10T21:13:03.471810+00:00,BTC-USD,1h,CHOP,HOLD,0.30932591083070393,0.30932591083070393,0.09374998526453743,0,2,"{""harmonic"": 0.36, ""support_resistance"": 0.52}","[""harmonic: SELL (conf=0.26, weight=0.36, contrib=0.094)"", ""support_resistance: BUY (conf=0.59, weight=0.52, contrib=0.309)""]"
160,2026-09-10T21:13:03.485364+00:00,BTC-USD,1h,CHOP,HOLD,0.30704307133328806,0.30704307133328806,0.09324598526453742,0,2,"{""harmonic"": 0.36, ""support_resistance"": 0.52}","[""harmonic: SELL (conf=0.26, weight=0.36, contrib=0.093)"", ""support_resistance: BUY (conf=0.59, weight=0.52, contrib=0.307)""]"
161,2026-09-10T21:13:03.500561+00:00,BTC-USD,1h,CHOP,HOLD,0.3024101444054729,0.3024101444054729,0.09274198526453745,0,2,"{""harmonic"": 0.36, ""support_resistance"": 0.52}","[""harmonic: SELL (conf=0.26, weight=0.36, contrib=0.093)"", ""support_resistance: BUY (conf=0.58, weight=0.52, contrib=0.302)""]"
162,2026-09-10T21:13:03.513501+00:00,BTC-USD,1h,CHOP,HOLD,0.3050541212944524,0.3050541212944524,0.09223798526453744,0,2,"{""harmonic"": 0.36, ""support_resistance"": 0.52}","[""harmonic: SELL (conf=0.26, weight=0.36, contrib=0.092)"", ""support_resistance: BUY (conf=0.59, weight=0.52, contrib=0.305)""]"
163,2026-09-10T21:13:03.526433+00:00,BTC-USD,1h,CHOP,HOLD,0.30515029808514954,0.30515029808514954,0.09173398526453744,0,2,"{""harmonic"": 0.36, ""support_resistance"": 0.52}","[""harmonic: SELL (conf=0.25, weight=0.36, contrib=0.092)"", ""support_resistance: BUY (conf=0.59, weight=0.52, contrib=0.305)""]"
164,2026-09-10T21:13:03.539240+00:00,BTC-USD,1h,CHOP,HOLD,0.623630783737066,0.0,0.623630783737066,0,3,"{""indicators"": 0.24, ""harmonic"": 0.36, ""support_resistance"": 0.52}","[""indicators: SELL (conf=0.50, weight=0.24, contrib=0.119)"", ""harmonic: SELL (conf=0.25, weight=0.36, contrib=0.091)"", ""support_resistance: SELL (conf=0.80, weight=0.52, contrib=0.414)""]"
165,2026-09-10T21:13:03.552590+00:00,BTC-USD,1h,CHOP,HOLD,0.4164693943126404,0.4164693943126404,0.2096182929568451,0,3,"{""indicators"": 0.24, ""harmonic"": 0.36, ""support_resistance"": 0.52}","[""indicators: SELL (conf=0.50, weight=0.24, contrib=0.119)"", ""harmonic: SELL (conf=0.25, weight=0.36, contrib=0.091)"", ""support_resistance: BUY (conf=0.80, weight=0.52, contrib=0.416)""]"
166,2026-09-10T21:13:03.565500+00:00,BTC-USD,1h,CHOP,HOLD,0.4172902114251327,0.4172902114251327,0.09022198526453744,0,2,"{""harmonic"": 0.36, ""support_resistance"": 0.52}","[""harmonic: SELL (conf=0.25, weight=0.36, contrib=0.090)"", ""support_resistance: BUY (conf=0.80, weight=0.52, contrib=0.417)""]"
167,2026-09-10T21:13:03.578856+00:00,BTC-USD,1h,CHOP,HOLD,0.5928879315228878,0.0,0.5928879315228878,0,2,"{""harmonic"": 0.36, ""support_resistance"": 0.52}","[""harmonic: SELL (conf=0.25, weight=0.36, contrib=0.090)"", ""support_resistance: SELL (conf=0.97, weight=0.52, contrib=0.503)""]"
168,2026-09-10T21:13:03.592280+00:00,BTC-USD,1h,CHOP,HOLD,0.5041985233372257,0.5041985233372257,0.08921398526453743,0,2,"{""harmonic"": 0.36, ""support_resistance"": 0.52}","[""harmonic: SELL (conf=0.25, weight=0.36, contrib=0.089)"", ""support_resistance: BUY (conf=0.97, weight=0.52, contrib=0.504)""]"
169,2026-09-10T21:13:03.604535+00:00,BTC-USD,1h,CHOP,HOLD,0.37993441613692136,0.0,0.37993441613692136,0,2,"{""harmonic"": 0.36, ""support_resistance"": 0.52}","[""harmonic: SELL (conf=0.25, weight=0.36, contrib=0.089)"", ""support_resistance: SELL (conf=0.56, weight=0.52, contrib=0.291)""]"
170,2026-09-10T21:13:03.617323+00:00,BTC-USD,1h,CHOP,HOLD,0.5046394077905728,0.5046394077905728,0.08820598526453743,0,2,"{""harmonic"": 0.36, ""support_resistance"": 0.52}","[""harmonic: SELL (conf=0.25, weight=0.36, contrib=0.088)"", ""support_resistance: BUY (conf=0.97, weight=0.52, contrib=0.505)""]"
171,2026-09-10T21:13:03.631055+00:00,BTC-USD,1h,CHOP,HOLD,0.5038057350255706,0.5038057350255706,0.0,0,1,"{""support_resistance"": 0.52}","[""support_resistance: BUY (conf=0.97, weight=0.52, contrib=0.504)""]"
172,2026-09-10T21:13:03.644631+00:00,BTC-USD,1h,CHOP,HOLD,0.5085815936954272,0.5085815936954272,0.0,0,1,"{""support_resistance"": 0.52}","[""support_resistance: BUY (conf=0.98, weight=0.52, contrib=0.509)""]"
173,2026-09-10T21:13:03.658946+00:00,BTC-USD,1h,CHOP,HOLD,0.5079693478148543,0.5079693478148543,0.0,0,1,"{""support_resistance"": 0.52}","[""support_resistance: BUY (conf=0.98, weight=0.52, contrib=0.508)""]"
174,2026-09-10T21:13:03.672402+00:00,BTC-USD,1h,CHOP,HOLD,0.5099283128895329,0.5099283128895329,0.0,0,1,"{""support_resistance"": 0.52}","[""support_resistance: BUY (conf=0.98, weight=0.52, contrib=0.510)""]"
175,2026-09-10T21:13:03.685649+00:00,BTC-USD,1h,CHOP,HOLD,0.5141368320584606,0.5141368320584606,0.0,0,1,"{""support_resistance"": 0.52}","[""support_resistance: BUY (conf=0.99, weight=0.52, contrib=0.514)""]"
176,2026-09-10T21:13:03.698967+00:00,BTC-USD,1h,CHOP,BUY,0.6569938196931923,0.6569938196931923,0.0,1,2,"{""indicators"": 0.24, ""support_resistance"": 0.52}","[""indicators: BUY (conf=0.62, weight=0.24, contrib=0.149)"", ""support_resistance: BUY (conf=0.98, weight=0.52, contrib=0.508)""]"
177,2026-09-10T21:13:03.718644+00:00,BTC-USD,1h,CHOP,HOLD,0.5171737295925265,0.1486153846153846,0.5171737295925265,0,2,"{""indicators"": 0.24, ""support_resistance"": 0.52}","[""indicators: BUY (conf=0.62, weight=0.24, contrib=0.149)"", ""support_resistance: SELL (conf=0.99, weight=0.52, contrib=0.517)""]"
178,2026-09-10T21:13:03.730586+00:00,BTC-USD,1h,CHOP,HOLD,0.38790161516036326,0.07384615384615385,0.38790161516036326,0,2,"{""indicators"": 0.24, ""support_resistance"": 0.52}","[""indicators: BUY (conf=0.31, weight=0.24, contrib=0.074)"", ""support_resistance: SELL (conf=0.75, weight=0.52, contrib=0.388)""]"
179,2026-09-10T21:13:03.742993+00:00,BTC-USD,1h,CHOP,HOLD,0.46079254604602976,0.46079254604602976,0.0,0,2,"{""indicators"": 0.24, ""support_resistance"": 0.52}","[""indicators: BUY (conf=0.31, weight=0.24, contrib=0.074)"", ""support_resistance: BUY (conf=0.74, weight=0.52, contrib=0.387)""]"
180,2026-09-10T21:13:03.756891+00:00,BTC-USD,1h,CHOP,HOLD,0.5818477227286873,0.5818477227286873,0.0,0,2,"{""indicators"": 0.24, ""support_resistance"": 0.52}","[""indicators: BUY (conf=0.31, weight=0.24, contrib=0.074)"", ""support_resistance: BUY (conf=0.98, weight=0.52, contrib=0.508)""]"
181,2026-09-10T21:13:03.770678+00:00,BTC-USD,1h,CHOP,HOLD,0.519795055293755,0.07384615384615385,0.519795055293755,0,2,"{""indicators"": 0.24, ""support_resistance"": 0.52}","[""indicators: BUY (conf=0.31, weight=0.24, contrib=0.074)"", ""support_resistance: SELL (conf=1.00, weight=0.52, contrib=0.520)""]"
182,2026-09-10T21:13:03.785146+00:00,BTC-USD,1h,CHOP,HOLD,0.41452915658390155,0.41452915658390155,0.0,0,1,"{""support_resistance"": 0.52}","[""support_resistance: BUY (conf=0.80, weight=0.52, contrib=0.415)""]"
183,2026-09-10T21:13:03.797989+00:00,BTC-USD,1h,CHOP,HOLD,0.41033967589886233,0.41033967589886233,0.0,0,1,"{""support_resistance"": 0.52}","[""support_resistance: BUY (conf=0.79, weight=0.52, contrib=0.410)""]"
184,2026-09-10T21:13:03.811571+00:00,BTC-USD,1h,CHOP,HOLD,0.515330610708105,0.515330610708105,0.0,0,1,"{""support_resistance"": 0.52}","[""support_resistance: BUY (conf=0.99, weight=0.52, contrib=0.515)""]"
185,2026-09-10T21:13:03.826775+00:00,BTC-USD,1h,CHOP,HOLD,0.29623480971278365,0.0,0.29623480971278365,0,1,"{""support_resistance"": 0.52}","[""support_resistance: SELL (conf=0.57, weight=0.52, contrib=0.296)""]"
186,2026-09-10T21:13:03.839658+00:00,BTC-USD,1h,CHOP,BUY,0.6562597348290912,0.6562597348290912,0.0,1,2,"{""indicators"": 0.24, ""support_resistance"": 0.52}","[""indicators: BUY (conf=0.62, weight=0.24, contrib=0.149)"", ""support_resistance: BUY (conf=0.98, weight=0.52, contrib=0.508)""]"
