position_id,symbol,direction,regime,score,entry_price,exit_price,exit_reason,pnl,indicators_dir,indicators_conf,harmonic_dir,harmonic_conf,harmonic_pattern,sr_dir,sr_conf,elliott_dir,elliott_conf
1b32dfdc,BTC-USD,BUY,CHOP,0.6622067265760045,118455.0546875,117411.97883932578,stop_loss,-44.028338466686556,BUY,0.6,,,,BUY,0.83,BUY,0.9
7706a247,BTC-USD,BUY,CHOP,0.6504448656845303,117760.265625,117878.02589062498,stop_loss,22.694034405309925,SELL,0.9,,,,BUY,0.99,BUY,0.9
825698a5,BTC-USD,SELL,CHOP,0.718320382439247,118058.0,119198.81876380248,stop_loss,-48.21295068372724,SELL,0.9,,,,SELL,0.85,SELL,0.87
7a7dd15e,BTC-USD,SELL,CHOP,0.70883487416213,117209.3203125,118766.6433536257,stop_loss,-65.97138703544755,SELL,0.6,,,,SELL,0.93,SELL,0.87
aa8c0b3f,BTC-USD,SELL,CHOP,0.706647914622722,118147.5390625,119411.05679491663,stop_loss,-52.74738355155295,SELL,0.9,,,,SELL,0.83,SELL,0.87
d5268d08,BTC-USD,BUY,CHOP,0.6543873779759247,117779.953125,116474.34603477703,stop_loss,-54.38221490508002,SELL,0.9,,,,BUY,1.0,BUY,0.9
f1004adc,BTC-USD,BUY,CHOP,0.7472080456043706,117827.984375,117945.81235937499,stop_loss,23.211011846068033,BUY,0.6,,,,BUY,0.99,BUY,0.9
57cfed2e,BTC-USD,SELL,CHOP,0.6579870687400313,117679.984375,118704.76582382554,stop_loss,-42.585573666798346,SELL,0.9,,,,SELL,0.99,BUY,0.9
58bbaca3,BTC-USD,BUY,CHOP,0.6764255017836794,118342.5859375,117298.31884923179,stop_loss,-42.96445363923263,BUY,0.6,,,,BUY,0.86,BUY,0.9
c46f1411,ETH-USD,BUY,CHOP,0.666752108780225,3778.71240234375,3782.4911147460934,stop_loss,47.92474651148965,BUY,0.6,,,,BUY,0.84,BUY,0.9
b0a655de,ETH-USD,BUY,CHOP,0.6795095092000493,3836.515625,3799.1370239537328,stop_loss,-73.42157711975348,BUY,0.9,,,,BUY,0.77,BUY,0.9
d610c5e8,ETH-USD,BUY,CHOP,0.6637866772126781,3615.88232421875,3663.428444867558,stop_loss,101.88342288165055,BUY,0.72,BUY,0.7,Gartley,BUY,0.65,SELL,0.9
b9e8d478,ETH-USD,SELL,CHOP,0.6774534122370697,3660.686767578125,3611.146144485768,stop_loss,114.3822914522113,SELL,0.9,,,,SELL,0.77,SELL,0.9
df921334,ETH-USD,SELL,BEAR,0.6604413452948721,3573.450439453125,3622.5288527472258,stop_loss,-101.90768883725578,SELL,0.9,BUY,0.68,Gartley,SELL,0.77,SELL,0.9
665c5824,ETH-USD,BUY,CHOP,0.6811709868841409,3630.863037109375,3581.8477796695356,stop_loss,-100.8886119488835,BUY,0.6,BUY,0.85,Gartley,BUY,0.64,SELL,0.9
b77c6075,ETH-USD,BUY,CHOP,0.7163128016479308,3581.16162109375,3716.9469428416587,take_profit,160.95155457045314,BUY,0.48,BUY,0.7,Gartley,BUY,0.83,SELL,0.9
e325aac6,ETH-USD,BUY,CHOP,0.7325943777671043,4334.5673828125,4257.671387496843,stop_loss,-101.4892413750997,BUY,0.72,BUY,0.67,Gartley,BUY,0.59,BUY,0.72
3ddc1daa,ETH-USD,BUY,CHOP,0.7111247124753164,4329.26904296875,4271.755905405564,stop_loss,-100.10803780093192,BUY,0.48,BUY,0.68,Gartley,BUY,0.64,BUY,0.65
9bb87cc9,ETH-USD,SELL,CHOP,0.6619487394533684,4398.177734375,4244.8033864224735,take_profit,147.42640401010968,SELL,0.9,,,,SELL,0.74,SELL,0.9
18a806c5,ETH-USD,SELL,BEAR,0.6789620080446669,4314.39111328125,4370.21708863771,stop_loss,-97.965639656257,SELL,0.9,,,,SELL,0.82,SELL,0.9
d74bfa9c,ETH-USD,SELL,CHOP,0.7182080863435167,4321.48583984375,4383.943290720619,stop_loss,-99.96787622687795,SELL,0.9,,,,SELL,0.84,SELL,0.9
d2b79e69,ETH-USD,SELL,CHOP,0.6941730397707351,4483.9521484375,4401.749900386986,stop_loss,127.21326140247226,BUY,0.9,SELL,0.8,Gartley,SELL,0.67,SELL,0.72
b9ec274b,ETH-USD,SELL,BEAR,0.6785298232188632,4278.9248046875,4325.616183147518,stop_loss,-82.03624863069614,SELL,0.9,,,,SELL,0.82,SELL,0.9
fa293899,ETH-USD,SELL,CHOP,0.7677105134909862,4325.703125,4371.770924690347,stop_loss,-79.41008120380542,SELL,0.9,,,,SELL,0.94,SELL,0.9
a0167ae3,ETH-USD,SELL,CHOP,0.7702951064298603,4314.728515625,4310.413787109375,stop_loss,52.89075217967582,SELL,0.9,,,,SELL,0.94,SELL,0.9
da4a69c6,ETH-USD,BUY,CHOP,0.6986913047111376,4305.38134765625,4281.892478015163,stop_loss,-40.57190373753357,BUY,0.72,,,,BUY,0.91,BUY,0.72
2a768e89,ETH-USD,BUY,CHOP,0.6906147666242287,4309.86962890625,4314.179498535156,stop_loss,25.681448611654552,BUY,0.72,,,,BUY,0.9,BUY,0.72
42d13982,ETH-USD,BUY,CHOP,0.7417077097304448,4312.48974609375,4316.802235839843,stop_loss,26.683206315411564,BUY,0.9,,,,BUY,0.89,BUY,0.9
ab01c61e,ETH-USD,BUY,CHOP,0.6741864175858882,4350.42822265625,4354.778650878906,stop_loss,29.981785973115926,BUY,0.9,,,,BUY,0.76,BUY,0.9
b5e6eb57,ETH-USD,BUY,CHOP,0.784592591471059,4338.62109375,4305.039920271456,stop_loss,-57.802271469537,BUY,0.9,,,,BUY,0.97,BUY,0.9
57c09e18,ETH-USD,BUY,CHOP,0.6993128641151346,4289.86572265625,4294.155588378906,stop_loss,35.2912134504369,BUY,0.55,,,,BUY,0.97,BUY,0.72
6de6e924,ETH-USD,BUY,CHOP,0.6780381421160947,4348.24609375,4315.013902634583,stop_loss,-56.94592741478327,BUY,0.9,,,,BUY,0.77,BUY,0.9
5e174db0,ETH-USD,BUY,CHOP,0.7261938885613712,4302.0595703125,4413.163637714491,take_profit,108.41827086439119,BUY,0.69,,,,BUY,0.93,BUY,0.9
bdcaa123,ETH-USD,SELL,BEAR,0.697456046293445,4292.302734375,4178.549453129106,take_profit,112.47690409689898,SELL,0.9,,,,SELL,0.87,SELL,0.9
ffec932f,ETH-USD,SELL,CHOP,0.729100043593944,4295.69775390625,4348.648871384598,stop_loss,-93.36147923625177,BUY,0.6,SELL,0.55,Gartley,SELL,0.88,SELL,0.72
fa00563e,ETH-USD,BUY,BULL,0.6703703091805834,4452.8427734375,4473.199597813976,stop_loss,100.03407457231705,BUY,0.9,,,,BUY,0.8,BUY,0.9
8e4502b3,ETH-USD,BUY,CHOP,0.7377204149949,4496.90087890625,4501.397779785156,stop_loss,48.39743185805113,BUY,0.6,,,,BUY,0.97,BUY,0.9
4b95837a,ETH-USD,BUY,CHOP,0.741184611612687,4518.38037109375,4464.789827257972,stop_loss,-90.32199907151788,BUY,0.9,,,,BUY,0.89,BUY,0.9
ddd4a06c,ETH-USD,SELL,BEAR,0.7494892712153192,4329.51708984375,4388.358213959964,stop_loss,-100.63438185021182,SELL,0.9,BUY,0.6,Gartley,SELL,1.0,SELL,0.9
54554ac1,ETH-USD,SELL,BEAR,0.6900150651425812,4323.720703125,4370.605966467769,stop_loss,-81.02547181292275,SELL,0.69,BUY,0.59,Gartley,SELL,0.98,SELL,0.9
7a20d795,ETH-USD,SELL,CHOP,0.6882087581048165,4288.54345703125,4139.980708251058,take_profit,145.4869866056404,SELL,0.69,BUY,0.55,Gartley,SELL,0.85,SELL,0.9
5e98f2f3,ETH-USD,BUY,CHOP,0.658342863068198,3859.033203125,3862.8922363281245,stop_loss,36.39735426420294,BUY,0.72,,,,BUY,0.85,BUY,0.66
68f9e031,ETH-USD,BUY,CHOP,0.7490041499465386,3859.780029296875,3863.6398093261714,stop_loss,28.641248372633722,SELL,0.6,BUY,0.59,Gartley,BUY,0.9,BUY,0.68
b3abf051,ETH-USD,BUY,CHOP,0.7444642975339529,3863.435791015625,3867.29922680664,stop_loss,32.33729359147104,SELL,0.6,BUY,0.58,Gartley,BUY,0.9,BUY,0.68
99bf64dc,ETH-USD,BUY,CHOP,0.7550588151142321,3865.8310546875,3831.7953562934354,stop_loss,-66.85481656586718,,,BUY,0.58,Gartley,BUY,0.92,BUY,0.68
dac29e51,ETH-USD,SELL,CHOP,0.7700631085276322,3137.595703125,3170.853211243508,stop_loss,-79.9569824531848,BUY,0.6,SELL,1.0,Gartley,SELL,0.64,SELL,0.9
d7aff753,ETH-USD,SELL,CHOP,0.7729508541621777,3133.573486328125,3041.9613864701346,take_profit,123.97609668745028,BUY,0.9,SELL,1.0,Gartley,SELL,0.65,SELL,0.9
0e78feed,ETH-USD,SELL,CHOP,0.6689315529439566,2967.7783203125,2983.5045438273323,stop_loss,-40.147014256986374,SELL,0.6,,,,SELL,0.84,SELL,0.9
eeb3fee5,ETH-USD,SELL,CHOP,0.6705698247063087,2969.415771484375,2990.3998283054693,stop_loss,-53.32726112044569,SELL,0.6,,,,SELL,0.85,SELL,0.9
97135904,ETH-USD,SELL,CHOP,0.7265284377407004,2958.77587890625,2955.817103027344,stop_loss,43.681834343689594,SELL,0.9,,,,SELL,0.87,SELL,0.87
a6d8c538,ETH-USD,SELL,CHOP,0.72400958177873,2957.37109375,2954.41372265625,stop_loss,43.64237055514585,SELL,0.9,,,,SELL,0.86,SELL,0.87
b5133ec2,ETH-USD,SELL,CHOP,0.7251808892363478,2967.838134765625,2930.3885732957024,stop_loss,123.18118032362939,SELL,0.69,,,,SELL,0.93,SELL,0.87
4ea95cd4,ETH-USD,SELL,CHOP,0.6552841649593961,2936.624267578125,2933.6876433105467,stop_loss,44.41671020644364,SELL,0.69,,,,SELL,0.8,SELL,0.87
607c88eb,ETH-USD,SELL,CHOP,0.7634578400466114,2970.001708984375,2937.177049686561,stop_loss,101.16795464446119,SELL,0.9,,,,SELL,0.98,SELL,0.73
3f55ce23,ETH-USD,SELL,CHOP,0.7002224887123087,2929.767333984375,2943.149991621534,stop_loss,-35.50712886216635,SELL,0.6,,,,SELL,0.9,SELL,0.9
e973edf9,ETH-USD,SELL,CHOP,0.7494095261704935,2948.23876953125,2962.208003339965,stop_loss,-36.70505379774215,SELL,0.6,,,,SELL,1.0,SELL,0.9
4d772ca0,ETH-USD,SELL,CHOP,0.7403791439440385,2926.84326171875,2955.715591334571,stop_loss,-76.14689970145854,SELL,0.9,,,,SELL,0.89,SELL,0.9
b4273854,ETH-USD,SELL,CHOP,0.7336582389821491,2924.34228515625,2955.144630271422,stop_loss,-80.70498672358681,SELL,0.9,,,,SELL,0.87,SELL,0.9
3b279463,ETH-USD,BUY,CHOP,0.7060746706253956,2984.39453125,2987.3789257812496,stop_loss,28.58960221460865,BUY,0.9,,,,BUY,0.82,BUY,0.9
163ece1b,ETH-USD,BUY,CHOP,0.7069751055416196,2984.0458984375,2961.5687960167484,stop_loss,-57.41937660495885,BUY,0.9,,,,BUY,0.82,BUY,0.9
c83f0a27,ETH-USD,BUY,CHOP,0.7346242783929904,2973.380126953125,3045.6008867379423,take_profit,104.3283906912292,BUY,0.9,,,,BUY,0.88,BUY,0.9
40458ba6,ETH-USD,SELL,CHOP,0.8708908937394833,3087.770751953125,3100.592386902942,stop_loss,-31.799608004340797,SELL,0.9,SELL,0.99,Gartley,SELL,0.56,SELL,0.9
23932f60,ETH-USD,SELL,CHOP,0.8247543235158856,3122.4833984375,3119.3609150390625,stop_loss,41.97676238394494,BUY,0.9,SELL,1.0,Gartley,SELL,0.75,SELL,0.9
84d70f2f,ETH-USD,SELL,CHOP,0.6659951506348586,3155.760009765625,3084.7358581915237,take_profit,97.76554060761029,BUY,0.9,SELL,0.97,Gartley,SELL,0.46,SELL,0.9
e0702fe6,ETH-USD,BUY,BEAR,0.7289492919633141,3001.427490234375,2960.1341673508286,stop_loss,-103.18798528759491,BUY,0.72,BUY,0.52,Bat,BUY,0.86,BUY,0.72
446d3e12,ETH-USD,BUY,CHOP,0.6715492145483861,3001.306640625,2959.676021400071,stop_loss,-102.15610543471881,BUY,0.72,,,,BUY,0.86,BUY,0.72
e5d98988,ETH-USD,SELL,CHOP,0.7210616287206196,2949.965576171875,2901.4386673937547,take_profit,70.70565198691193,SELL,0.6,,,,SELL,0.94,SELL,0.9
63acc22f,ETH-USD,SELL,CHOP,0.656827431073096,2913.662109375,2941.2341599183455,stop_loss,-72.27970322300817,SELL,0.6,,,,SELL,0.82,SELL,0.9
efa247ef,ETH-USD,SELL,CHOP,0.7895036630203063,2945.254150390625,2848.3201475809315,take_profit,141.44064366077504,SELL,0.9,,,,SELL,0.98,SELL,0.9
a0a29e35,ETH-USD,SELL,BEAR,0.653145779116041,1987.776611328125,2012.5150480347588,stop_loss,-95.7040891438755,SELL,0.9,,,,SELL,0.76,SELL,0.88
d3fafb06,ETH-USD,SELL,CHOP,0.6525980617650594,1985.20556640625,1998.8990377418547,stop_loss,-52.54860206081281,SELL,0.6,,,,SELL,0.82,SELL,0.88
c4b8683c,ETH-USD,SELL,CHOP,0.6516659171203899,1972.1695556640625,1991.080437596906,stop_loss,-72.67215706866331,SELL,0.9,,,,SELL,0.72,SELL,0.88
94f7eca3,ETH-USD,BUY,CHOP,0.661105294169053,2074.00537109375,2053.640753618903,stop_loss,-73.88092388303679,BUY,0.9,,,,BUY,0.75,BUY,0.84
407d45fa,ETH-USD,BUY,CHOP,0.677084000868021,2070.80859375,2048.081202956956,stop_loss,-81.97198983422389,BUY,0.9,,,,BUY,0.78,BUY,0.84
b30d993c,ADA-USD,BUY,CHOP,0.6742882219027193,0.8341943025588989,0.8252008789501345,stop_loss,-100.0,BUY,0.9,,,,BUY,0.76,BUY,0.9
445a59f1,ADA-USD,BUY,CHOP,0.672509515396801,0.834387481212616,0.8229176748685983,stop_loss,-98.99999999999963,BUY,0.9,,,,BUY,0.76,BUY,0.9
5586a4dc,ADA-USD,BUY,CHOP,0.6760839338653934,0.753433346748352,0.7452554731942324,stop_loss,-98.00999999999976,BUY,0.9,,,,BUY,0.76,BUY,0.9
75ffcf10,ADA-USD,BUY,CHOP,0.6910790378400822,0.7325576543807983,0.757825563080538,take_profit,164.95083000000025,BUY,0.72,,,,BUY,0.9,BUY,0.72
7a61c952,ADA-USD,BUY,BULL,0.6660682430443617,0.7534826993942261,0.7796829914761731,take_profit,167.7549941099997,BUY,0.9,,,,BUY,0.79,BUY,0.9
ac6bc0ab,ADA-USD,BUY,BULL,0.740131951475889,0.8182542324066162,0.8085666482818619,stop_loss,-100.35695824110003,BUY,0.9,,,,BUY,0.99,BUY,0.86
f5a210c5,ADA-USD,BUY,BULL,0.6827636854478787,0.8190657496452332,0.8082877540459813,stop_loss,-99.35338865868857,BUY,0.69,,,,BUY,0.97,BUY,0.86
f7594dae,ADA-USD,BUY,BULL,0.6606160070591858,0.8221059441566467,0.8229280501008033,stop_loss,53.21662399292654,BUY,0.69,,,,BUY,0.92,BUY,0.86
d712e7c8,ADA-USD,BUY,CHOP,0.7627225264494508,0.8207705020904541,0.8096957345054039,stop_loss,-98.89202101203108,BUY,0.9,,,,BUY,0.94,BUY,0.86
6c019025,ADA-USD,BUY,CHOP,0.6501788217622881,0.8634746670722961,0.8529243749685504,stop_loss,-97.90310080191121,BUY,0.72,,,,BUY,0.82,BUY,0.72
fdf14cb6,AVAX-USD,BUY,BULL,0.6722970463993533,21.186906814575195,20.80877851539118,stop_loss,-100.00000000000024,BUY,0.6,,,,BUY,0.98,BUY,0.9
69e49755,AVAX-USD,SELL,CHOP,0.6657882792047503,24.99043083190918,25.283877209201087,stop_loss,-99.0000000000001,BUY,0.69,SELL,0.69,Gartley,SELL,0.68,SELL,0.72
32ff04e8,AVAX-USD,SELL,CHOP,0.7215810107706393,24.348648071289062,23.001002533965686,take_profit,166.61699999999996,SELL,0.9,,,,SELL,0.85,SELL,0.9
1039baec,AVAX-USD,SELL,BEAR,0.7448412095063569,21.148984909057617,21.12783592414856,stop_loss,52.81467140931063,SELL,0.9,,,,SELL,0.98,SELL,0.9
8fc8796b,AVAX-USD,SELL,BEAR,0.696902235009224,21.161279678344727,21.514317696129453,stop_loss,-100.20431671409278,SELL,0.69,,,,SELL,0.99,SELL,0.9
ffc08a52,AVAX-USD,SELL,BEAR,0.6502093473035805,21.594606399536133,21.896603297375297,stop_loss,-99.20227354695201,SELL,0.9,,,,SELL,0.75,SELL,0.9
0e731b1a,AVAX-USD,SELL,BEAR,0.6565477145191618,21.903446197509766,21.881542751312256,stop_loss,52.645651925957516,SELL,0.9,,,,SELL,0.76,SELL,0.9
3f51a99f,AVAX-USD,SELL,CHOP,0.6926299425250475,21.99420928955078,22.210443612460754,stop_loss,-97.07221012108154,SELL,0.6,,,,SELL,0.89,SELL,0.9
0166c930,AVAX-USD,BUY,BULL,0.6566328843479629,24.59786033630371,24.31787652420045,stop_loss,-97.76598522953196,BUY,0.9,,,,BUY,0.76,BUY,0.9
3e0262f3,DOT-USD,BUY,BEAR,0.6546649753283634,4.106997013092041,4.208280713594809,stop_loss,145.97006765918806,BUY,0.72,,,,BUY,0.93,BUY,0.72
da2c02da,DOT-USD,BUY,CHOP,0.6604056694379081,4.271340370178223,4.222499350367695,stop_loss,-101.45970067659142,BUY,0.9,,,,BUY,0.73,BUY,0.9
591bc159,DOT-USD,BUY,BEAR,0.6735241989503288,3.917097568511963,3.870842614377368,stop_loss,-100.4451036698261,BUY,0.72,,,,BUY,0.98,BUY,0.72
9b4e0b48,DOT-USD,BUY,BULL,0.7332329424450679,3.923967123031616,3.873875409768321,stop_loss,-99.44065263312756,BUY,0.9,,,,BUY,0.96,BUY,0.9
92e48c91,DOT-USD,BUY,BULL,0.6516975017738168,4.008612155914307,4.067185681665642,stop_loss,134.15629657918032,BUY,0.9,,,,BUY,0.75,BUY,0.9
191c2717,DOT-USD,BUY,BULL,0.6580272142188912,4.09636116027832,4.1004575214385985,stop_loss,54.59011565853933,BUY,0.69,,,,BUY,0.92,BUY,0.84
e7296853,DOT-USD,BUY,BULL,0.6664774100407047,4.105621814727783,4.056293286458259,stop_loss,-100.3337102291739,BUY,0.69,,,,BUY,0.94,BUY,0.84
1c94f096,DOT-USD,BUY,BULL,0.7480269738801487,4.091482639312744,4.294521558392192,take_profit,168.86163431569955,BUY,0.9,,,,BUY,0.99,BUY,0.9
75b6c8ea,DOT-USD,BUY,CHOP,0.660814119774452,4.030678749084473,3.9616306084556663,stop_loss,-101.0189894700387,BUY,0.6,,,,BUY,0.83,BUY,0.9
73f6771f,DOT-USD,BUY,CHOP,0.6850414589229608,3.9841015338897705,4.054144304114035,stop_loss,144.01503889203667,BUY,0.72,,,,BUY,0.9,BUY,0.69
21beabf5,DOT-USD,SELL,CHOP,0.7205433556610987,4.076827526092529,4.116716496116913,stop_loss,-99.26086149658944,BUY,0.9,SELL,0.76,Gartley,SELL,0.95,BUY,0.86
4c0405ed,DOT-USD,BUY,CHOP,0.7389726007368851,4.116342544555664,4.069296250112581,stop_loss,-100.45634134929222,BUY,0.9,SELL,0.56,Gartley,BUY,0.9,BUY,0.86
d8efe14f,DOT-USD,SELL,CHOP,0.7026978960256258,4.0667290687561035,3.9168179038976887,take_profit,169.06802249086024,BUY,0.9,SELL,0.77,Gartley,SELL,0.91,BUY,0.86
a4221ed4,DOT-USD,BUY,CHOP,0.6727063934008563,3.923966646194458,3.8661152534678545,stop_loss,-101.14245816070871,BUY,0.48,,,,BUY,0.95,BUY,0.69
489cd925,DOT-USD,BUY,CHOP,0.6904435135118262,3.938638925552368,4.148972675107387,take_profit,170.22275708447293,BUY,0.6,,,,BUY,0.9,BUY,0.84
5629eece,DOT-USD,SELL,BULL,0.6511145378275003,4.078598499298096,4.124238157112675,stop_loss,-101.83326114994568,SELL,0.72,SELL,0.61,Gartley,SELL,0.89,BUY,0.9
80fab425,DOT-USD,SELL,CHOP,0.6529385459625396,3.9068071842193604,3.767718418042428,stop_loss,147.5448146826088,SELL,0.9,,,,SELL,0.98,BUY,0.72
ed98cb21,DOT-USD,BUY,CHOP,0.6627728528179936,3.8578240871429443,3.861681911230087,stop_loss,54.617144540870214,BUY,0.72,,,,BUY,0.85,BUY,0.72
90bb76bc,DOT-USD,BUY,CHOP,0.7374500114744088,3.9191558361053467,3.8697588451302254,stop_loss,-102.83654813068156,BUY,0.6,,,,BUY,0.97,BUY,0.9
a25c7e94,DOT-USD,BUY,CHOP,0.6728746150907378,3.8564717769622803,3.860328248739242,stop_loss,55.140202177347916,BUY,0.72,,,,BUY,0.86,BUY,0.72
2ad15146,DOT-USD,BUY,CHOP,0.7660278715328694,3.9289560317993164,3.932884987831115,stop_loss,55.345117570014985,BUY,0.9,,,,BUY,0.94,BUY,0.9
4db351c3,DOT-USD,BUY,CHOP,0.7288851114540561,3.9304018020629883,3.934332203865051,stop_loss,55.448960040569865,BUY,0.69,,,,BUY,0.93,BUY,0.9
0d6cfc87,DOT-USD,BUY,CHOP,0.7188066211341322,3.9355103969573975,3.883380083709656,stop_loss,-103.467525447254,BUY,0.69,,,,BUY,0.91,BUY,0.9
7e194eb9,DOT-USD,SELL,CHOP,0.6627055231794446,3.825716257095337,3.7296695944296143,take_profit,145.72579939058082,SELL,0.6,,,,SELL,0.83,SELL,0.9
5d42f0b3,DOT-USD,SELL,CHOP,0.6966187253726336,3.8352768421173096,3.682990023769528,take_profit,176.6131839173689,SELL,0.69,,,,SELL,0.87,SELL,0.9
2287f8c3,DOT-USD,SELL,CHOP,0.6565915022934489,3.790968894958496,3.7871779260635376,stop_loss,46.050708451576256,SELL,0.9,,,,SELL,0.73,SELL,0.9
c573d981,ATOM-USD,BUY,BULL,0.6903563260415566,4.6252360343933105,4.629861270427703,stop_loss,52.91775199794161,BUY,0.9,,,,BUY,0.85,BUY,0.9
0052ab8b,ATOM-USD,BUY,BULL,0.6917378765510762,4.6551055908203125,4.832807022060253,take_profit,170.89960178396473,BUY,0.9,,,,BUY,0.85,BUY,0.9
0afe5a5f,ATOM-USD,BUY,BULL,0.6841604609500926,4.7472381591796875,4.679570936660974,stop_loss,-102.238173537819,BUY,0.9,,,,BUY,0.83,BUY,0.9
b353fe7b,ATOM-USD,BUY,BULL,0.6738319527946186,4.739041328430176,4.743780369758605,stop_loss,53.831327456888424,BUY,0.69,,,,BUY,0.94,BUY,0.9
4b13e856,ATOM-USD,BUY,BULL,0.6701599005510447,4.783156394958496,4.710988301200756,stop_loss,-101.75410507700975,BUY,0.9,,,,BUY,0.8,BUY,0.9
03653a4e,ATOM-USD,BUY,CHOP,0.72902097580397,4.740403652191162,4.979027561509469,take_profit,171.25215884460738,BUY,0.69,,,,BUY,0.93,BUY,0.9
adc8752e,ATOM-USD,SELL,BEAR,0.6625274185249431,4.559670448303223,4.646786914047145,stop_loss,-102.44908561468554,SELL,0.9,,,,SELL,0.78,SELL,0.9
87a75c74,ATOM-USD,SELL,BEAR,0.6669048493795902,4.691555976867676,4.686864420890808,stop_loss,53.45384250323821,SELL,0.69,,,,SELL,0.92,SELL,0.9
7a029e95,ATOM-USD,BUY,BULL,0.6639593643131355,4.61472749710083,4.699378501042667,stop_loss,142.88484880238775,BUY,0.9,,,,BUY,0.78,BUY,0.9
6416856a,ATOM-USD,BUY,BULL,0.7360171390471877,4.728907585144043,4.733636492729186,stop_loss,54.28693908669348,BUY,0.9,,,,BUY,0.96,BUY,0.9
01b31ad2,ATOM-USD,BUY,BULL,0.7320578063681891,4.7320380210876465,4.736770059108734,stop_loss,53.837579606816895,BUY,0.9,,,,BUY,0.95,BUY,0.9
d86a7e71,ATOM-USD,BUY,BULL,0.6805376262224712,4.732110500335693,4.687060033150332,stop_loss,-99.45641540146656,BUY,0.69,,,,BUY,0.95,BUY,0.9
10d994de,ATOM-USD,BUY,BULL,0.7367595316593183,4.728321075439453,4.679884304811085,stop_loss,-103.47466270451483,BUY,0.9,,,,BUY,0.96,BUY,0.9
491f68ee,ATOM-USD,BUY,BULL,0.737290183618393,4.727901935577393,4.669040521942515,stop_loss,-102.43991607747026,BUY,0.9,,,,BUY,0.97,BUY,0.9
b29eaf90,ATOM-USD,BUY,BULL,0.7225154673796272,4.739599704742432,4.789494921435382,stop_loss,129.64653947471993,BUY,0.9,,,,BUY,0.93,BUY,0.9
e84f79d5,ATOM-USD,BUY,CHOP,0.6542703450062703,4.613793849945068,4.554374469642918,stop_loss,-102.71198231144292,BUY,0.9,,,,BUY,0.72,BUY,0.9
73a32db7,ATOM-USD,SELL,CHOP,0.7249644496875779,4.521430015563965,4.607476538443289,stop_loss,-101.68486248832858,SELL,0.9,,,,SELL,0.87,SELL,0.85
d803ae7b,ATOM-USD,SELL,CHOP,0.6569540353426874,4.589554309844971,4.48221924109748,stop_loss,139.43369037578324,SELL,0.9,,,,SELL,0.74,SELL,0.85
ccb9ccc2,ATOM-USD,SELL,CHOP,0.650721446785073,4.465619087219238,4.531162964454143,stop_loss,-102.06235076720286,SELL,0.69,,,,SELL,0.8,SELL,0.85
7dfb5139,ATOM-USD,BUY,CHOP,0.667711354829568,4.562424182891846,4.492669098275125,stop_loss,-101.0417272595307,BUY,0.9,,,,BUY,0.76,BUY,0.85
5777f12e,ATOM-USD,BUY,CHOP,0.7200708902839054,4.5443315505981445,4.496733208793584,stop_loss,-100.0313099869362,BUY,0.9,,,,BUY,0.86,BUY,0.85
6573fd79,ATOM-USD,BUY,CHOP,0.6981742727431716,4.537094593048096,4.700526907329775,take_profit,168.35269470801256,BUY,0.69,,,,BUY,0.89,BUY,0.85
72ab46e5,ATOM-USD,BUY,CHOP,0.6812901376133135,4.655940532684326,4.603574575505968,stop_loss,-100.7145238341462,BUY,0.9,,,,BUY,0.79,BUY,0.85
4a9b27d4,ATOM-USD,BUY,CHOP,0.6837686917450568,4.6687469482421875,4.742072101917855,stop_loss,137.1040608347856,BUY,0.9,,,,BUY,0.79,BUY,0.85
cac5df9c,ATOM-USD,BUY,BULL,0.7260996193424951,4.730483531951904,4.670955751623772,stop_loss,-101.07841920415254,BUY,0.9,,,,BUY,0.96,BUY,0.85
1e3e025e,ATOM-USD,BUY,CHOP,0.667771603935395,4.554618835449219,4.498976849586549,stop_loss,-100.06763501211128,BUY,0.72,,,,BUY,0.87,BUY,0.68
e0dc97ca,ATOM-USD,SELL,CHOP,0.6868338306893221,4.545001983642578,4.442545993845856,take_profit,126.54930758425286,SELL,0.6,,,,SELL,0.88,SELL,0.9
b0c12f9b,ATOM-USD,SELL,CHOP,0.6683632751150816,4.438703536987305,4.434264833450317,stop_loss,52.1340914654869,SELL,0.9,,,,SELL,0.75,SELL,0.9
1932fc8d,ATOM-USD,SELL,CHOP,0.7695206776521051,4.508157253265381,4.562425166799973,stop_loss,-100.85379265248835,SELL,0.9,,,,SELL,0.94,SELL,0.9
eb2cb28e,ATOM-USD,SELL,CHOP,0.7090901132728307,4.54996919631958,4.379175101868273,take_profit,169.7369330341368,SELL,0.69,,,,SELL,0.89,SELL,0.9
265a412d,ATOM-USD,SELL,CHOP,0.6564264112290685,4.451345443725586,4.44689409828186,stop_loss,55.193942882127814,SELL,0.69,,,,SELL,0.79,SELL,0.9
e6c06e26,ATOM-USD,SELL,CHOP,0.6683103893161595,4.442508220672607,4.4937436456311035,stop_loss,-102.09456348512492,SELL,0.69,,,,SELL,0.81,SELL,0.9
1fbaee25,ATOM-USD,BUY,CHOP,0.6552560396468547,4.530273914337158,4.4899984052264195,stop_loss,-89.85751178755501,BUY,0.9,,,,BUY,0.98,SELL,0.9
e7310741,ATOM-USD,BUY,CHOP,0.7741211830606689,4.482985019683838,4.447817455679066,stop_loss,-78.5840731455504,BUY,0.69,BUY,0.76,Gartley,BUY,0.84,SELL,0.9
3bcfc742,ATOM-USD,SELL,CHOP,0.7115549089394281,4.437812805175781,4.433374992370606,stop_loss,44.267252637448706,SELL,0.9,BUY,0.57,Gartley,SELL,0.86,SELL,0.79
969f757b,ATOM-USD,SELL,BEAR,0.6549671623177737,4.395515441894531,4.433021333476299,stop_loss,-85.18417263965716,SELL,0.9,BUY,0.52,Gartley,SELL,0.8,SELL,0.79
7574fd72,ATOM-USD,BUY,CHOP,1.0004395129400243,4.472955703735352,4.509121800234051,stop_loss,98.7333557579367,BUY,0.9,BUY,0.77,Gartley,BUY,0.96,BUY,0.86
6980021c,ATOM-USD,BUY,CHOP,0.7528017400345509,4.423861980438232,4.377376187245185,stop_loss,-99.96736635850075,BUY,0.48,BUY,0.56,Gartley,BUY,0.78,BUY,0.68
1af32176,ATOM-USD,BUY,CHOP,0.67551012481356,4.401893138885498,4.372421810612824,stop_loss,-66.26033998952187,SELL,0.9,BUY,0.53,Gartley,BUY,0.8,BUY,0.68
b9e1224e,ATOM-USD,BUY,CHOP,0.8317879798567049,4.422118663787842,4.5173380907824665,take_profit,119.94960993821982,BUY,0.6,BUY,0.69,Gartley,BUY,0.77,BUY,0.86
38e6f2e7,ATOM-USD,BUY,CHOP,0.7381016760021512,4.529020309448242,4.499938257528091,stop_loss,-63.894558227002236,BUY,0.9,,,,BUY,0.9,BUY,0.86
27304351,ATOM-USD,BUY,CHOP,0.8344811482615762,4.488575458526611,4.518554794538378,stop_loss,83.51733159195267,BUY,0.9,BUY,0.75,Gartley,BUY,0.89,SELL,0.9
719dada7,ATOM-USD,SELL,CHOP,0.7039867092432675,4.604787349700928,4.646325720961641,stop_loss,-89.93703891618262,BUY,0.9,SELL,0.54,Gartley,SELL,0.84,SELL,0.72
7f792983,ATOM-USD,SELL,CHOP,0.6562760223374852,4.691789150238037,4.687097361087799,stop_loss,49.446098361269726,BUY,0.9,SELL,0.53,Gartley,SELL,0.75,SELL,0.72
41d85724,ATOM-USD,SELL,CHOP,0.6782214529797568,4.692483425140381,4.666057143052631,stop_loss,103.35721184667233,BUY,0.9,SELL,0.53,Gartley,SELL,0.79,SELL,0.72
43616379,ATOM-USD,SELL,CHOP,0.7605016286695202,4.652278423309326,4.686825628229845,stop_loss,-74.50334322382706,SELL,0.48,SELL,0.58,Gartley,SELL,0.77,SELL,0.72
40fa687d,ATOM-USD,SELL,CHOP,0.6826446385054236,4.6949310302734375,4.725438690554994,stop_loss,-64.70996738277682,BUY,0.9,SELL,0.53,Gartley,SELL,0.8,SELL,0.72
241009dd,ATOM-USD,SELL,CHOP,0.6903550720922909,4.6989006996154785,4.65782138131552,stop_loss,89.56144521028128,BUY,0.9,SELL,0.52,Gartley,SELL,0.82,SELL,0.72
93b60d74,ATOM-USD,SELL,CHOP,0.6831998763730209,4.692236423492432,4.687544187068939,stop_loss,54.42718139300698,SELL,0.72,,,,SELL,0.88,SELL,0.72
ded17ea8,ATOM-USD,SELL,CHOP,0.7009600219865393,4.657626152038574,4.652968525886536,stop_loss,55.06026911470638,SELL,0.9,,,,SELL,0.81,SELL,0.9
18012040,ATOM-USD,SELL,CHOP,0.66910032730514,4.636220455169678,4.499261649552291,take_profit,168.95244885208018,SELL,0.9,,,,SELL,0.75,SELL,0.9
f1078aaf,ATOM-USD,SELL,BEAR,0.687794610760248,4.488435745239258,4.4839473094940185,stop_loss,55.512347845349865,SELL,0.9,BUY,0.61,Gartley,SELL,0.84,SELL,0.9
b450456b,ATOM-USD,SELL,BEAR,0.6954203247756876,4.467275142669678,4.504438691174601,stop_loss,-85.8298477199051,SELL,0.69,BUY,0.59,Gartley,SELL,0.99,SELL,0.9
68a27296,ATOM-USD,BUY,BEAR,0.746752885885789,4.537912845611572,4.496836129829921,stop_loss,-92.61373419509049,BUY,0.72,BUY,0.57,Gartley,BUY,0.88,BUY,0.72
a29fe165,ATOM-USD,BUY,BEAR,0.7650929128748954,4.538451194763184,4.502738502850641,stop_loss,-79.78140158140265,BUY,0.72,BUY,0.57,Gartley,BUY,0.93,BUY,0.72
f747cda2,ATOM-USD,BUY,CHOP,0.755914801345671,4.48879337310791,4.493282166481017,stop_loss,41.71253250084468,SELL,0.6,BUY,0.61,Gartley,BUY,0.89,BUY,0.72
9e92e9fa,ATOM-USD,BUY,CHOP,0.8627038311909067,4.538701057434082,4.5777732523440315,stop_loss,124.85717277826363,BUY,0.72,BUY,0.57,Gartley,BUY,0.9,BUY,0.72
33b3e28b,ATOM-USD,BUY,CHOP,0.683974916900117,4.570484161376953,4.668208487846614,stop_loss,155.85777306209894,BUY,0.72,,,,BUY,0.89,BUY,0.72
ae1b81fe,ATOM-USD,BUY,CHOP,0.6772932415350426,4.669000625610352,4.673669626235961,stop_loss,49.69513515225131,BUY,0.9,,,,BUY,0.77,BUY,0.9
adf261bd,ATOM-USD,BUY,CHOP,0.7041603089721498,4.63041877746582,4.635049196243286,stop_loss,56.51331186829589,BUY,0.69,,,,BUY,0.88,BUY,0.9
6dc308f2,ATOM-USD,BUY,BEAR,0.7156361810973115,4.476992607116699,4.481469599723815,stop_loss,40.33090883737207,BUY,0.48,BUY,0.6,Gartley,BUY,0.93,BUY,0.72
e9f3e155,ATOM-USD,BUY,BEAR,0.7263640780172189,4.4672160148620605,4.434783409548334,stop_loss,-76.43466027454596,BUY,0.48,BUY,0.59,Gartley,BUY,0.96,BUY,0.72
2a2d8e8e,ATOM-USD,BUY,CHOP,0.6644382875389315,4.199613571166992,4.159435890132581,stop_loss,-99.9899734270197,BUY,0.9,,,,BUY,0.74,BUY,0.9
52379d38,ATOM-USD,BUY,CHOP,0.6554249753370212,2.5422139167785645,2.567761451982223,stop_loss,134.65351353291118,BUY,0.9,,,,BUY,0.73,BUY,0.89
d3fd05a7,ATOM-USD,SELL,CHOP,0.676450674821685,2.531294822692871,2.5287635278701783,stop_loss,56.36318466999181,SELL,0.9,,,,SELL,0.77,SELL,0.89
22bf36c2,ATOM-USD,SELL,CHOP,0.7057072320703387,1.9748246669769287,2.0161624105365146,stop_loss,-105.4258188110984,SELL,0.6,,,,SELL,0.91,SELL,0.9
d2727caf,ATOM-USD,SELL,CHOP,0.7493575425972072,1.970299482345581,2.0091058892088887,stop_loss,-104.3715606229875,SELL,0.9,,,,SELL,0.9,SELL,0.9
2f00e99c,ATOM-USD,SELL,CHOP,0.6508782673939344,1.945305585861206,1.9854985800299965,stop_loss,-103.32784501675741,SELL,0.6,,,,SELL,0.81,SELL,0.9
1c00b9f7,ATOM-USD,SELL,CHOP,0.7166489531458573,1.9803082942962646,2.0219336513755666,stop_loss,-102.29456656658967,SELL,0.6,,,,SELL,0.93,SELL,0.9
a4c41c74,ATOM-USD,SELL,CHOP,0.6910684518788336,1.9721615314483643,1.970189369916916,stop_loss,54.30974532813332,SELL,0.6,,,,SELL,0.88,SELL,0.9
ee82e7f0,ATOM-USD,SELL,CHOP,0.7329311210786041,1.9565439224243164,1.9545873785018921,stop_loss,54.671366804538856,SELL,0.69,,,,SELL,0.94,SELL,0.9
2817c235,ATOM-USD,SELL,CHOP,0.7596139282713216,1.9632326364517212,1.9612694038152694,stop_loss,54.936655496010296,SELL,0.69,,,,SELL,0.99,SELL,0.9
1bd143cc,ATOM-USD,BUY,CHOP,0.660934042645829,1.9652888774871826,1.9672541663646697,stop_loss,55.4027699084427,BUY,0.9,,,,BUY,0.99,SELL,0.9
f706895a,ATOM-USD,BUY,CHOP,0.6533983864217537,1.967190146446228,1.9426619843835342,stop_loss,-103.46482627629508,BUY,0.9,,,,BUY,0.98,SELL,0.9
cde083aa,ATOM-USD,SELL,CHOP,0.6948447029809768,1.938629388809204,1.9652583080872776,stop_loss,-102.43017801353199,SELL,0.9,,,,SELL,0.8,SELL,0.9
8e620437,ATOM-USD,SELL,CHOP,0.7375219533810315,1.9611276388168335,1.9866904464580777,stop_loss,-101.4058762333967,SELL,0.6,,,,SELL,0.97,SELL,0.9
1f8ee9a1,ATOM-USD,SELL,BEAR,0.67001452093972,1.9383533000946045,1.9763759659236437,stop_loss,-100.39181747106278,SELL,0.9,,,,SELL,0.8,SELL,0.9
1d8a0eea,ATOM-USD,SELL,BEAR,0.7081489460802032,1.9505856037139893,1.8378014491232764,take_profit,168.95942880379909,SELL,0.9,,,,SELL,0.89,SELL,0.9
06025954,ATOM-USD,BUY,BULL,0.7281277361989267,1.9720338582992554,1.9740058921575545,stop_loss,52.71080808091975,BUY,0.9,,,,BUY,0.94,BUY,0.9
f10d6041,ATOM-USD,BUY,BULL,0.7147532347818795,1.9764564037322998,1.9561165592762242,stop_loss,-101.60460166520005,BUY,0.9,,,,BUY,0.91,BUY,0.9
71468b8c,ATOM-USD,BUY,BULL,0.7355649313527745,1.9695831537246704,1.9840409980353741,stop_loss,93.427814587,BUY,0.9,,,,BUY,0.96,BUY,0.9
c9f052d1,ATOM-USD,BUY,BULL,0.6896261149725174,1.9848190546035767,1.9977275720087444,stop_loss,102.10995164467434,BUY,0.9,,,,BUY,0.85,BUY,0.9
00161c9f,ATOM-USD,BUY,BULL,0.7425824039973649,1.9672763347625732,1.9440479852208,stop_loss,-102.54393331086428,BUY,0.9,,,,BUY,0.98,BUY,0.9
8c76f0fd,ATOM-USD,BUY,BULL,0.7106003217916266,1.839475393295288,1.8198500160585231,stop_loss,-101.51849397775612,BUY,0.9,,,,BUY,0.9,BUY,0.9
674bbaf8,ATOM-USD,BUY,BULL,0.6553934221261095,1.8238303661346436,1.825654196500778,stop_loss,53.818224379311204,BUY,0.69,,,,BUY,0.89,BUY,0.9
412b1397,ATOM-USD,SELL,CHOP,0.6900278005756314,1.7869999408721924,1.8108690758752666,stop_loss,-101.04149128177114,SELL,0.6,,,,SELL,0.88,SELL,0.9
6a27ff74,ATOM-USD,SELL,CHOP,0.7316258515872758,1.7979999780654907,1.7962019780874252,stop_loss,54.19221712651772,SELL,0.72,,,,SELL,0.98,SELL,0.72
b1de1d0a,ATOM-USD,SELL,CHOP,0.7094512852161056,1.7879999876022339,1.7862119876146316,stop_loss,53.44437047611538,SELL,0.69,,,,SELL,0.89,SELL,0.9
1a12b3c4,ATOM-USD,SELL,CHOP,0.7182280025730956,1.7899999618530273,1.8093708240803026,stop_loss,-101.10744224498018,SELL,0.69,,,,SELL,0.91,SELL,0.9
1cfc006e,ATOM-USD,BUY,CHOP,0.6539114561930728,1.8029999732971191,1.7819847332811938,stop_loss,-100.09636782252987,BUY,0.9,,,,BUY,0.98,SELL,0.72
e0fca9fa,ATOM-USD,BUY,CHOP,0.6582340680972875,1.8020000457763672,1.8038020458221433,stop_loss,53.674828167903314,BUY,0.9,,,,BUY,0.99,SELL,0.72
195dae30,ATOM-USD,SELL,CHOP,0.667105801794383,1.9620000123977661,1.9836970835329708,stop_loss,-99.63215242598335,SELL,0.72,,,,SELL,0.85,SELL,0.72
1c6ad25e,ATOM-USD,SELL,CHOP,0.6981280985710057,1.965000033378601,1.9630350333452224,stop_loss,49.01736017244434,SELL,0.72,,,,SELL,0.91,SELL,0.72
3ea8cd77,ATOM-USD,SELL,CHOP,0.6580739174823732,1.9600000381469727,1.9765696205412633,stop_loss,-83.79981974844983,SELL,0.55,,,,SELL,0.89,SELL,0.72
abcefe37,ATOM-USD,SELL,CHOP,0.6947034153213879,1.9459999799728394,1.8991099909803713,take_profit,134.20400973029854,SELL,0.9,,,,SELL,0.8,SELL,0.9
aa71ffb6,ATOM-USD,SELL,CHOP,0.6631425325507267,1.937999963760376,1.9228002590786577,stop_loss,121.86563798106376,SELL,0.9,,,,SELL,0.74,SELL,0.9
8b08b30c,ATOM-USD,BUY,BULL,0.7361876782184653,1.9709999561309814,1.9462475826828245,stop_loss,-100.84870278307736,BUY,0.9,,,,BUY,0.96,BUY,0.9
663e7f58,ATOM-USD,BUY,CHOP,0.681459823906768,1.9730000495910645,2.009827025140392,stop_loss,133.09527716077324,BUY,0.48,,,,BUY,0.96,BUY,0.7
55de151f,ATOM-USD,SELL,CHOP,0.6619369343193258,1.9859999418258667,1.9496408564662648,stop_loss,143.49506738901087,SELL,0.9,,,,SELL,1.0,BUY,0.72
bb23c378,ATOM-USD,SELL,CHOP,0.6812325125021776,1.784000039100647,1.7643166011757945,stop_loss,125.71656965825417,SELL,0.6,,,,SELL,0.87,SELL,0.9
51630c8a,ATOM-USD,SELL,CHOP,0.661330429812324,1.9639999866485596,1.9966144132244477,stop_loss,-103.86328489732695,SELL,0.48,,,,SELL,0.92,SELL,0.72
396bf7cb,ATOM-USD,SELL,CHOP,0.7010642807799824,1.9739999771118164,1.9465678531695514,stop_loss,137.01312566716936,SELL,0.48,,,,SELL,0.99,SELL,0.72
bbef58c3,ATOM-USD,SELL,CHOP,0.6603025857243615,1.9609999656677246,1.98532998574469,stop_loss,-104.19478330502565,SELL,0.55,,,,SELL,0.89,SELL,0.72
5c86f71d,ATOM-USD,SELL,CHOP,0.6891863653017359,1.9709999561309814,1.9690289561748504,stop_loss,55.43938290907654,SELL,0.48,,,,SELL,0.97,SELL,0.72
06a18680,ATOM-USD,SELL,CHOP,0.661330429812324,1.9639999866485596,1.990467265888091,stop_loss,-103.70722930106587,SELL,0.48,,,,SELL,0.92,SELL,0.72
8d16c8c2,ATOM-USD,SELL,CHOP,0.6971093036313806,1.9730000495910645,1.9710270495414735,stop_loss,54.90293261081507,SELL,0.48,,,,SELL,0.99,SELL,0.72
74b8945b,ATOM-USD,SELL,BEAR,0.6581353699439226,1.7929999828338623,1.7912069828510284,stop_loss,55.7404997084241,SELL,0.9,,,,SELL,0.77,SELL,0.9
65427d65,ATOM-USD,SELL,BEAR,0.7086894002286503,1.7860000133514404,1.770825043399838,stop_loss,113.69808706733355,SELL,0.9,,,,SELL,0.89,SELL,0.9
f7be1b2f,ATOM-USD,SELL,BEAR,0.6679272833710044,1.7730000019073486,1.7893521511444574,stop_loss,-96.76042796381533,SELL,0.9,,,,SELL,0.79,SELL,0.9
3c4ff921,ATOM-USD,SELL,CHOP,0.7131064899431822,1.784999966621399,1.7268111553001277,take_profit,176.70814546788134,SELL,0.6,,,,SELL,0.93,SELL,0.9
b47b334d,ATOM-USD,SELL,BEAR,0.6589948068909334,1.7669999599456787,1.7400510149239405,stop_loss,140.00787056274643,SELL,0.9,,,,SELL,0.77,SELL,0.9
fa49defe,AAPL,SELL,CHOP,0.6630637369493887,151.75999450683594,151.6082345123291,stop_loss,76.30613807902202,SELL,0.9,,,,SELL,0.74,SELL,0.9
29b965d0,AAPL,SELL,CHOP,0.6793751137160886,146.8699951171875,146.72312512207031,stop_loss,76.53271757139538,SELL,0.9,,,,SELL,0.77,SELL,0.9
1fc84314,AAPL,BUY,BULL,0.6521743647798726,152.5500030517578,145.15263681351294,stop_loss,-152.29258283475636,BUY,0.9,,,,BUY,0.75,BUY,0.9
dc06cacd,AAPL,BUY,BULL,0.6706221264931647,150.58999633789062,161.62172750276736,stop_loss,212.41461762516153,BUY,0.69,,,,BUY,0.93,BUY,0.9
a4ad9931,AAPL,SELL,BEAR,0.6883821702631601,179.66000366210938,170.60386484984002,stop_loss,213.7003861440552,SELL,0.9,,,,SELL,0.84,SELL,0.9
84f9c96a,AAPL,SELL,CHOP,0.6785484985684597,169.3800048828125,176.3006674961323,stop_loss,-156.39991914877297,SELL,0.69,,,,SELL,0.83,SELL,0.9
7f6af0ce,AAPL,BUY,BULL,0.6909040593948823,191.2899932861328,210.46570022888827,take_profit,261.8916646146205,BUY,0.69,,,,BUY,0.98,BUY,0.9
898f2fd3,AAPL,SELL,BEAR,0.6735376830624105,172.4199981689453,191.34160034581822,stop_loss,-157.98229533076096,SELL,0.9,,,,SELL,0.81,SELL,0.9
07745129,AAPL,SELL,BEAR,0.6808458342867727,190.4199981689453,212.80913577368122,stop_loss,-155.61256090079945,SELL,0.9,,,,SELL,0.82,SELL,0.9
