symbol,w_trend,w_elliott,w_volatility,w_volume,w_mean_rev,trades,wins,losses,win_rate,profit_factor,total_pnl,total_pnl_pct,sharpe,max_dd_pct,error
BTC-USD,0.0,0.0,0.0,1.0,0.0,57,16,41,0.2807017543859649,0.781874166721566,-1003.1123702777986,-0.10031123702777986,-0.14332990105399165,0.19339089732995238,
BTC-USD,0.0,0.0,0.0,0.8,0.2,34,9,25,0.2647058823529412,0.6053827766013204,-1031.121540078977,-0.1031121540078977,-0.22304946277433116,0.1388916085720001,
BTC-USD,0.0,0.0,0.2,0.8,0.0,43,12,31,0.27906976744186046,0.6669771267436185,-1081.3141431541753,-0.10813141431541753,-0.19939521199923296,0.14371063604447729,
BTC-USD,0.0,0.0,0.4,0.6,0.0,5,2,3,0.4,1.1618322448811826,51.68427987603718,0.005168427987603718,0.028088300389030416,0.023322988346916828,
BTC-USD,0.0,0.0,0.0,0.4,0.6,0,0,0,0.0,0.0,0.0,0.0,0.0,0.0,
BTC-USD,0.0,0.0,0.2,0.6,0.2,3,1,2,0.3333333333333333,0.4077363227994658,-125.12339782356139,-0.012512339782356139,-0.12446597452129363,0.012512339782356139,
BTC-USD,0.0,0.0,0.2,0.4,0.4,0,0,0,0.0,0.0,0.0,0.0,0.0,0.0,
BTC-USD,0.0,0.0,0.4,0.4,0.2,0,0,0,0.0,0.0,0.0,0.0,0.0,0.0,
BTC-USD,0.0,0.0,0.4,0.0,0.6,0,0,0,0.0,0.0,0.0,0.0,0.0,0.0,
BTC-USD,0.0,0.0,0.4,0.2,0.4,0,0,0,0.0,0.0,0.0,0.0,0.0,0.0,
BTC-USD,0.0,0.0,0.2,0.0,0.8,0,0,0,0.0,0.0,0.0,0.0,0.0,0.0,
BTC-USD,0.0,0.0,0.0,0.0,1.0,0,0,0,0.0,0.0,0.0,0.0,0.0,0.0,
BTC-USD,0.0,0.0,0.2,0.2,0.6,0,0,0,0.0,0.0,0.0,0.0,0.0,0.0,
BTC-USD,0.0,0.0,0.0,0.2,0.8,0,0,0,0.0,0.0,0.0,0.0,0.0,0.0,
BTC-USD,0.0,0.0,0.0,0.6,0.4,0,0,0,0.0,0.0,0.0,0.0,0.0,0.0,
BTC-USD,0.0,0.0,0.6,0.0,0.4,0,0,0,0.0,0.0,0.0,0.0,0.0,0.0,
BTC-USD,0.0,0.0,0.6,0.2,0.2,0,0,0,0.0,0.0,0.0,0.0,0.0,0.0,
BTC-USD,0.0,0.0,0.6,0.4,0.0,4,2,2,0.5,1.7671211951387447,162.06432062814383,0.016206432062814382,0.08512666015398772,0.012512339782356139,
BTC-USD,0.0,0.2,0.0,0.8,0.0,85,31,54,0.36470588235294116,1.1959089233164875,1227.4103131141346,0.12274103131141346,0.1381447202518931,0.14679372779839372,
BTC-USD,0.0,0.2,0.2,0.6,0.0,51,19,32,0.37254901960784315,1.1883148583971028,673.9338164415203,0.06739338164415203,0.10183982352236473,0.14799199783679354,
BTC-USD,0.0,0.2,0.0,0.6,0.2,47,18,29,0.3829787234042553,1.2185911280825616,707.4380019505479,0.07074380019505479,0.10976646929688517,0.12030916189639666,
BTC-USD,0.0,0.0,0.8,0.0,0.2,0,0,0,0.0,0.0,0.0,0.0,0.0,0.0,
BTC-USD,0.0,0.0,0.8,0.2,0.0,1,1,0,1.0,0.0,289.60562957173534,0.028960562957173534,0.17311236681639317,0.0,
BTC-USD,0.0,0.2,0.0,0.2,0.6,0,0,0,0.0,0.0,0.0,0.0,0.0,0.0,
BTC-USD,0.0,0.2,0.0,0.4,0.4,0,0,0,0.0,0.0,0.0,0.0,0.0,0.0,
BTC-USD,0.0,0.2,0.0,0.0,0.8,0,0,0,0.0,0.0,0.0,0.0,0.0,0.0,
BTC-USD,0.0,0.0,1.0,0.0,0.0,2,2,0,1.0,0.0,587.32929928474,0.058732929928474,0.2448299728208692,0.0,
BTC-USD,0.0,0.2,0.2,0.4,0.2,1,1,0,1.0,0.0,87.06004111777656,0.008706004111777656,0.17311236681639317,0.0,
BTC-USD,0.0,0.2,0.2,0.0,0.6,0,0,0,0.0,0.0,0.0,0.0,0.0,0.0,
BTC-USD,0.0,0.2,0.2,0.2,0.4,0,0,0,0.0,0.0,0.0,0.0,0.0,0.0,
BTC-USD,0.0,0.2,0.4,0.0,0.4,0,0,0,0.0,0.0,0.0,0.0,0.0,0.0,
BTC-USD,0.0,0.2,0.4,0.2,0.2,0,0,0,0.0,0.0,0.0,0.0,0.0,0.0,
BTC-USD,0.0,0.2,0.4,0.4,0.0,5,3,2,0.6,3.047532731817504,460.6173701808293,0.04606173701808293,0.1777077132095577,0.02105287334126845,
BTC-USD,0.0,0.2,0.6,0.0,0.2,0,0,0,0.0,0.0,0.0,0.0,0.0,0.0,
BTC-USD,0.0,0.4,0.0,0.6,0.0,81,32,49,0.3950617283950617,1.419287205016244,2459.4202290703815,0.24594202290703815,0.24338641408073944,0.08656855243235201,
BTC-USD,0.0,0.4,0.2,0.4,0.0,61,28,33,0.45901639344262296,1.8711700688862036,3459.8456085930666,0.3459845608593067,0.3562022891895522,0.08300701467145087,
BTC-USD,0.0,0.4,0.0,0.4,0.2,59,26,33,0.4406779661016949,1.6932075731144494,2716.0612013724713,0.2716061201372471,0.3008971736371513,0.10842364861786251,
BTC-USD,0.0,0.2,0.8,0.0,0.0,4,1,3,0.25,0.8689541265801272,-43.99360721404082,-0.004399360721404082,-0.018926951890703283,0.03261957887269587,
BTC-USD,0.0,0.2,0.6,0.2,0.0,2,2,0,1.0,0.0,312.6662089923684,0.03126662089923684,0.1847435959029593,0.0,
BTC-USD,0.0,0.4,0.4,0.2,0.0,11,7,4,0.6363636363636364,3.5939075350018608,1168.032761693461,0.1168032761693461,0.28299401807256835,0.02105287334126851,
BTC-USD,0.0,0.4,0.0,0.2,0.4,0,0,0,0.0,0.0,0.0,0.0,0.0,0.0,
BTC-USD,0.0,0.4,0.2,0.2,0.2,2,1,1,0.5,2.617427293005607,180.26574752562556,0.018026574752562554,0.10204032064713241,0.01082930469338318,
BTC-USD,0.0,0.4,0.0,0.0,0.6,0,0,0,0.0,0.0,0.0,0.0,0.0,0.0,
BTC-USD,0.0,0.4,0.2,0.0,0.4,0,0,0,0.0,0.0,0.0,0.0,0.0,0.0,
BTC-USD,0.0,0.4,0.4,0.0,0.2,0,0,0,0.0,0.0,0.0,0.0,0.0,0.0,
BTC-USD,0.0,0.8,0.0,0.2,0.0,159,59,100,0.3710691823899371,1.3988390159976793,5144.788994721237,0.5144788994721237,0.3289628877091804,0.10024314520686428,
BTC-USD,0.0,0.8,0.0,0.0,0.2,175,64,111,0.3657142857142857,1.361513461024145,5000.63205567642,0.500063205567642,0.31047648677487005,0.10024314520686428,
BTC-USD,0.0,1.0,0.0,0.0,0.0,34,8,26,0.23529411764705882,0.6277260685349351,-1025.0592779125072,-0.10250592779125073,-0.19851979939378847,0.10250592779125073,
BTC-USD,0.0,0.6,0.2,0.2,0.0,58,18,40,0.3103448275862069,0.925078366368647,-349.5937998510726,-0.03495937998510726,-0.03777667488624693,0.14727382097402938,
BTC-USD,0.0,0.8,0.2,0.0,0.0,165,60,105,0.36363636363636365,1.3759210442350687,5058.47639915495,0.505847639915495,0.31874209836873657,0.10024314520686428,
BTC-USD,0.0,0.6,0.0,0.2,0.2,71,30,41,0.4225352112676056,1.6022538645105975,2957.3220894626993,0.29573220894626995,0.2969121807441404,0.09775282455911795,
BTC-USD,0.0,0.4,0.6,0.0,0.0,33,11,22,0.3333333333333333,0.9448226417551752,-133.77681100502377,-0.013377681100502378,-0.016900797093408623,0.07297561842871277,
BTC-USD,0.0,0.6,0.0,0.4,0.0,81,32,49,0.3950617283950617,1.4247392598504336,2496.636811588274,0.24966368115882742,0.24625378816771698,0.08384386939600741,
BTC-USD,0.2,0.0,0.0,0.6,0.2,33,7,26,0.21212121212121213,0.6247869669787802,-1068.8059383732689,-0.10688059383732688,-0.2075911973956239,0.16144854473764944,
BTC-USD,0.0,0.6,0.2,0.0,0.2,29,12,17,0.41379310344827586,1.3660060807747878,726.5269555197447,0.07265269555197447,0.13587197735877204,0.054504468701420665,
BTC-USD,0.0,0.6,0.0,0.0,0.4,0,0,0,0.0,0.0,0.0,0.0,0.0,0.0,
BTC-USD,0.0,0.6,0.4,0.0,0.0,37,12,25,0.32432432432432434,0.8423786435366424,-424.7013278370232,-0.04247013278370232,-0.07058633267460755,0.081228666691275,
BTC-USD,0.2,0.0,0.0,0.8,0.0,57,16,41,0.2807017543859649,0.7685444516403915,-1022.9146270332803,-0.10229146270332803,-0.14753266678452717,0.1705673779808498,
BTC-USD,0.2,0.0,0.0,0.4,0.4,6,2,4,0.3333333333333333,0.8513157601093305,-66.84134922288649,-0.0066841349222886495,-0.027711053432419332,0.034424068812974905,
BTC-USD,0.2,0.0,0.0,0.0,0.8,0,0,0,0.0,0.0,0.0,0.0,0.0,0.0,
BTC-USD,0.2,0.0,0.0,0.2,0.6,0,0,0,0.0,0.0,0.0,0.0,0.0,0.0,
BTC-USD,0.2,0.0,0.2,0.6,0.0,39,10,29,0.2564102564102564,0.6769074262788491,-1015.2329745990501,-0.101523297459905,-0.18147512197483676,0.13340727392317075,
BTC-USD,0.2,0.0,0.2,0.0,0.6,0,0,0,0.0,0.0,0.0,0.0,0.0,0.0,
BTC-USD,0.2,0.0,0.2,0.2,0.4,0,0,0,0.0,0.0,0.0,0.0,0.0,0.0,
BTC-USD,0.2,0.0,0.2,0.4,0.2,11,3,8,0.2727272727272727,0.7508183028128529,-218.41248596860714,-0.021841248596860714,-0.06874025152684422,0.07592835895067471,
BTC-USD,0.2,0.0,0.4,0.4,0.0,24,10,14,0.4166666666666667,1.4353400440950494,667.7392827968888,0.06677392827968888,0.1347411356591634,0.05502930444131361,
BTC-USD,0.2,0.0,0.4,0.0,0.4,0,0,0,0.0,0.0,0.0,0.0,0.0,0.0,
BTC-USD,0.2,0.0,0.4,0.2,0.2,2,2,0,1.0,0.0,587.7926880697269,0.058779268806972686,0.24483075229662757,0.0,
BTC-USD,0.2,0.0,0.8,0.0,0.0,14,11,3,0.7857142857142857,6.846861579867761,2033.1604959886845,0.20331604959886845,0.4152904695907898,0.02126074254155202,
BTC-USD,0.2,0.0,0.6,0.2,0.0,14,7,7,0.5,1.987017287720282,779.8516834660986,0.07798516834660986,0.18758757166709072,0.05373254265007274,
BTC-USD,0.2,0.2,0.0,0.6,0.0,55,15,40,0.2727272727272727,0.7634577533562081,-1048.6114278802143,-0.10486114278802143,-0.151843547487696,0.16880322880318832,
BTC-USD,0.2,0.0,0.6,0.0,0.2,3,3,0,1.0,0.0,589.7071882622931,0.05897071882622931,0.24577629298894949,0.0,
BTC-USD,0.2,0.2,0.0,0.0,0.6,0,0,0,0.0,0.0,0.0,0.0,0.0,0.0,
BTC-USD,0.2,0.2,0.0,0.4,0.2,52,20,32,0.38461538461538464,1.3743049990730192,1399.537013086605,0.1399537013086605,0.1812231422068518,0.09564187585540652,
BTC-USD,0.2,0.2,0.0,0.2,0.4,5,2,3,0.4,1.0258729305387773,8.755301304829118,0.0008755301304829118,0.007324085819055679,0.02707551949505895,
BTC-USD,0.2,0.2,0.2,0.0,0.4,0,0,0,0.0,0.0,0.0,0.0,0.0,0.0,
BTC-USD,0.2,0.2,0.2,0.2,0.2,14,7,7,0.5,1.9906548149496412,771.8725065987765,0.07718725065987765,0.1864946352924912,0.021849222035173626,
BTC-USD,0.2,0.4,0.0,0.0,0.4,114,40,74,0.3508771929824561,1.2499686391159155,2198.4547693528075,0.21984547693528075,0.19315918493135778,0.08246563730572848,
BTC-USD,0.2,0.4,0.0,0.2,0.2,117,42,75,0.358974358974359,1.2977658514803556,2787.64995127743,0.278764995127743,0.23053110443332472,0.08462984887471214,
BTC-USD,0.2,0.4,0.0,0.4,0.0,130,49,81,0.3769230769230769,1.3736685229209513,3783.662823802775,0.37836628238027753,0.2823903214487632,0.1273645599140855,
BTC-USD,0.2,0.2,0.2,0.4,0.0,55,22,33,0.4,1.4366738187182453,1692.9971149618923,0.16929971149618922,0.20888754538798482,0.0982316496259458,
BTC-USD,0.2,0.4,0.2,0.0,0.2,116,41,75,0.35344827586206895,1.283714793706709,2547.332296772196,0.2547332296772196,0.21465402975209705,0.08246563730572848,
BTC-USD,0.2,0.4,0.2,0.2,0.0,119,43,76,0.36134453781512604,1.3298389296200837,3153.3785440263164,0.3153378544026316,0.25095499534348076,0.08462984887471214,
BTC-USD,0.2,0.4,0.4,0.0,0.0,116,41,75,0.35344827586206895,1.283714793706709,2547.332296772196,0.2547332296772196,0.21465402975209705,0.08246563730572848,
BTC-USD,0.2,0.2,0.4,0.0,0.2,18,10,8,0.5555555555555556,2.539900659992496,1451.7788353650194,0.14517788353650193,0.2853825188828436,0.021142344624803747,
BTC-USD,0.2,0.2,0.4,0.2,0.0,25,13,12,0.52,2.2042867461628144,1674.6940087538205,0.16746940087538206,0.2861219362187388,0.03177359207580205,
BTC-USD,0.2,0.6,0.0,0.0,0.2,138,50,88,0.36231884057971014,1.3164416407568587,3505.977905294394,0.3505977905294394,0.2594935278277318,0.09299609038430022,
BTC-USD,0.2,0.2,0.6,0.0,0.0,31,15,16,0.4838709677419355,1.7925790448131673,1481.5881268346839,0.1481588126834684,0.24116876689713554,0.054504468701420665,
BTC-USD,0.2,0.6,0.0,0.2,0.0,154,57,97,0.37012987012987014,1.3406760024344653,4152.276661911883,0.4152276661911883,0.2849181079837587,0.1018201580930422,
BTC-USD,0.2,0.8,0.0,0.0,0.0,175,64,111,0.3657142857142857,1.361513461024145,5000.63205567642,0.500063205567642,0.31047648677487005,0.10024314520686428,
BTC-USD,0.2,0.6,0.2,0.0,0.0,138,50,88,0.36231884057971014,1.3164416407568587,3505.977905294394,0.3505977905294394,0.2594935278277318,0.09299609038430022,
BTC-USD,0.4,0.0,0.0,0.4,0.2,34,8,26,0.23529411764705882,0.6437954429811735,-1000.8370299376365,-0.10008370299376365,-0.1920552497880009,0.1388070398190131,
BTC-USD,0.4,0.0,0.0,0.6,0.0,34,8,26,0.23529411764705882,0.6437954429811735,-1000.8370299376365,-0.10008370299376365,-0.1920552497880009,0.1388070398190131,
BTC-USD,0.4,0.0,0.2,0.4,0.0,40,10,30,0.25,0.6658585548522498,-1085.845643463732,-0.10858456434637319,-0.19601152879815492,0.1571976535042246,
BTC-USD,0.4,0.2,0.0,0.2,0.2,50,14,36,0.28,0.9151382484315915,-342.5864771787892,-0.03425864771787892,-0.03962677900037628,0.10579672768903865,
BTC-USD,0.4,0.2,0.0,0.0,0.4,91,28,63,0.3076923076923077,1.022922694871265,167.42532839214982,0.016742532839214983,0.03149054718829158,0.10830041507639156,
BTC-USD,0.4,0.2,0.0,0.4,0.0,108,31,77,0.28703703703703703,0.9125268756160096,-746.4605855929294,-0.07464605855929295,-0.06051127693940737,0.13019027101652775,
BTC-USD,0.4,0.0,0.6,0.0,0.0,35,12,23,0.34285714285714286,1.006327436453375,16.511290668704532,0.0016511290668704533,0.011289441106084474,0.10648426865619051,
BTC-USD,0.4,0.0,0.0,0.2,0.4,43,16,27,0.37209302325581395,1.3006170645096728,897.2661948104123,0.08972661948104123,0.13429941651238364,0.1341758609195292,
BTC-USD,0.4,0.2,0.2,0.2,0.0,101,31,70,0.3069306930693069,1.0259947152710034,211.17145006549072,0.02111714500654907,0.03560321594281177,0.10830041507639135,
BTC-USD,0.4,0.2,0.2,0.0,0.2,92,28,64,0.30434782608695654,0.9995883919184647,-3.005923441136474,-0.00030059234411364743,0.01397771176914969,0.10830041507639168,
BTC-USD,0.4,0.0,0.4,0.2,0.0,64,25,39,0.390625,1.2813183628358407,1227.7335207930173,0.12277335207930173,0.154898860592644,0.1323805132732385,
BTC-USD,0.4,0.0,0.2,0.2,0.2,52,20,32,0.38461538461538464,1.293436862710249,1038.4756521960699,0.10384756521960699,0.14428585517408105,0.12650551668102097,
BTC-USD,0.4,0.0,0.0,0.0,0.6,0,0,0,0.0,0.0,0.0,0.0,0.0,0.0,
BTC-USD,0.4,0.0,0.4,0.0,0.2,37,17,20,0.4594594594594595,1.5550767324236532,1286.0624410651562,0.1286062441065156,0.20537437626499366,0.09520521135087336,
BTC-USD,0.4,0.0,0.2,0.0,0.4,13,10,3,0.7692307692307693,6.895005587808493,2000.6898342830063,0.20006898342830062,0.4104993978690908,0.010688812896366244,
BTC-USD,0.4,0.2,0.4,0.0,0.0,100,31,69,0.31,1.011476845231787,91.34409983924343,0.009134409983924343,0.023947541041154482,0.11804996593107851,
BTC-USD,0.4,0.4,0.0,0.0,0.2,138,50,88,0.36231884057971014,1.3164416407568587,3505.977905294394,0.3505977905294394,0.2594935278277318,0.09299609038430022,
BTC-USD,0.4,0.4,0.0,0.2,0.0,148,52,96,0.35135135135135137,1.274954759631115,3168.652311344211,0.3168652311344211,0.23362458375086506,0.09299609038430022,
BTC-USD,0.6,0.0,0.0,0.0,0.4,120,37,83,0.30833333333333335,1.0258243980290107,256.78039912032,0.025678039912031998,0.039313183160371,0.12333014519003803,
BTC-USD,0.4,0.4,0.2,0.0,0.0,142,52,90,0.36619718309859156,1.3569007604232504,3995.451883687054,0.3995451883687054,0.2837567180983118,0.09299609038430015,
BTC-USD,0.6,0.0,0.0,0.2,0.2,121,38,83,0.3140495867768595,1.0478779315586948,486.31205316301384,0.048631205316301385,0.05915526731458849,0.12333014519003815,
BTC-USD,0.4,0.6,0.0,0.0,0.0,138,50,88,0.36231884057971014,1.3164416407568587,3505.977905294394,0.3505977905294394,0.2594935278277318,0.09299609038430022,
BTC-USD,0.6,0.0,0.0,0.4,0.0,121,38,83,0.3140495867768595,1.0478779315586948,486.31205316301384,0.048631205316301385,0.05915526731458849,0.12333014519003815,
BTC-USD,0.6,0.0,0.2,0.0,0.2,122,38,84,0.3114754098360656,1.0398104856958181,404.36808330317945,0.040436808330317944,0.05203448910583681,0.12333014519003792,
BTC-USD,0.6,0.0,0.2,0.2,0.0,123,39,84,0.3170731707317073,1.0613911959814826,637.2025325650939,0.06372025325650939,0.07158004825059633,0.12333014519003797,
BTC-USD,0.6,0.0,0.4,0.0,0.0,122,38,84,0.3114754098360656,1.0398104856958181,404.36808330317945,0.040436808330317944,0.05203448910583681,0.12333014519003792,
BTC-USD,0.6,0.2,0.0,0.0,0.2,176,59,117,0.3352272727272727,1.155929820886981,2189.266023632046,0.21892660236320463,0.1646985049722411,0.11563317363874395,
BTC-USD,0.6,0.2,0.0,0.2,0.0,177,59,118,0.3333333333333333,1.1611643932608895,2294.4151251398252,0.22944151251398254,0.17022308431681282,0.10845141483596558,
BTC-USD,0.6,0.2,0.2,0.0,0.0,178,60,118,0.33707865168539325,1.165256072541296,2364.660784396445,0.23646607843964448,0.17417272011174795,0.10875074619037324,
BTC-USD,0.6,0.4,0.0,0.0,0.0,176,59,117,0.3352272727272727,1.155929820886981,2189.266023632046,0.21892660236320463,0.1646985049722411,0.11563317363874395,
BTC-USD,0.8,0.0,0.0,0.0,0.2,188,63,125,0.3351063829787234,1.1581644749458906,2382.1488313984064,0.23821488313984063,0.17188992266330497,0.11857040383663259,
BTC-USD,0.8,0.0,0.0,0.2,0.0,188,63,125,0.3351063829787234,1.1581644749458906,2382.1488313984064,0.23821488313984063,0.17188992266330497,0.11857040383663259,
BTC-USD,0.8,0.0,0.2,0.0,0.0,188,63,125,0.3351063829787234,1.1581644749458906,2382.1488313984064,0.23821488313984063,0.17188992266330497,0.11857040383663259,
BTC-USD,0.8,0.2,0.0,0.0,0.0,188,63,125,0.3351063829787234,1.1581644749458906,2382.1488313984064,0.23821488313984063,0.17188992266330497,0.11857040383663259,
BTC-USD,1.0,0.0,0.0,0.0,0.0,188,63,125,0.3351063829787234,1.1581644749458906,2382.1488313984064,0.23821488313984063,0.17188992266330497,0.11857040383663259,
ETH-USD,0.0,0.0,0.0,1.0,0.0,21,5,16,0.23809523809523808,0.6977397159260915,-526.1245727851583,-0.05261245727851583,-0.09056647907179123,0.10297932260565504,
ETH-USD,0.0,0.0,0.0,0.2,0.8,0,0,0,0.0,0.0,0.0,0.0,0.0,0.0,
ETH-USD,0.0,0.0,0.0,0.0,1.0,0,0,0,0.0,0.0,0.0,0.0,0.0,0.0,
ETH-USD,0.0,0.0,0.0,0.4,0.6,0,0,0,0.0,0.0,0.0,0.0,0.0,0.0,
ETH-USD,0.0,0.0,0.0,0.8,0.2,0,0,0,0.0,0.0,0.0,0.0,0.0,0.0,
ETH-USD,0.0,0.0,0.0,0.6,0.4,0,0,0,0.0,0.0,0.0,0.0,0.0,0.0,
ETH-USD,0.0,0.0,0.2,0.0,0.8,0,0,0,0.0,0.0,0.0,0.0,0.0,0.0,
ETH-USD,0.0,0.0,0.2,0.2,0.6,0,0,0,0.0,0.0,0.0,0.0,0.0,0.0,
ETH-USD,0.0,0.0,0.2,0.4,0.4,0,0,0,0.0,0.0,0.0,0.0,0.0,0.0,
ETH-USD,0.0,0.0,0.2,0.6,0.2,0,0,0,0.0,0.0,0.0,0.0,0.0,0.0,
ETH-USD,0.0,0.0,0.2,0.8,0.0,9,3,6,0.3333333333333333,0.8159510211412411,-117.99408826635772,-0.011799408826635773,-0.030651761028036767,0.04775453109162521,
ETH-USD,0.0,0.0,0.4,0.0,0.6,0,0,0,0.0,0.0,0.0,0.0,0.0,0.0,
ETH-USD,0.0,0.0,0.4,0.4,0.2,0,0,0,0.0,0.0,0.0,0.0,0.0,0.0,
ETH-USD,0.0,0.0,0.4,0.2,0.4,0,0,0,0.0,0.0,0.0,0.0,0.0,0.0,
ETH-USD,0.0,0.0,0.4,0.6,0.0,0,0,0,0.0,0.0,0.0,0.0,0.0,0.0,
ETH-USD,0.0,0.0,0.6,0.0,0.4,0,0,0,0.0,0.0,0.0,0.0,0.0,0.0,
ETH-USD,0.0,0.2,0.0,0.8,0.0,26,6,20,0.23076923076923078,0.678305286406016,-694.3152279668884,-0.06943152279668884,-0.1102535571753827,0.12653420736030552,
ETH-USD,0.0,0.0,0.6,0.2,0.2,0,0,0,0.0,0.0,0.0,0.0,0.0,0.0,
ETH-USD,0.0,0.0,0.6,0.4,0.0,0,0,0,0.0,0.0,0.0,0.0,0.0,0.0,
ETH-USD,0.0,0.0,0.8,0.0,0.2,0,0,0,0.0,0.0,0.0,0.0,0.0,0.0,
ETH-USD,0.0,0.0,0.8,0.2,0.0,0,0,0,0.0,0.0,0.0,0.0,0.0,0.0,
ETH-USD,0.0,0.0,1.0,0.0,0.0,0,0,0,0.0,0.0,0.0,0.0,0.0,0.0,
ETH-USD,0.0,0.2,0.0,0.0,0.8,0,0,0,0.0,0.0,0.0,0.0,0.0,0.0,
ETH-USD,0.0,0.2,0.0,0.2,0.6,0,0,0,0.0,0.0,0.0,0.0,0.0,0.0,
ETH-USD,0.0,0.2,0.0,0.4,0.4,0,0,0,0.0,0.0,0.0,0.0,0.0,0.0,
ETH-USD,0.0,0.2,0.0,0.6,0.2,0,0,0,0.0,0.0,0.0,0.0,0.0,0.0,
ETH-USD,0.0,0.2,0.2,0.0,0.6,0,0,0,0.0,0.0,0.0,0.0,0.0,0.0,
ETH-USD,0.0,0.2,0.2,0.2,0.4,0,0,0,0.0,0.0,0.0,0.0,0.0,0.0,
ETH-USD,0.0,0.2,0.2,0.6,0.0,4,2,2,0.5,2.2241649156839483,269.5419626150833,0.026954196261508332,0.08830689839221927,0.010933567102991265,
ETH-USD,0.0,0.2,0.2,0.4,0.2,0,0,0,0.0,0.0,0.0,0.0,0.0,0.0,
ETH-USD,0.0,0.2,0.4,0.0,0.4,0,0,0,0.0,0.0,0.0,0.0,0.0,0.0,
ETH-USD,0.0,0.2,0.4,0.2,0.2,0,0,0,0.0,0.0,0.0,0.0,0.0,0.0,
ETH-USD,0.0,0.4,0.0,0.6,0.0,63,20,43,0.31746031746031744,0.9463010797031608,-266.9038644790853,-0.02669038644790853,-0.018752594852526887,0.1312290225714092,
ETH-USD,0.0,0.2,0.4,0.4,0.0,0,0,0,0.0,0.0,0.0,0.0,0.0,0.0,
ETH-USD,0.0,0.2,0.6,0.0,0.2,0,0,0,0.0,0.0,0.0,0.0,0.0,0.0,
ETH-USD,0.0,0.2,0.6,0.2,0.0,0,0,0,0.0,0.0,0.0,0.0,0.0,0.0,
ETH-USD,0.0,0.2,0.8,0.0,0.0,0,0,0,0.0,0.0,0.0,0.0,0.0,0.0,
ETH-USD,0.0,0.4,0.0,0.0,0.6,0,0,0,0.0,0.0,0.0,0.0,0.0,0.0,
ETH-USD,0.0,0.4,0.0,0.2,0.4,0,0,0,0.0,0.0,0.0,0.0,0.0,0.0,
ETH-USD,0.0,0.4,0.0,0.4,0.2,0,0,0,0.0,0.0,0.0,0.0,0.0,0.0,
ETH-USD,0.0,0.4,0.2,0.0,0.4,0,0,0,0.0,0.0,0.0,0.0,0.0,0.0,
ETH-USD,0.0,0.4,0.2,0.2,0.2,0,0,0,0.0,0.0,0.0,0.0,0.0,0.0,
ETH-USD,0.0,0.4,0.2,0.4,0.0,4,3,1,0.75,7.122452045661475,633.3104145741254,0.06333104145741254,0.17528501232510846,0.010344064924492158,
ETH-USD,0.0,0.4,0.4,0.0,0.2,0,0,0,0.0,0.0,0.0,0.0,0.0,0.0,
ETH-USD,0.0,0.4,0.4,0.2,0.0,1,1,0,1.0,0.0,243.53485839768473,0.024353485839768475,0.12152694344852857,0.0,
ETH-USD,0.0,0.4,0.6,0.0,0.0,2,2,0,1.0,0.0,491.03712598032143,0.049103712598032145,0.1718687467139761,0.0,
ETH-USD,0.0,0.6,0.0,0.4,0.0,76,23,53,0.3026315789473684,0.9217672306637948,-474.3013873975906,-0.047430138739759056,-0.03442948601329687,0.14595963667370124,
ETH-USD,0.0,0.6,0.0,0.0,0.4,0,0,0,0.0,0.0,0.0,0.0,0.0,0.0,
ETH-USD,0.0,0.8,0.0,0.2,0.0,80,24,56,0.3,0.9148175404620256,-544.998705709857,-0.054499870570985695,-0.039673076047819306,0.16222263224307304,
ETH-USD,0.0,0.6,0.0,0.2,0.2,0,0,0,0.0,0.0,0.0,0.0,0.0,0.0,
ETH-USD,0.0,1.0,0.0,0.0,0.0,216,78,138,0.3611111111111111,1.147089685974775,2404.8061451597787,0.24048061451597788,0.12488358261120563,0.1310806243982844,
ETH-USD,0.0,0.6,0.2,0.2,0.0,13,9,4,0.6923076923076923,4.1555274907038475,1450.2779835593228,0.14502779835593227,0.2465272156105053,0.021503318315641947,
ETH-USD,0.0,0.6,0.2,0.0,0.2,0,0,0,0.0,0.0,0.0,0.0,0.0,0.0,
ETH-USD,0.0,0.8,0.2,0.0,0.0,49,21,28,0.42857142857142855,1.5579928033207444,1720.9424890673945,0.17209424890673944,0.17606477786913804,0.0877480919056564,
ETH-USD,0.2,0.0,0.0,0.6,0.2,20,3,17,0.15,0.4123019488660332,-1038.3766166017067,-0.10383766166017067,-0.2150460818296405,0.1367816677123963,
ETH-USD,0.0,0.6,0.4,0.0,0.0,8,4,4,0.5,2.157658861366778,478.2201614265796,0.04782201614265796,0.11661596392494569,0.04130924725630957,
ETH-USD,0.0,0.8,0.0,0.0,0.2,0,0,0,0.0,0.0,0.0,0.0,0.0,0.0,
ETH-USD,0.2,0.0,0.0,0.0,0.8,0,0,0,0.0,0.0,0.0,0.0,0.0,0.0,
ETH-USD,0.2,0.0,0.0,0.2,0.6,0,0,0,0.0,0.0,0.0,0.0,0.0,0.0,
ETH-USD,0.2,0.0,0.0,0.4,0.4,0,0,0,0.0,0.0,0.0,0.0,0.0,0.0,
ETH-USD,0.2,0.0,0.0,0.8,0.0,60,17,43,0.2833333333333333,0.7810364205542538,-1039.437457923399,-0.1039437457923399,-0.10874328078174447,0.18342614828677395,
ETH-USD,0.2,0.0,0.2,0.6,0.0,23,4,19,0.17391304347826086,0.48940674548429786,-1007.191472648863,-0.1007191472648863,-0.18776700182341385,0.1337777936592876,
ETH-USD,0.2,0.0,0.2,0.0,0.6,0,0,0,0.0,0.0,0.0,0.0,0.0,0.0,
ETH-USD,0.2,0.0,0.2,0.2,0.4,0,0,0,0.0,0.0,0.0,0.0,0.0,0.0,
ETH-USD,0.2,0.2,0.0,0.6,0.0,30,10,20,0.3333333333333333,0.9474492366299686,-119.68234326740458,-0.011968234326740457,-0.012347888206178872,0.11929154925111175,
ETH-USD,0.2,0.0,0.2,0.4,0.2,0,0,0,0.0,0.0,0.0,0.0,0.0,0.0,
ETH-USD,0.2,0.0,0.4,0.0,0.4,0,0,0,0.0,0.0,0.0,0.0,0.0,0.0,
ETH-USD,0.2,0.0,0.4,0.2,0.2,0,0,0,0.0,0.0,0.0,0.0,0.0,0.0,
ETH-USD,0.2,0.0,0.4,0.4,0.0,4,2,2,0.5,2.3435012232068235,275.7049665999057,0.02757049665999057,0.09090606049864408,0.02052137816010454,
ETH-USD,0.2,0.0,0.6,0.0,0.2,0,0,0,0.0,0.0,0.0,0.0,0.0,0.0,
ETH-USD,0.2,0.0,0.6,0.2,0.0,2,1,1,0.5,2.357851817931977,138.8143371528604,0.013881433715286039,0.06501500429614399,0.0102230843837051,
ETH-USD,0.2,0.0,0.8,0.0,0.0,3,2,1,0.6666666666666666,4.754115233368994,383.78636816884136,0.03837863681688414,0.12999990081752552,0.0102230843837051,
ETH-USD,0.2,0.2,0.0,0.0,0.6,0,0,0,0.0,0.0,0.0,0.0,0.0,0.0,
ETH-USD,0.2,0.2,0.0,0.2,0.4,0,0,0,0.0,0.0,0.0,0.0,0.0,0.0,
ETH-USD,0.2,0.2,0.0,0.4,0.2,10,2,8,0.2,0.5559501764942041,-374.04289462698034,-0.03740428946269803,-0.09892016599852473,0.08224095589745954,
ETH-USD,0.2,0.2,0.2,0.0,0.4,0,0,0,0.0,0.0,0.0,0.0,0.0,0.0,
ETH-USD,0.2,0.2,0.2,0.2,0.2,0,0,0,0.0,0.0,0.0,0.0,0.0,0.0,
ETH-USD,0.2,0.6,0.0,0.0,0.2,119,44,75,0.3697478991596639,1.2796272806740547,2510.848845548877,0.2510848845548877,0.16170730885024306,0.1047532593598063,
ETH-USD,0.2,0.2,0.2,0.4,0.0,22,9,13,0.4090909090909091,1.4082584666124605,571.8633183572347,0.05718633183572347,0.0906457674611895,0.06911735677988311,
ETH-USD,0.2,0.2,0.4,0.0,0.2,0,0,0,0.0,0.0,0.0,0.0,0.0,0.0,
ETH-USD,0.2,0.2,0.4,0.2,0.0,4,3,1,0.75,6.977894623861791,634.2620695856076,0.06342620695856076,0.17447725453525903,0.010610124625714343,
ETH-USD,0.2,0.4,0.0,0.2,0.2,20,5,15,0.25,0.7896336544073125,-329.80127090845053,-0.03298012709084505,-0.055995589699387505,0.1029139588920791,
ETH-USD,0.2,0.2,0.6,0.0,0.0,5,3,2,0.6,3.5105151637672867,520.6627969977762,0.052066279699777625,0.14152388896767748,0.020739281105016924,
ETH-USD,0.2,0.6,0.0,0.2,0.0,125,45,80,0.36,1.2154038187124148,2002.495554958903,0.2002495554958903,0.13168838532327218,0.12194958257925134,
ETH-USD,0.2,0.6,0.2,0.0,0.0,120,45,75,0.375,1.3006190817639725,2721.43654200775,0.272143654200775,0.17231825926970337,0.10475325935980613,
ETH-USD,0.2,0.4,0.0,0.0,0.4,0,0,0,0.0,0.0,0.0,0.0,0.0,0.0,
ETH-USD,0.2,0.4,0.0,0.4,0.0,80,31,49,0.3875,1.3260825863727699,1798.3637100740289,0.17983637100740288,0.14274107434641967,0.14291825370958489,
ETH-USD,0.2,0.8,0.0,0.0,0.0,184,64,120,0.34782608695652173,1.1189596048955734,1671.744696020216,0.1671744696020216,0.09912142961810934,0.12842460389151245,
ETH-USD,0.2,0.4,0.2,0.2,0.0,35,15,20,0.42857142857142855,1.6550060052412496,1433.0422184922209,0.1433042218492221,0.16515601947040479,0.08091861627738829,
ETH-USD,0.2,0.4,0.4,0.0,0.0,31,11,20,0.3548387096774194,1.198636038636267,386.8885680763469,0.038688856807634696,0.058481503083169586,0.09971455234632717,
ETH-USD,0.2,0.4,0.2,0.0,0.2,1,1,0,1.0,0.0,243.53485839768473,0.024353485839768475,0.12152694344852857,0.0,
ETH-USD,0.4,0.0,0.0,0.6,0.0,78,22,56,0.28205128205128205,0.8300667506034382,-1031.0389825393613,-0.10310389825393614,-0.08948848702341844,0.19695163582049724,
ETH-USD,0.4,0.0,0.0,0.4,0.2,33,12,21,0.36363636363636365,1.1844364645677221,435.92288444453516,0.043592288444453516,0.06208279669091915,0.10218244485956014,
ETH-USD,0.4,0.0,0.0,0.0,0.6,0,0,0,0.0,0.0,0.0,0.0,0.0,0.0,
ETH-USD,0.4,0.0,0.0,0.2,0.4,0,0,0,0.0,0.0,0.0,0.0,0.0,0.0,
ETH-USD,0.4,0.0,0.2,0.4,0.0,58,23,35,0.39655172413793105,1.4070483189369432,1666.6232416081966,0.16666232416081966,0.1538702765773278,0.12625201240196465,
ETH-USD,0.4,0.0,0.2,0.0,0.4,0,0,0,0.0,0.0,0.0,0.0,0.0,0.0,
ETH-USD,0.4,0.0,0.2,0.2,0.2,4,2,2,0.5,2.3505144893769114,276.3341860394703,0.02763341860394703,0.09114442235354936,0.020461401059603666,
ETH-USD,0.4,0.0,0.4,0.2,0.0,20,8,12,0.4,1.3533972133952563,451.144084059908,0.0451144084059908,0.07684775869489789,0.04198329064131855,
ETH-USD,0.4,0.0,0.6,0.0,0.0,19,9,10,0.47368421052631576,1.839271062804124,870.63652050364,0.087063652050364,0.1408061179073395,0.061864771365873,
ETH-USD,0.4,0.0,0.4,0.0,0.2,3,2,1,0.6666666666666666,4.754115233368994,383.78636816884136,0.03837863681688414,0.12999990081752552,0.0102230843837051,
ETH-USD,0.4,0.2,0.0,0.2,0.2,55,22,33,0.4,1.4569514296712252,1645.22524292655,0.164522524292655,0.1543274017055118,0.12105241227818676,
ETH-USD,0.4,0.2,0.0,0.4,0.0,97,37,60,0.38144329896907214,1.2538279117785618,1760.3889475037267,0.17603889475037268,0.13105428865987132,0.1588241244242975,
ETH-USD,0.4,0.2,0.0,0.0,0.4,0,0,0,0.0,0.0,0.0,0.0,0.0,0.0,
ETH-USD,0.4,0.2,0.2,0.2,0.0,66,25,41,0.3787878787878788,1.3266120123005685,1369.773683424739,0.1369773683424739,0.12643352699195737,0.13635707887983653,
ETH-USD,0.4,0.2,0.2,0.0,0.2,22,8,14,0.36363636363636365,1.221962285439221,281.0009776960451,0.02810009776960451,0.051880383352475884,0.0704298710364457,
ETH-USD,0.4,0.4,0.0,0.0,0.2,159,59,100,0.3710691823899371,1.2691737927859368,3346.558586091309,0.3346558586091309,0.18085632921588735,0.10954991120094028,
ETH-USD,0.4,0.4,0.0,0.2,0.0,164,60,104,0.36585365853658536,1.2416592121984906,3069.9096156631695,0.30699096156631694,0.1669672803236709,0.1095499112009404,
ETH-USD,0.4,0.2,0.4,0.0,0.0,39,16,23,0.41025641025641024,1.508449400206621,1195.2503641613403,0.11952503641613403,0.1415170720053922,0.1089840936084501,
ETH-USD,0.4,0.4,0.2,0.0,0.0,162,60,102,0.37037037037037035,1.2556599073806953,3275.0272338529176,0.32750272338529174,0.17684105233367844,0.10954991120094033,
ETH-USD,0.4,0.6,0.0,0.0,0.0,184,64,120,0.34782608695652173,1.1189596048955734,1671.744696020216,0.1671744696020216,0.09912142961810934,0.12842460389151245,
ETH-USD,0.6,0.0,0.0,0.2,0.2,63,18,45,0.2857142857142857,0.8899515801947295,-542.0987329403324,-0.05420987329403324,-0.04765974898864833,0.14737332939512657,
ETH-USD,0.6,0.0,0.0,0.4,0.0,81,26,55,0.32098765432098764,0.9668834196480847,-207.6354634920499,-0.02076354634920499,-0.00953143506566183,0.1424250034441343,
ETH-USD,0.8,0.0,0.0,0.0,0.2,67,23,44,0.34328358208955223,1.0597520561798983,298.525357730392,0.029852535773039198,0.03538511703777377,0.10203075924755962,
ETH-USD,0.6,0.0,0.2,0.2,0.0,72,23,49,0.3194444444444444,0.9975774620962271,-13.211540237720328,-0.001321154023772033,0.006663608531577235,0.1544668038725604,
ETH-USD,0.6,0.2,0.0,0.0,0.2,162,59,103,0.36419753086419754,1.2316778895384342,2907.436897480431,0.2907436897480431,0.16078624162015756,0.10954991120094024,
ETH-USD,0.6,0.2,0.0,0.2,0.0,187,66,121,0.35294117647058826,1.1499116073387259,2149.1959317699148,0.21491959317699147,0.1205427977850379,0.11001497166327645,
ETH-USD,0.6,0.2,0.2,0.0,0.0,177,65,112,0.3672316384180791,1.222649043100112,3117.4313128201065,0.31174313128201064,0.16460616223203628,0.10912039848320068,
ETH-USD,0.6,0.4,0.0,0.0,0.0,184,64,120,0.34782608695652173,1.1189596048955734,1671.744696020216,0.1671744696020216,0.09912142961810934,0.12842460389151245,
ETH-USD,0.8,0.0,0.0,0.2,0.0,68,24,44,0.35294117647058826,1.1101073423257481,552.5099287451503,0.05525099287451503,0.05752511874535272,0.10128201559211071,
ETH-USD,0.8,0.0,0.2,0.0,0.0,70,25,45,0.35714285714285715,1.1352036978010673,690.6901585062296,0.06906901585062296,0.06907547914811286,0.1013209126580764,
ETH-USD,0.6,0.0,0.4,0.0,0.0,68,28,40,0.4117647058823529,1.4783678439763235,2196.1931116239375,0.21961931116239375,0.18388887225456116,0.0724482785640929,
ETH-USD,0.6,0.0,0.2,0.0,0.2,52,21,31,0.40384615384615385,1.481404217775677,1698.4767555489343,0.16984767555489344,0.1644553619450264,0.0965165654316336,
ETH-USD,0.8,0.2,0.0,0.0,0.0,76,27,49,0.35526315789473684,1.0732193284229208,405.54387255177426,0.040554387255177425,0.043480157353970456,0.10167476880232443,
ETH-USD,0.6,0.0,0.0,0.0,0.4,0,0,0,0.0,0.0,0.0,0.0,0.0,0.0,
ADA-USD,0.0,0.0,0.0,0.6,0.4,22,6,16,0.2727272727272727,0.6855912862223481,-518.4596525046509,-0.05184596525046509,-0.09563041375390863,0.1008947868566911,
ETH-USD,1.0,0.0,0.0,0.0,0.0,76,27,49,0.35526315789473684,1.088992280505641,492.46430303856687,0.049246430303856684,0.05096780018890421,0.10126278606925887,
ADA-USD,0.0,0.0,0.0,1.0,0.0,129,60,69,0.46511627906976744,1.6372098604353638,5126.623188762402,0.5126623188762401,0.2877228376143527,0.07643597682414872,
ADA-USD,0.0,0.0,0.0,0.8,0.2,136,55,81,0.40441176470588236,1.2506552292643152,2517.5785943577775,0.2517578594357778,0.1609243224015934,0.11404162837452694,
ADA-USD,0.0,0.0,0.2,0.6,0.2,23,7,16,0.30434782608695654,0.8086812724407887,-319.9300014331511,-0.03199300014331511,-0.052732438468029656,0.1008947868566911,
ADA-USD,0.0,0.0,0.4,0.6,0.0,25,8,17,0.32,0.898930838654404,-180.2370140248113,-0.018023701402481128,-0.025262439053038068,0.10059913948468034,
ADA-USD,0.0,0.0,0.2,0.8,0.0,159,61,98,0.3836477987421384,1.1640682079571574,2016.1038367185647,0.20161038367185646,0.12605384471827458,0.18837748190547837,
ADA-USD,0.0,0.0,0.0,0.0,1.0,29,7,22,0.2413793103448276,0.6881319277722528,-707.4786489633952,-0.07074786489633952,-0.10890650733162058,0.10333584363456631,
ADA-USD,0.0,0.0,0.0,0.2,0.8,10,4,6,0.4,1.2891562530378924,195.99874913295207,0.019599874913295207,0.04888144060087663,0.03271287228839291,
ADA-USD,0.0,0.0,0.0,0.4,0.6,8,4,4,0.5,1.9637605387172141,428.85144931824834,0.04288514493182483,0.1070497749433519,0.0214475308716955,
ADA-USD,0.0,0.0,0.2,0.0,0.8,2,0,2,0.0,0.0,-223.27741584670548,-0.02232774158467055,-0.1718694483168989,0.02232774158467055,
ADA-USD,0.0,0.0,0.2,0.2,0.6,1,0,1,0.0,0.0,-107.43151768643474,-0.010743151768643475,-0.12152694344852856,0.010743151768643475,
ADA-USD,0.0,0.0,0.2,0.4,0.4,6,2,4,0.3333333333333333,0.8672061776395908,-57.689206177074084,-0.005768920617707408,-0.017895025615880553,0.031842011440080475,
ADA-USD,0.0,0.0,0.4,0.0,0.6,0,0,0,0.0,0.0,0.0,0.0,0.0,0.0,
ADA-USD,0.0,0.0,0.4,0.2,0.4,0,0,0,0.0,0.0,0.0,0.0,0.0,0.0,
ADA-USD,0.0,0.0,0.4,0.4,0.2,1,1,0,1.0,0.0,63.59522797509089,0.006359522797509089,0.12152694344852859,0.0,
ADA-USD,0.0,0.0,0.6,0.0,0.4,0,0,0,0.0,0.0,0.0,0.0,0.0,0.0,
ADA-USD,0.0,0.0,0.6,0.2,0.2,0,0,0,0.0,0.0,0.0,0.0,0.0,0.0,
ADA-USD,0.0,0.0,0.6,0.4,0.0,14,7,7,0.5,1.6268289830390439,463.6765028317295,0.046367650283172954,0.09869837538415473,0.030528152166740187,
ADA-USD,0.0,0.2,0.0,0.8,0.0,155,66,89,0.4258064516129032,1.4675002406981015,5115.451877361587,0.5115451877361588,0.26210605257759423,0.09549760765915795,
ADA-USD,0.0,0.0,0.8,0.0,0.2,0,0,0,0.0,0.0,0.0,0.0,0.0,0.0,
ADA-USD,0.0,0.0,0.8,0.2,0.0,4,1,3,0.25,0.7976230316769565,-62.03141751401563,-0.006203141751401563,-0.02311067209984233,0.020189518177905468,
ADA-USD,0.0,0.2,0.0,0.4,0.4,35,12,23,0.34285714285714286,0.9708142691862471,-77.1255694822703,-0.00771255694822703,-0.005072584530907193,0.10783845642674596,
ADA-USD,0.0,0.0,1.0,0.0,0.0,6,2,4,0.3333333333333333,0.7651501874401321,-98.52952831272523,-0.009852952831272523,-0.03392227146696994,0.021715332057258275,
ADA-USD,0.0,0.2,0.0,0.6,0.2,185,64,121,0.34594594594594597,0.9256413943052434,-1048.7632008655983,-0.10487632008655982,-0.05466410522115547,0.29893582724754786,
ADA-USD,0.0,0.2,0.0,0.0,0.8,23,8,15,0.34782608695652173,1.2986617418088269,450.12910338610527,0.045012910338610525,0.07264844545196815,0.054136912165204346,
ADA-USD,0.0,0.2,0.2,0.4,0.2,38,13,25,0.34210526315789475,0.9412729417110578,-166.04953241864496,-0.016604953241864496,-0.016668215558027107,0.10668960551967921,
ADA-USD,0.0,0.2,0.2,0.6,0.0,204,74,130,0.3627450980392157,0.9885128545272597,-180.62340144773043,-0.018062340144773044,0.00252988544390651,0.2836829742929157,
ADA-USD,0.0,0.2,0.4,0.4,0.0,50,18,32,0.36,0.9673944228859244,-120.8882681679479,-0.01208882681679479,-0.007755152091784759,0.1276007096655864,
ADA-USD,0.0,0.2,0.0,0.2,0.6,16,5,11,0.3125,1.0849139128967662,92.63158908637342,0.009263158908637343,0.02136308385034956,0.04256450782419925,
ADA-USD,0.0,0.4,0.0,0.6,0.0,196,67,129,0.34183673469387754,0.9872235416429338,-202.912752469083,-0.0202912752469083,0.0013076961826734078,0.2594978205107975,
ADA-USD,0.0,0.2,0.8,0.0,0.0,24,6,18,0.25,0.5537903589808135,-794.0921201801902,-0.07940921201801902,-0.15270726623896136,0.09298766390853858,
ADA-USD,0.0,0.2,0.2,0.0,0.6,15,5,10,0.3333333333333333,1.2034284803857898,202.23575619465555,0.020223575619465556,0.042366965745043825,0.04256450782419925,
ADA-USD,0.0,0.4,0.0,0.4,0.2,202,72,130,0.3564356435643564,1.0393259764746352,632.7344736844516,0.06327344736844516,0.0471747119113229,0.25018346207090014,
ADA-USD,0.0,0.2,0.2,0.2,0.4,1,1,0,1.0,0.0,241.84339725264,0.024184339725263997,0.12152694344852859,0.0,
ADA-USD,0.0,0.2,0.4,0.0,0.4,0,0,0,0.0,0.0,0.0,0.0,0.0,0.0,
ADA-USD,0.0,0.4,0.0,0.2,0.4,125,47,78,0.376,1.1977229148965198,1921.3690091604349,0.1921369009160435,0.13021263141649192,0.18548292494549748,
ADA-USD,0.0,0.2,0.4,0.2,0.2,3,0,3,0.0,0.0,-306.35657431330765,-0.030635657431330763,-0.21043534462487673,0.030635657431330763,
ADA-USD,0.0,0.6,0.0,0.0,0.4,108,40,68,0.37037037037037035,1.188177936448322,1616.3350610945618,0.16163350610945618,0.11886675084690645,0.11202408428031456,
ADA-USD,0.0,0.6,0.0,0.2,0.2,150,64,86,0.4266666666666667,1.4529949462810916,5220.525858634763,0.5220525858634762,0.2662828339090716,0.14290906092396494,
ADA-USD,0.0,0.6,0.0,0.4,0.0,154,66,88,0.42857142857142855,1.4385435933686723,5181.675977436946,0.5181675977436946,0.26312691868883265,0.1379031550599901,
ADA-USD,0.0,0.8,0.0,0.2,0.0,74,37,37,0.5,2.061420741032215,5191.526112035897,0.5191526112035897,0.3451020791263497,0.09563993188669513,
ADA-USD,0.0,0.8,0.0,0.0,0.2,74,37,37,0.5,2.061420741032215,5191.526112035897,0.5191526112035897,0.3451020791263497,0.09563993188669513,
ADA-USD,0.0,0.2,0.6,0.2,0.0,15,7,8,0.4666666666666667,1.4833484430890764,404.62909060129095,0.040462909060129094,0.08387272216366823,0.020678465880498872,
ADA-USD,0.0,0.2,0.6,0.0,0.2,1,0,1,0.0,0.0,-104.97511391672379,-0.010497511391672378,-0.12152694344852859,0.010497511391672378,
ADA-USD,0.0,0.6,0.2,0.2,0.0,126,46,80,0.36507936507936506,1.1564555704141901,1628.2558799547642,0.16282558799547642,0.11381816305535901,0.19867752954785822,
ADA-USD,0.0,0.6,0.2,0.0,0.2,121,45,76,0.371900826446281,1.2041810921095395,2033.1066266546586,0.20331066266546585,0.13767294028355564,0.1373409740985897,
ADA-USD,0.0,0.4,0.2,0.4,0.0,207,75,132,0.36231884057971014,1.0557877255579569,916.7787577694471,0.09167787577694471,0.06131536376380459,0.21399616738213595,
ADA-USD,0.0,0.6,0.4,0.0,0.0,118,44,74,0.3728813559322034,1.1975680208629664,1918.9408967680465,0.19189408967680466,0.134176972813499,0.16337174510847932,
ADA-USD,0.0,0.8,0.2,0.0,0.0,74,37,37,0.5,2.061420741032215,5191.526112035897,0.5191526112035897,0.3451020791263497,0.09563993188669513,
ADA-USD,0.0,1.0,0.0,0.0,0.0,74,37,37,0.5,2.061420741032215,5191.526112035897,0.5191526112035897,0.3451020791263497,0.09563993188669513,
ADA-USD,0.0,0.4,0.0,0.0,0.6,21,8,13,0.38095238095238093,1.5393926502619866,688.785544886292,0.0688785544886292,0.10952837515628089,0.043085447372101134,
ADA-USD,0.0,0.4,0.2,0.2,0.2,132,49,83,0.3712121212121212,1.1270771165772882,1206.4654086301598,0.12064654086301597,0.08734024899847032,0.1637943461993447,
ADA-USD,0.0,0.4,0.4,0.0,0.2,25,5,20,0.2,0.4449272994660347,-1091.0373910678554,-0.10910373910678554,-0.21079800592013156,0.10910373910678554,
ADA-USD,0.2,0.0,0.0,0.8,0.0,152,66,86,0.4342105263157895,1.493204465661018,5257.668790801623,0.5257668790801623,0.2706887026618172,0.08229786123645198,
ADA-USD,0.0,0.4,0.4,0.2,0.0,142,52,90,0.36619718309859156,1.080697780582775,833.2047536928403,0.08332047536928402,0.0636798551083779,0.20438447678236749,
ADA-USD,0.0,0.4,0.2,0.0,0.4,35,14,21,0.4,1.4447412218652802,977.7479914184296,0.09777479914184296,0.12199325885667528,0.09364853132207947,
ADA-USD,0.0,0.4,0.6,0.0,0.0,66,22,44,0.3333333333333333,1.0595496227201104,269.0236853958377,0.026902368539583766,0.03343971015967883,0.13322392351219467,
ADA-USD,0.2,0.0,0.0,0.6,0.2,170,60,110,0.35294117647058826,1.0040429871910959,51.21138401090866,0.005121138401090866,0.014906553208264417,0.22022964883489507,
ADA-USD,0.2,0.0,0.2,0.6,0.0,176,67,109,0.3806818181818182,1.1103720587648047,1483.7644778621816,0.14837644778621817,0.0958847993101963,0.18936859882476545,
ADA-USD,0.2,0.0,0.0,0.4,0.4,35,14,21,0.4,1.1764007014394513,399.74198058840557,0.03997419805884056,0.05852977710973907,0.10162808860707154,
ADA-USD,0.2,0.0,0.2,0.4,0.2,42,16,26,0.38095238095238093,1.0865333124213672,238.372364994264,0.023837236499426397,0.03512800047378945,0.07911896254423513,
ADA-USD,0.2,0.0,0.0,0.0,0.8,2,0,2,0.0,0.0,-223.27741584670548,-0.02232774158467055,-0.1718694483168989,0.02232774158467055,
ADA-USD,0.2,0.0,0.0,0.2,0.6,1,0,1,0.0,0.0,-107.43151768643474,-0.010743151768643475,-0.12152694344852856,0.010743151768643475,
ADA-USD,0.2,0.0,0.2,0.0,0.6,0,0,0,0.0,0.0,0.0,0.0,0.0,0.0,
ADA-USD,0.2,0.0,0.2,0.2,0.4,0,0,0,0.0,0.0,0.0,0.0,0.0,0.0,
ADA-USD,0.2,0.0,0.4,0.4,0.0,56,25,31,0.44642857142857145,1.5064971710517077,1810.3548872495794,0.18103548872495795,0.1759636597337278,0.07566074407571431,
ADA-USD,0.2,0.0,0.4,0.0,0.4,0,0,0,0.0,0.0,0.0,0.0,0.0,0.0,
ADA-USD,0.2,0.0,0.4,0.2,0.2,7,1,6,0.14285714285714285,0.3982902092878291,-365.56121353050366,-0.036556121353050364,-0.12655821465961986,0.040275622586681464,
ADA-USD,0.2,0.2,0.0,0.4,0.2,126,42,84,0.3333333333333333,0.933774403186876,-659.0519215577715,-0.06590519215577714,-0.03935566331316732,0.2482417897788643,
ADA-USD,0.2,0.0,0.6,0.2,0.0,28,11,17,0.39285714285714285,1.220955579001598,376.150065968166,0.0376150065968166,0.06024704519417206,0.042708504741448466,
ADA-USD,0.2,0.0,0.8,0.0,0.0,26,7,19,0.2692307692307692,0.7698339845198731,-385.6235305336122,-0.03856235305336122,-0.06527218327164178,0.07257308638859172,
ADA-USD,0.2,0.0,0.6,0.0,0.2,6,1,5,0.16666666666666666,0.4994345625549801,-242.52411520585883,-0.024252411520585885,-0.08844320241982238,0.02801941283690406,
ADA-USD,0.2,0.2,0.0,0.6,0.0,196,68,128,0.3469387755102041,0.9729122156335671,-417.15720490151034,-0.041715720490151036,-0.011845210660301116,0.25339885686886154,
ADA-USD,0.2,0.4,0.0,0.4,0.0,71,31,40,0.43661971830985913,1.5144859270425874,2751.7801561952474,0.27517801561952476,0.21718215573611493,0.11020730237656469,
ADA-USD,0.2,0.6,0.0,0.0,0.2,71,36,35,0.5070422535211268,2.139171212232715,5106.816912789856,0.5106816912789857,0.3460830369618026,0.04762947676765142,
ADA-USD,0.2,0.4,0.0,0.0,0.4,133,52,81,0.39097744360902253,1.2320782802882262,2563.979102167079,0.2563979102167079,0.16189901277138696,0.14716748765004822,
ADA-USD,0.2,0.6,0.0,0.2,0.0,71,36,35,0.5070422535211268,2.146798593812655,5102.367294334294,0.5102367294334293,0.34579502865953554,0.041372860779188926,
ADA-USD,0.2,0.4,0.0,0.2,0.2,256,84,172,0.328125,0.9820383748019804,-390.1086968400323,-0.039010869684003226,-0.0047445316596513324,0.3204390108459872,
ADA-USD,0.2,0.6,0.2,0.0,0.0,71,36,35,0.5070422535211268,2.139171212232715,5106.816912789856,0.5106816912789857,0.3460830369618026,0.04762947676765142,
ADA-USD,0.2,0.8,0.0,0.0,0.0,74,37,37,0.5,2.061420741032215,5191.526112035897,0.5191526112035897,0.3451020791263497,0.09563993188669513,
ADA-USD,0.2,0.2,0.0,0.0,0.6,15,5,10,0.3333333333333333,1.2034284803857898,202.23575619465555,0.020223575619465556,0.042366965745043825,0.04256450782419925,
ADA-USD,0.2,0.2,0.2,0.4,0.0,129,45,84,0.3488372093023256,0.9844408168549403,-160.75261769860117,-0.016075261769860117,-0.001132589649127398,0.22291758754246266,
ADA-USD,0.2,0.4,0.2,0.0,0.2,128,49,79,0.3828125,1.2128141037659548,2224.1612431766425,0.22241612431766425,0.14637152323639768,0.14716748765004808,
ADA-USD,0.2,0.4,0.4,0.0,0.0,128,48,80,0.375,1.1729071292769038,1794.3705531742908,0.17943705531742907,0.12291776708580178,0.1471674876500481,
ADA-USD,0.2,0.2,0.0,0.2,0.4,23,12,11,0.5217391304347826,1.861510430191374,1139.365655388723,0.11393656553887231,0.16992029935397165,0.07217925650251618,
ADA-USD,0.2,0.4,0.2,0.2,0.0,261,85,176,0.32567049808429116,0.9648306570466417,-740.9445644867228,-0.07409445644867228,-0.022853907559257265,0.3160839184268489,
ADA-USD,0.4,0.0,0.0,0.6,0.0,182,65,117,0.35714285714285715,1.038481471690118,562.7115774681606,0.05627115774681606,0.04460993008986405,0.23587190765533805,
ADA-USD,0.2,0.2,0.4,0.2,0.0,53,20,33,0.37735849056603776,1.193340762701612,729.0984779439659,0.07290984779439659,0.08392345150773003,0.14674508195501537,
ADA-USD,0.2,0.2,0.2,0.2,0.2,43,20,23,0.46511627906976744,1.5289492789913302,1515.1724386786427,0.15151724386786428,0.1674340289917742,0.10789927120498302,
ADA-USD,0.2,0.2,0.2,0.0,0.4,0,0,0,0.0,0.0,0.0,0.0,0.0,0.0,
ADA-USD,0.2,0.2,0.6,0.0,0.0,51,17,34,0.3333333333333333,1.1463532855494922,528.5045514300546,0.05285045514300546,0.0625806274289161,0.125889882181145,
ADA-USD,0.2,0.2,0.4,0.0,0.2,33,10,23,0.30303030303030304,0.9645769298628417,-80.92211854985726,-0.008092211854985727,-0.006392455926919665,0.10719313534134624,
ADA-USD,0.4,0.0,0.0,0.4,0.2,165,60,105,0.36363636363636365,1.0834138743045862,1047.094023730826,0.1047094023730826,0.0730631952340847,0.16695950656696612,
ADA-USD,0.4,0.0,0.2,0.4,0.0,175,61,114,0.3485714285714286,1.0296919803322397,395.9456277459176,0.03959456277459176,0.03554466341629572,0.194534506533549,
ADA-USD,0.4,0.0,0.0,0.2,0.4,107,44,63,0.411214953271028,1.2901476185297085,2266.784487920784,0.2266784487920784,0.16222635251319495,0.12004089440950291,
ADA-USD,0.4,0.0,0.2,0.2,0.2,114,44,70,0.38596491228070173,1.1886612951596043,1563.795343606509,0.1563795343606509,0.11709794643426422,0.13060654652673329,
ADA-USD,0.4,0.2,0.0,0.2,0.2,234,81,153,0.34615384615384615,1.0486782190683575,975.737239341328,0.0975737239341328,0.06190923075588064,0.20092187785610177,
ADA-USD,0.4,0.2,0.0,0.4,0.0,307,103,204,0.3355048859934853,0.9808053008390294,-493.17027193066315,-0.04931702719306631,-0.0069980399108050635,0.3713430331162257,
ADA-USD,0.4,0.0,0.4,0.2,0.0,128,46,82,0.359375,1.1446089932162182,1386.5510263223223,0.13865510263223224,0.10062502710772782,0.1498888036444782,
ADA-USD,0.4,0.6,0.0,0.0,0.0,71,36,35,0.5070422535211268,2.139171212232715,5106.816912789856,0.5106816912789857,0.3460830369618026,0.04762947676765142,
ADA-USD,0.6,0.0,0.0,0.0,0.4,15,4,11,0.26666666666666666,0.5813472039393963,-475.8116892041089,-0.04758116892041089,-0.11436669389662667,0.09700386655802515,
ADA-USD,0.4,0.2,0.2,0.2,0.0,237,81,156,0.34177215189873417,1.0322982696822203,642.1453062239125,0.06421453062239124,0.046085745609003484,0.20139820824183705,
ADA-USD,0.4,0.0,0.2,0.0,0.4,30,9,21,0.3,0.9391263677455112,-115.91304471197509,-0.011591304471197508,-0.013328711623754666,0.06848876828083338,
ADA-USD,0.4,0.0,0.6,0.0,0.0,60,16,44,0.26666666666666666,0.8579395109890673,-614.7047548185055,-0.061470475481850556,-0.06103934446801837,0.14211462274421494,
ADA-USD,0.4,0.0,0.4,0.0,0.2,53,14,39,0.2641509433962264,0.8327928108422046,-640.4755113348638,-0.06404755113348638,-0.0693689194538056,0.1343566869273462,
ADA-USD,0.4,0.0,0.0,0.0,0.6,0,0,0,0.0,0.0,0.0,0.0,0.0,0.0,
ADA-USD,0.4,0.2,0.0,0.0,0.4,236,87,149,0.3686440677966102,1.1370103448036806,2673.3991695693494,0.26733991695693493,0.13322963316879052,0.20286243380534627,
ADA-USD,0.6,0.0,0.2,0.0,0.2,15,4,11,0.26666666666666666,0.5813472039393963,-475.8116892041089,-0.04758116892041089,-0.11436669389662667,0.09700386655802515,
ADA-USD,0.6,0.0,0.4,0.0,0.0,15,4,11,0.26666666666666666,0.5822311685435838,-474.086167066238,-0.047408616706623795,-0.11402340390104185,0.09684026838379546,
ADA-USD,0.4,0.4,0.0,0.0,0.2,248,87,161,0.35080645161290325,1.0539647818106062,1186.505982692277,0.1186505982692277,0.07011496245382066,0.23569470924399608,
ADA-USD,0.4,0.4,0.0,0.2,0.0,348,127,221,0.3649425287356322,1.1237480063312422,3533.465425850827,0.3533465425850827,0.14332015285615887,0.24796056526498564,
ADA-USD,0.6,0.2,0.0,0.0,0.2,14,4,10,0.2857142857142857,0.812584928167015,-197.15569169453556,-0.019715569169453558,-0.04109985129222604,0.0969130510737016,
ADA-USD,0.6,0.2,0.0,0.2,0.0,14,4,10,0.2857142857142857,0.812584928167015,-197.15569169453556,-0.019715569169453558,-0.04109985129222604,0.0969130510737016,
ADA-USD,0.6,0.2,0.2,0.0,0.0,14,4,10,0.2857142857142857,0.812584928167015,-197.15569169453556,-0.019715569169453558,-0.04109985129222604,0.0969130510737016,
ADA-USD,0.4,0.2,0.2,0.0,0.2,246,90,156,0.36585365853658536,1.138243183418177,2855.932743794856,0.2855932743794856,0.13818873499480908,0.20435599393914153,
ADA-USD,0.6,0.4,0.0,0.0,0.0,14,4,10,0.2857142857142857,0.812584928167015,-197.15569169453556,-0.019715569169453558,-0.04109985129222604,0.0969130510737016,
ADA-USD,0.4,0.2,0.4,0.0,0.0,254,90,164,0.3543307086614173,1.0923755378596507,1915.9766115022376,0.19159766115022375,0.10046668662404665,0.23018454062312896,
ADA-USD,0.6,0.0,0.0,0.4,0.0,199,79,120,0.3969849246231156,1.3243820679500722,5043.362490988107,0.5043362490988107,0.23211766310234375,0.10747602061476817,
ADA-USD,0.6,0.0,0.2,0.2,0.0,192,77,115,0.4010416666666667,1.3365006857449573,5150.583333378141,0.5150583333378141,0.2390724023548911,0.10870211137352487,
ADA-USD,1.0,0.0,0.0,0.0,0.0,14,4,10,0.2857142857142857,0.8153056905556654,-193.64514343769406,-0.019364514343769405,-0.0403633586875589,0.09658964184525516,
ADA-USD,0.8,0.2,0.0,0.0,0.0,14,4,10,0.2857142857142857,0.8150278441657071,-194.0025688338028,-0.01940025688338028,-0.040437292474839785,0.09662256965684625,
ADA-USD,0.4,0.4,0.2,0.0,0.0,259,90,169,0.3474903474903475,1.0510642689751881,1150.926007012351,0.1150926007012351,0.06776073812731964,0.20974847191517404,
ADA-USD,0.6,0.0,0.0,0.2,0.2,276,99,177,0.358695652173913,1.103273024623156,2479.986473429577,0.2479986473429577,0.11920660253899316,0.16475835981916181,
DOT-USD,0.0,0.0,0.0,0.8,0.2,10,0,10,0.0,0.0,-1068.3079933190584,-0.10683079933190584,-0.3842499118741293,0.10683079933190584,
ADA-USD,0.8,0.0,0.2,0.0,0.0,180,74,106,0.4111111111111111,1.3755883708889762,5050.209957066758,0.5050209957066758,0.24279323400802458,0.12054422005476023,
DOT-USD,0.0,0.0,0.0,1.0,0.0,14,2,12,0.14285714285714285,0.17520576591378934,-1060.8050595639543,-0.10608050595639543,-0.29899126762246664,0.10608050595639543,
ADA-USD,0.8,0.0,0.0,0.0,0.2,203,82,121,0.4039408866995074,1.3287129947095957,5118.012547700811,0.5118012547700811,0.2338773276477818,0.12997943884581162,
ADA-USD,0.8,0.0,0.0,0.2,0.0,208,83,125,0.39903846153846156,1.326082588488871,5146.419266200701,0.5146419266200701,0.23219474378259505,0.12054422005476075,
DOT-USD,0.0,0.0,0.2,0.8,0.0,14,2,12,0.14285714285714285,0.17662988794933054,-1050.8465899485072,-0.10508465899485073,-0.2978404296268945,0.10508465899485073,
DOT-USD,0.0,0.0,0.0,0.6,0.4,50,19,31,0.38,1.2983874581320656,1145.9683832405626,0.11459683832405626,0.11675923786378024,0.10373763481397014,
DOT-USD,0.0,0.0,0.2,0.6,0.2,53,19,34,0.3584905660377358,1.1859024813533257,757.5233498041434,0.07575233498041434,0.080672773835805,0.10373763481397012,
DOT-USD,0.0,0.0,0.0,0.0,1.0,20,3,17,0.15,0.3882051890762865,-1083.9060821010826,-0.10839060821010826,-0.22333834057134036,0.10839060821010826,
DOT-USD,0.0,0.0,0.4,0.6,0.0,120,38,82,0.31666666666666665,0.9689987292381573,-272.79660671436613,-0.027279660671436612,-0.009218405462882035,0.16880403223560067,
DOT-USD,0.0,0.0,0.0,0.4,0.6,6,4,2,0.6666666666666666,3.3959044785849652,546.7143786612123,0.054671437866121234,0.14738984460460205,0.01813024558440204,
DOT-USD,0.0,0.0,0.0,0.2,0.8,8,5,3,0.625,3.0597448120303206,684.8866508449464,0.06848866508449464,0.158337970456461,0.018130245584402092,
DOT-USD,0.0,0.0,0.2,0.0,0.8,3,2,1,0.6666666666666666,2.5745565049065173,168.09886621967235,0.016809886621967234,0.07789249839124959,0.01067595006567608,
DOT-USD,0.0,0.0,0.2,0.4,0.4,6,4,2,0.6666666666666666,3.3959044785849652,546.7143786612123,0.054671437866121234,0.14738984460460205,0.01813024558440204,
DOT-USD,0.0,0.0,0.2,0.2,0.6,3,2,1,0.6666666666666666,2.4801748248709865,167.4192093572874,0.01674192093572874,0.07654911286291076,0.011002133185219302,
DOT-USD,0.0,0.0,0.4,0.0,0.6,0,0,0,0.0,0.0,0.0,0.0,0.0,0.0,
DOT-USD,0.0,0.0,0.4,0.2,0.4,0,0,0,0.0,0.0,0.0,0.0,0.0,0.0,
DOT-USD,0.0,0.0,0.4,0.4,0.2,0,0,0,0.0,0.0,0.0,0.0,0.0,0.0,
DOT-USD,0.0,0.0,0.6,0.0,0.4,0,0,0,0.0,0.0,0.0,0.0,0.0,0.0,
DOT-USD,0.0,0.0,0.6,0.2,0.2,0,0,0,0.0,0.0,0.0,0.0,0.0,0.0,
DOT-USD,0.0,0.2,0.0,0.8,0.0,11,1,10,0.09090909090909091,0.06673304537935446,-1009.4120614473741,-0.10094120614473741,-0.3509558499900949,0.10094120614473741,
DOT-USD,0.0,0.0,0.6,0.4,0.0,16,3,13,0.1875,0.4993891651360688,-629.3110730476765,-0.06293110730476764,-0.14571095805484713,0.06293110730476764,
DOT-USD,0.0,0.2,0.0,0.6,0.2,61,17,44,0.2786885245901639,0.7653316533843632,-1084.8591031377346,-0.10848591031377346,-0.11245682503112446,0.1548095746813515,
DOT-USD,0.0,0.0,0.8,0.0,0.2,0,0,0,0.0,0.0,0.0,0.0,0.0,0.0,
DOT-USD,0.0,0.0,0.8,0.2,0.0,3,0,3,0.0,0.0,-246.44199159665732,-0.02464419915966573,-0.19881298938695807,0.02464419915966573,
DOT-USD,0.0,0.2,0.2,0.6,0.0,200,64,136,0.32,0.9574187395864105,-641.1374220220005,-0.06411374220220005,-0.02291931427670307,0.20054633716265127,
DOT-USD,0.0,0.0,1.0,0.0,0.0,3,0,3,0.0,0.0,-246.20820648196786,-0.024620820648196786,-0.1988363588208481,0.024620820648196786,
DOT-USD,0.0,0.2,0.2,0.4,0.2,52,16,36,0.3076923076923077,0.9916838233802222,-33.01596365610931,-0.003301596365610931,0.0033977966461056193,0.1074407082864614,
DOT-USD,0.0,0.2,0.4,0.4,0.0,64,20,44,0.3125,0.9731748574324787,-127.86256531366598,-0.012786256531366598,-0.004883378717709552,0.0954254718602537,
DOT-USD,0.0,0.4,0.0,0.4,0.2,68,20,48,0.29411764705882354,0.8582792904674166,-747.3232379856781,-0.07473232379856781,-0.06707756323026813,0.16857300401398498,
DOT-USD,0.0,0.2,0.0,0.4,0.4,73,25,48,0.3424657534246575,1.1098892009650805,586.0632609762088,0.05860632609762088,0.05826457912771529,0.13265567377779547,
DOT-USD,0.0,0.2,0.0,0.0,0.8,24,7,17,0.2916666666666667,0.7508504382705421,-442.3873643174975,-0.04423873643174975,-0.07132378814403642,0.08321788672227468,
DOT-USD,0.0,0.2,0.0,0.2,0.6,16,5,11,0.3125,0.8093146253653243,-225.89487533274223,-0.022589487533274222,-0.0421690433213456,0.06428390158001764,
DOT-USD,0.0,0.4,0.0,0.2,0.4,82,31,51,0.3780487804878049,1.2626195198197998,1600.5520699610624,0.16005520699610623,0.12741247236051725,0.10420736800205779,
DOT-USD,0.0,0.2,0.2,0.0,0.6,14,5,9,0.35714285714285715,0.9905641045781876,-9.18291643072007,-0.000918291643072007,0.0016244526658256541,0.06428390158001744,
DOT-USD,0.0,0.2,0.2,0.2,0.4,3,2,1,0.6666666666666666,2.525458778561166,169.20206376349415,0.016920206376349414,0.0775344828521533,0.010828712657524518,
DOT-USD,0.0,0.4,0.2,0.4,0.0,71,23,48,0.323943661971831,0.9878724469548313,-66.92872827222891,-0.006692872827222891,0.0018921030850650293,0.14660806602586693,
DOT-USD,0.0,0.2,0.4,0.0,0.4,0,0,0,0.0,0.0,0.0,0.0,0.0,0.0,
DOT-USD,0.0,0.2,0.4,0.2,0.2,2,0,2,0.0,0.0,-151.97235918779734,-0.015197235918779734,-0.15685161873346334,0.015197235918779734,
DOT-USD,0.0,0.4,0.0,0.6,0.0,272,90,182,0.33088235294117646,1.0175032356454645,391.7847070184762,0.03917847070184762,0.033607484160632084,0.23008239720697976,
DOT-USD,0.0,0.2,0.6,0.0,0.2,0,0,0,0.0,0.0,0.0,0.0,0.0,0.0,
DOT-USD,0.0,0.6,0.0,0.2,0.2,14,2,12,0.14285714285714285,0.2332975678096958,-1010.1442705071877,-0.10101442705071877,-0.274595839473349,0.108384050901216,
DOT-USD,0.0,0.6,0.0,0.4,0.0,14,2,12,0.14285714285714285,0.23270369207914088,-1013.5066665643735,-0.10135066665643735,-0.27502369375759966,0.10871753411184622,
DOT-USD,0.0,0.2,0.6,0.2,0.0,11,3,8,0.2727272727272727,0.8865293011859164,-87.39683343921024,-0.008739683343921023,-0.018625783651239482,0.04140022530672759,
DOT-USD,0.0,0.6,0.2,0.0,0.2,13,2,11,0.15384615384615385,0.25558762908095467,-905.2758222770917,-0.09052758222770917,-0.25237244232383116,0.1079807128931852,
DOT-USD,0.0,0.6,0.2,0.2,0.0,14,2,12,0.14285714285714285,0.2332975678096958,-1010.1442705071877,-0.10101442705071877,-0.274595839473349,0.108384050901216,
DOT-USD,0.0,0.6,0.4,0.0,0.0,13,2,11,0.15384615384615385,0.25558762908095467,-905.2758222770917,-0.09052758222770917,-0.25237244232383116,0.1079807128931852,
DOT-USD,0.0,0.8,0.0,0.0,0.2,101,41,60,0.40594059405940597,1.4433606316644167,3500.884138961954,0.3500884138961954,0.22116183245168022,0.09506096110693328,
DOT-USD,0.0,0.8,0.0,0.2,0.0,101,41,60,0.40594059405940597,1.4433606316644167,3500.884138961954,0.3500884138961954,0.22116183245168022,0.09506096110693328,
DOT-USD,0.0,0.8,0.2,0.0,0.0,101,41,60,0.40594059405940597,1.4433606316644167,3500.884138961954,0.3500884138961954,0.22116183245168022,0.09506096110693328,
DOT-USD,0.0,1.0,0.0,0.0,0.0,85,39,46,0.4588235294117647,1.855501064288334,5093.460748236061,0.509346074823606,0.3111931102601181,0.08676008090702554,
DOT-USD,0.0,0.6,0.0,0.0,0.4,152,62,90,0.40789473684210525,1.436894169053939,5068.851369433931,0.5068851369433931,0.2510025929800027,0.12755134057792664,
DOT-USD,0.0,0.4,0.2,0.0,0.4,19,3,16,0.15789473684210525,0.4144147646777102,-997.5178242974598,-0.09975178242974599,-0.20652051596825696,0.10437892238689993,
DOT-USD,0.2,0.0,0.0,0.8,0.0,14,2,12,0.14285714285714285,0.21372570798289742,-1009.7613646703558,-0.10097613646703557,-0.2812173766284343,0.10097613646703557,
DOT-USD,0.0,0.2,0.8,0.0,0.0,23,7,16,0.30434782608695654,0.8583117503310694,-230.96213568939856,-0.023096213568939858,-0.0351952768773173,0.06793255850288392,
DOT-USD,0.0,0.4,0.0,0.0,0.6,23,7,16,0.30434782608695654,0.7988843388517559,-339.2496762643368,-0.03392496762643368,-0.05404758290294247,0.07332474800487726,
DOT-USD,0.0,0.4,0.4,0.2,0.0,123,43,80,0.34959349593495936,1.137080660624441,1337.592910300982,0.1337592910300982,0.09504923371331218,0.17549995159537685,
DOT-USD,0.0,0.4,0.4,0.0,0.2,22,4,18,0.18181818181818182,0.49482980252690745,-925.4960838408624,-0.09254960838408624,-0.1773985027070246,0.09872497176585066,
DOT-USD,0.0,0.4,0.2,0.2,0.2,154,54,100,0.35064935064935066,1.062832545117014,750.4039526024844,0.07504039526024844,0.05630813506833563,0.22021313868320302,
DOT-USD,0.2,0.0,0.2,0.4,0.2,16,3,13,0.1875,0.38674470040687137,-815.718168360574,-0.08157181683605741,-0.19919131505802817,0.10569772815017553,
DOT-USD,0.2,0.0,0.0,0.6,0.2,230,75,155,0.32608695652173914,0.9585967384668008,-706.7190487008193,-0.07067190487008193,-0.023869522972549972,0.22653944234004236,
DOT-USD,0.0,0.4,0.6,0.0,0.0,67,26,41,0.3880597014925373,1.2978933463005238,1371.0445537050527,0.13710445537050528,0.1249840671424831,0.08643824705793764,
DOT-USD,0.2,0.0,0.2,0.6,0.0,239,79,160,0.3305439330543933,0.9800620759791344,-362.93318009305403,-0.0362933180093054,-0.004216551262738816,0.22620374691474382,
DOT-USD,0.2,0.0,0.0,0.4,0.4,33,10,23,0.30303030303030304,0.7820978574053871,-525.7606381917321,-0.052576063819173215,-0.07375191729571859,0.0873011469829317,
DOT-USD,0.2,0.0,0.0,0.0,0.8,3,2,1,0.6666666666666666,2.5745565049065173,168.09886621967235,0.016809886621967234,0.07789249839124959,0.01067595006567608,
DOT-USD,0.2,0.0,0.0,0.2,0.6,3,2,1,0.6666666666666666,2.4801748248709865,167.4192093572874,0.01674192093572874,0.07654911286291076,0.011002133185219302,
DOT-USD,0.2,0.0,0.2,0.0,0.6,0,0,0,0.0,0.0,0.0,0.0,0.0,0.0,
DOT-USD,0.2,0.0,0.2,0.2,0.4,0,0,0,0.0,0.0,0.0,0.0,0.0,0.0,
DOT-USD,0.2,0.2,0.0,0.4,0.2,128,42,86,0.328125,1.022202582547651,229.62136736120374,0.022962136736120374,0.02615491433576694,0.14805654012842703,
DOT-USD,0.2,0.0,0.4,0.0,0.4,0,0,0,0.0,0.0,0.0,0.0,0.0,0.0,
DOT-USD,0.2,0.0,0.4,0.4,0.0,54,16,38,0.2962962962962963,0.77483770814558,-870.1415806454715,-0.08701415806454715,-0.09855812037963112,0.11808666802378058,
DOT-USD,0.2,0.0,0.4,0.2,0.2,6,1,5,0.16666666666666666,0.5260369267578664,-212.72464791581115,-0.021272464791581115,-0.07904626009567041,0.03456815009682868,
DOT-USD,0.2,0.2,0.0,0.6,0.0,326,106,220,0.32515337423312884,0.9875840632739548,-307.6041460265169,-0.03076041460265169,0.003528757911534231,0.27566225233062874,
DOT-USD,0.2,0.0,0.6,0.2,0.0,25,9,16,0.36,1.0302367572114808,49.75325879225238,0.004975325879225238,0.012617912191848336,0.034586771244727706,
DOT-USD,0.2,0.0,0.6,0.0,0.2,3,0,3,0.0,0.0,-246.81743630447272,-0.024681743630447273,-0.1987824647813247,0.024681743630447273,
DOT-USD,0.2,0.0,0.8,0.0,0.0,21,4,17,0.19047619047619047,0.3649597874998809,-1010.5078437418706,-0.10105078437418706,-0.23172254452671873,0.10105078437418706,
DOT-USD,0.2,0.4,0.0,0.4,0.0,111,41,70,0.36936936936936937,1.2081455439792181,1934.1836157154794,0.19341836157154793,0.13387148746714742,0.16005326415508794,
DOT-USD,0.2,0.2,0.0,0.0,0.6,14,5,9,0.35714285714285715,0.9905641045781876,-9.18291643072007,-0.000918291643072007,0.0016244526658256541,0.06428390158001744,
DOT-USD,0.2,0.6,0.0,0.0,0.2,16,4,12,0.25,0.7124036007112448,-396.481123380996,-0.039648112338099596,-0.0758164144601453,0.1071373912644221,
DOT-USD,0.2,0.4,0.0,0.2,0.2,137,58,79,0.4233576642335766,1.4874720785088185,5301.343857355556,0.5301343857355556,0.27153282056517775,0.1333670945124292,
DOT-USD,0.2,0.4,0.0,0.0,0.4,126,55,71,0.4365079365079365,1.5179869730093318,5198.338165189325,0.5198338165189325,0.27842074662430033,0.14475407689759634,
DOT-USD,0.2,0.6,0.0,0.2,0.0,16,4,12,0.25,0.7101667009011325,-400.823478114542,-0.0400823478114542,-0.07659472193452127,0.10754111059118768,
DOT-USD,0.2,0.4,0.4,0.0,0.0,66,34,32,0.5151515151515151,2.1879622575187083,5034.8822508137255,0.5034882250813726,0.3459187879478149,0.04421973007420258,
DOT-USD,0.2,0.2,0.2,0.4,0.0,130,42,88,0.3230769230769231,1.0019520200147187,20.468476615036707,0.0020468476615036705,0.012284357882129735,0.1567049446470766,
DOT-USD,0.2,0.6,0.2,0.0,0.0,16,4,12,0.25,0.7124036007112448,-396.481123380996,-0.039648112338099596,-0.0758164144601453,0.1071373912644221,
DOT-USD,0.2,0.8,0.0,0.0,0.0,101,41,60,0.40594059405940597,1.4433606316644167,3500.884138961954,0.3500884138961954,0.22116183245168022,0.09506096110693328,
DOT-USD,0.2,0.4,0.2,0.2,0.0,137,58,79,0.4233576642335766,1.479838094453469,5131.023019059106,0.5131023019059107,0.2651307908382563,0.13522198781631228,
DOT-USD,0.2,0.4,0.2,0.0,0.2,129,56,73,0.43410852713178294,1.4992114987882141,5084.079016201726,0.5084079016201726,0.2713449402541647,0.124026432778635,
DOT-USD,0.2,0.2,0.0,0.2,0.4,20,7,13,0.35,0.9550924935741303,-63.4443702643548,-0.00634443702643548,-0.007435761051015521,0.04626557675692462,
DOT-USD,0.4,0.0,0.0,0.4,0.2,49,17,32,0.3469387755102041,1.0476736194136544,175.89123052364266,0.017589123052364267,0.025877492064605424,0.11452919729560117,
DOT-USD,0.4,0.0,0.2,0.4,0.0,53,17,36,0.32075471698113206,0.9388052869639495,-244.32806193165015,-0.024432806193165017,-0.020072773354490283,0.12349197962760881,
DOT-USD,0.2,0.2,0.2,0.2,0.2,43,14,29,0.32558139534883723,1.0161928902883421,49.800932184145495,0.004980093218414549,0.01206109836212514,0.07846845124534839,
DOT-USD,0.4,0.0,0.2,0.2,0.2,95,29,66,0.30526315789473685,0.8492937618546712,-1053.7182605555226,-0.10537182605555226,-0.08412107584533661,0.20442267718275436,
DOT-USD,0.2,0.2,0.2,0.0,0.4,0,0,0,0.0,0.0,0.0,0.0,0.0,0.0,
DOT-USD,0.4,0.2,0.0,0.2,0.2,171,63,108,0.3684210526315789,1.1654113539371593,2391.687191260611,0.2391687191260611,0.13502040009030977,0.19656035084079204,
DOT-USD,0.4,0.0,0.0,0.6,0.0,285,99,186,0.3473684210526316,1.0426582239081663,915.2188032568192,0.09152188032568193,0.05618100230054969,0.21256873492528,
DOT-USD,0.2,0.2,0.4,0.2,0.0,61,22,39,0.36065573770491804,1.134204390026578,552.2935907530191,0.05522935907530191,0.06041470495290825,0.09647633853542868,
DOT-USD,0.2,0.2,0.4,0.0,0.2,38,14,24,0.3684210526315789,1.1522911380875163,378.88363595099327,0.037888363595099325,0.05271098619782969,0.05746730115355842,
DOT-USD,0.4,0.0,0.2,0.0,0.4,19,4,15,0.21052631578947367,0.2818820822963541,-1006.4135489813489,-0.10064135489813489,-0.2700290082041599,0.10064135489813489,
DOT-USD,0.4,0.2,0.0,0.4,0.0,79,38,41,0.4810126582278481,1.9405477519800378,5237.49959622576,0.523749959622576,0.33108876666589754,0.0680070216100533,
DOT-USD,0.2,0.2,0.6,0.0,0.0,53,18,35,0.33962264150943394,1.0387310899031506,142.72958322509294,0.014272958322509294,0.02201689311241765,0.09635480053575714,
DOT-USD,0.4,0.6,0.0,0.0,0.0,16,4,12,0.25,0.7124036007112448,-396.481123380996,-0.039648112338099596,-0.0758164144601453,0.1071373912644221,
DOT-USD,0.4,0.4,0.0,0.2,0.0,182,72,110,0.3956043956043956,1.3419556302303066,5102.143732343417,0.5102143732343416,0.23483871968548153,0.15101726183270348,
DOT-USD,0.4,0.2,0.0,0.0,0.4,226,85,141,0.37610619469026546,1.2535089593698578,5068.273982941431,0.5068273982941431,0.21473314354544715,0.18158357180925427,
DOT-USD,0.4,0.0,0.0,0.2,0.4,127,40,87,0.31496062992125984,0.8899471203153068,-1034.120860850344,-0.10341208608503438,-0.06774288096529525,0.22777268480432408,
DOT-USD,0.4,0.4,0.0,0.0,0.2,149,62,87,0.4161073825503356,1.4346871790348557,5220.02952862106,0.5220029528621061,0.2604665575662522,0.14106222390003675,
DOT-USD,0.4,0.0,0.4,0.2,0.0,155,51,104,0.32903225806451614,0.9297006096458703,-776.2078231704363,-0.07762078231704363,-0.0404192961882701,0.19647504465565527,
DOT-USD,0.4,0.4,0.2,0.0,0.0,152,63,89,0.4144736842105263,1.4131247945148904,5089.06939150817,0.508906939150817,0.25368545382219526,0.1410622239000366,
DOT-USD,0.6,0.0,0.0,0.2,0.2,195,78,117,0.4,1.3374666179450565,5222.195033346494,0.5222195033346494,0.23550882919302193,0.17355305313072586,
DOT-USD,0.4,0.2,0.2,0.2,0.0,172,63,109,0.36627906976744184,1.1568040597899,2264.488553902873,0.22644885539028728,0.12902156779062957,0.1965506546626324,
DOT-USD,0.6,0.0,0.0,0.4,0.0,201,80,121,0.39800995024875624,1.3260969377905356,5336.982292545541,0.5336982292545541,0.23610139217091047,0.14788480985855332,
DOT-USD,0.4,0.2,0.2,0.0,0.2,172,63,109,0.36627906976744184,1.191271700703272,2883.1217398493154,0.28831217398493153,0.1560831449183601,0.181573694886321,
DOT-USD,0.6,0.0,0.0,0.0,0.4,285,103,182,0.36140350877192984,1.1254092875907689,3147.7797525643764,0.31477797525643764,0.13897326426208118,0.17248937633840045,
DOT-USD,0.4,0.0,0.4,0.0,0.2,65,22,43,0.3384615384615385,0.948584997968736,-222.6415698271594,-0.02226415698271594,-0.01543615902285753,0.09374037587269941,
DOT-USD,0.6,0.0,0.2,0.2,0.0,195,78,117,0.4,1.3374777612824291,5222.452452320478,0.5222452452320478,0.2355161406458647,0.17355305313072578,
DOT-USD,0.8,0.0,0.0,0.0,0.2,103,41,62,0.39805825242718446,1.3153393078743119,2662.6935887836735,0.26626935887836733,0.17923956795071946,0.11289838501588423,
DOT-USD,0.6,0.2,0.0,0.0,0.2,181,74,107,0.4088397790055249,1.348221794327129,5088.76597418856,0.508876597418856,0.23743284057947292,0.140106414182564,
DOT-USD,0.6,0.2,0.0,0.2,0.0,170,70,100,0.4117647058823529,1.3732929632036548,5106.973196442745,0.5106973196442745,0.2437189594123296,0.12937309182352486,
DOT-USD,0.6,0.2,0.2,0.0,0.0,181,74,107,0.4088397790055249,1.348221794327129,5088.76597418856,0.508876597418856,0.23743284057947292,0.140106414182564,
DOT-USD,0.6,0.4,0.0,0.0,0.0,170,70,100,0.4117647058823529,1.3696582201705418,5099.223239213319,0.509922323921332,0.2434352698543014,0.12935635084265396,
DOT-USD,0.8,0.0,0.0,0.2,0.0,103,41,62,0.39805825242718446,1.3246569245029283,2721.5226552007134,0.2721522655200713,0.18240167874040933,0.10191643927484084,
DOT-USD,0.4,0.0,0.0,0.0,0.6,0,0,0,0.0,0.0,0.0,0.0,0.0,0.0,
DOT-USD,0.8,0.0,0.2,0.0,0.0,103,41,62,0.39805825242718446,1.3153631133026846,2662.846406401208,0.26628464064012075,0.17924890548702269,0.11288767917716498,
DOT-USD,0.6,0.0,0.2,0.0,0.2,285,103,182,0.36140350877192984,1.1252805186053032,3144.978393343952,0.31449783933439523,0.13887369068609182,0.17248937633840067,
DOT-USD,0.8,0.2,0.0,0.0,0.0,154,63,91,0.4090909090909091,1.3949891629923035,5005.54566085767,0.500554566085767,0.2482896795977676,0.14130104789069037,
DOT-USD,0.6,0.0,0.4,0.0,0.0,285,103,182,0.36140350877192984,1.1252805186053032,3144.978393343952,0.31449783933439523,0.13887369068609182,0.17248937633840067,
DOT-USD,0.4,0.2,0.4,0.0,0.0,241,90,151,0.37344398340248963,1.2478078830602122,5142.364140541651,0.5142364140541651,0.21187251279250438,0.16909229012815458,
DOT-USD,0.4,0.0,0.6,0.0,0.0,73,26,47,0.3561643835616438,1.0556505400502736,280.201880644594,0.028020188064459398,0.03342460628976668,0.06774187772754753,
DOT-USD,1.0,0.0,0.0,0.0,0.0,181,73,108,0.40331491712707185,1.3459017794942698,5113.13912537386,0.511313912537386,0.23709823808465305,0.14138450721914672,
ATOM-USD,0.0,0.0,0.0,1.0,0.0,160,67,93,0.41875,1.1512006241221338,1476.2428680763478,0.14762428680763479,0.09911546096661313,0.14651527398863506,
ATOM-USD,0.0,0.0,0.0,0.8,0.2,112,50,62,0.44642857142857145,1.1621115485693763,1035.608319752906,0.1035608319752906,0.08691742259935373,0.062390491786192895,
ATOM-USD,0.0,0.0,0.2,0.8,0.0,117,49,68,0.4188034188034188,1.0662966567576262,440.39214332249867,0.04403921433224987,0.042949873969448105,0.0815037578359842,
ATOM-USD,0.0,0.0,0.0,0.0,1.0,0,0,0,0.0,0.0,0.0,0.0,0.0,0.0,
ATOM-USD,0.0,0.0,0.0,0.2,0.8,0,0,0,0.0,0.0,0.0,0.0,0.0,0.0,
ATOM-USD,0.0,0.0,0.0,0.4,0.6,0,0,0,0.0,0.0,0.0,0.0,0.0,0.0,
ATOM-USD,0.0,0.0,0.0,0.6,0.4,0,0,0,0.0,0.0,0.0,0.0,0.0,0.0,
ATOM-USD,0.0,0.0,0.2,0.2,0.6,0,0,0,0.0,0.0,0.0,0.0,0.0,0.0,
ATOM-USD,0.0,0.0,0.2,0.0,0.8,0,0,0,0.0,0.0,0.0,0.0,0.0,0.0,
ATOM-USD,0.0,0.0,0.2,0.6,0.2,3,2,1,0.6666666666666666,4.6012222681325285,376.9261348845357,0.03769261348845357,0.12661576370935537,0.01027282688291586,
ATOM-USD,0.0,0.0,0.2,0.4,0.4,0,0,0,0.0,0.0,0.0,0.0,0.0,0.0,
ATOM-USD,0.0,0.0,0.4,0.0,0.6,0,0,0,0.0,0.0,0.0,0.0,0.0,0.0,
ATOM-USD,0.0,0.0,0.4,0.2,0.4,0,0,0,0.0,0.0,0.0,0.0,0.0,0.0,
ATOM-USD,0.0,0.0,0.4,0.4,0.2,0,0,0,0.0,0.0,0.0,0.0,0.0,0.0,
ATOM-USD,0.0,0.0,0.4,0.6,0.0,6,2,4,0.3333333333333333,1.1505064401577207,61.9587557936411,0.0061958755793641105,0.021074123087357333,0.020295877160586652,
ATOM-USD,0.0,0.2,0.0,0.8,0.0,13,1,12,0.07692307692307693,0.043171025610013763,-1074.779106063228,-0.10747791060632281,-0.38876796475526937,0.10747791060632281,
ATOM-USD,0.0,0.2,0.2,0.6,0.0,13,1,12,0.07692307692307693,0.11368782252198274,-1009.5549494473289,-0.1009554949447329,-0.335891504250567,0.1009554949447329,
ATOM-USD,0.0,0.2,0.0,0.6,0.2,46,15,31,0.32608695652173914,0.6574302643064723,-1060.546055474315,-0.1060546055474315,-0.13893228621608855,0.15026991051128868,
ATOM-USD,0.0,0.0,0.6,0.0,0.4,0,0,0,0.0,0.0,0.0,0.0,0.0,0.0,
ATOM-USD,0.0,0.0,0.6,0.2,0.2,0,0,0,0.0,0.0,0.0,0.0,0.0,0.0,
ATOM-USD,0.0,0.0,0.6,0.4,0.0,5,2,3,0.4,1.5413695985640865,168.105910432796,0.016810591043279602,0.05446959686009955,0.020295877160586673,
ATOM-USD,0.0,0.0,0.8,0.2,0.0,2,0,2,0.0,0.0,-201.23514587787395,-0.020123514587787394,-0.1718699190754112,0.020123514587787394,
ATOM-USD,0.0,0.0,0.8,0.0,0.2,0,0,0,0.0,0.0,0.0,0.0,0.0,0.0,
ATOM-USD,0.0,0.0,1.0,0.0,0.0,1,0,1,0.0,0.0,-100.98700921872114,-0.010098700921872114,-0.12152694344852857,0.010098700921872114,
ATOM-USD,0.0,0.2,0.0,0.0,0.8,0,0,0,0.0,0.0,0.0,0.0,0.0,0.0,
ATOM-USD,0.0,0.2,0.0,0.2,0.6,0,0,0,0.0,0.0,0.0,0.0,0.0,0.0,
ATOM-USD,0.0,0.2,0.0,0.4,0.4,0,0,0,0.0,0.0,0.0,0.0,0.0,0.0,
ATOM-USD,0.0,0.2,0.2,0.0,0.6,0,0,0,0.0,0.0,0.0,0.0,0.0,0.0,
ATOM-USD,0.0,0.2,0.2,0.2,0.4,0,0,0,0.0,0.0,0.0,0.0,0.0,0.0,
ATOM-USD,0.0,0.2,0.2,0.4,0.2,2,1,1,0.5,1.8329037831789992,85.72280475244224,0.008572280475244224,0.04976456382105394,0.010101484058214613,
ATOM-USD,0.0,0.4,0.0,0.6,0.0,12,1,11,0.08333333333333333,0.04544736580415543,-1015.5780366381077,-0.10155780366381077,-0.37476805351627973,0.10155780366381077,
ATOM-USD,0.0,0.2,0.4,0.0,0.4,0,0,0,0.0,0.0,0.0,0.0,0.0,0.0,
ATOM-USD,0.0,0.4,0.0,0.4,0.2,46,15,31,0.32608695652173914,0.6636758499082103,-1025.507250345252,-0.1025507250345252,-0.1345225359669595,0.1407967628122246,
ATOM-USD,0.0,0.4,0.2,0.4,0.0,13,1,12,0.07692307692307693,0.11115731882936905,-1035.4424837976876,-0.10354424837976876,-0.3432620709724447,0.10354424837976876,
ATOM-USD,0.0,0.2,0.4,0.4,0.0,7,1,6,0.14285714285714285,0.35774970955571844,-338.19682806719175,-0.033819682806719174,-0.1385589753018652,0.05040476708486105,
ATOM-USD,0.0,0.2,0.4,0.2,0.2,0,0,0,0.0,0.0,0.0,0.0,0.0,0.0,
ATOM-USD,0.0,0.2,0.6,0.0,0.2,0,0,0,0.0,0.0,0.0,0.0,0.0,0.0,
ATOM-USD,0.0,0.2,0.6,0.2,0.0,2,1,1,0.5,1.833408919549587,85.7511611356731,0.00857511611356731,0.049783425788130393,0.010098700921872171,
ATOM-USD,0.0,0.2,0.8,0.0,0.0,2,1,1,0.5,0.4465053346742128,-56.14895345409241,-0.005614895345409241,-0.0611481264685388,0.010098700921872041,
ATOM-USD,0.0,0.6,0.0,0.2,0.2,13,1,12,0.07692307692307693,0.11113552844407977,-1035.6536394171708,-0.10356536394171707,-0.3432720836259076,0.10356536394171707,
ATOM-USD,0.0,0.6,0.0,0.4,0.0,12,1,11,0.08333333333333333,0.04544736580415543,-1015.5780366381077,-0.10155780366381077,-0.37476805351627973,0.10155780366381077,
ATOM-USD,0.0,0.4,0.0,0.0,0.6,0,0,0,0.0,0.0,0.0,0.0,0.0,0.0,
ATOM-USD,0.0,0.4,0.0,0.2,0.4,0,0,0,0.0,0.0,0.0,0.0,0.0,0.0,
ATOM-USD,0.0,0.4,0.2,0.2,0.2,7,1,6,0.14285714285714285,0.35774970955571844,-338.19682806719175,-0.033819682806719174,-0.1385589753018652,0.05040476708486105,
ATOM-USD,0.0,0.6,0.2,0.2,0.0,54,18,36,0.3333333333333333,0.7100869455652264,-1032.5313429080907,-0.10325313429080907,-0.12151273686948297,0.1410846933095227,
ATOM-USD,0.0,0.4,0.2,0.0,0.4,0,0,0,0.0,0.0,0.0,0.0,0.0,0.0,
ATOM-USD,0.0,0.4,0.4,0.2,0.0,11,2,9,0.18181818181818182,0.3706421496526144,-538.3870932907448,-0.05383870932907448,-0.1752055313721013,0.057304262216310055,
ATOM-USD,0.0,0.4,0.4,0.0,0.2,1,0,1,0.0,0.0,-100.98700921872114,-0.010098700921872114,-0.12152694344852857,0.010098700921872114,
ATOM-USD,0.0,0.8,0.0,0.0,0.2,69,22,47,0.3188405797101449,0.7695680235489513,-1056.3813675648726,-0.10563813675648726,-0.10645978203223133,0.1745155965778251,
ATOM-USD,0.0,0.8,0.0,0.2,0.0,84,27,57,0.32142857142857145,0.8107264707279509,-1067.2080035490271,-0.10672080035490271,-0.09323038755441022,0.2029093287150882,
ATOM-USD,0.0,0.8,0.2,0.0,0.0,90,30,60,0.3333333333333333,0.824007577345513,-1035.6867822393542,-0.10356867822393542,-0.08859745451539176,0.19875655247317225,
ATOM-USD,0.0,1.0,0.0,0.0,0.0,100,33,67,0.33,0.8491328192506992,-1006.8589353787193,-0.10068589353787193,-0.07853765226665041,0.21624017918397062,
ATOM-USD,0.0,0.4,0.6,0.0,0.0,26,9,17,0.34615384615384615,0.9233300574467694,-120.1137748788442,-0.01201137748788442,-0.01627360657998679,0.030786320151551937,
ATOM-USD,0.2,0.0,0.0,0.8,0.0,10,0,10,0.0,0.0,-949.7429677956989,-0.09497429677956988,-0.37555334692843373,0.09497429677956988,
ATOM-USD,0.0,0.6,0.0,0.0,0.4,0,0,0,0.0,0.0,0.0,0.0,0.0,0.0,
ATOM-USD,0.0,0.6,0.2,0.0,0.2,25,8,17,0.32,0.8945403397438199,-164.6634053425896,-0.016466340534258963,-0.024030499769878495,0.030786320151551888,
ATOM-USD,0.2,0.0,0.0,0.6,0.2,41,13,28,0.3170731707317073,0.6117924186163869,-1068.4044321842157,-0.10684044321842157,-0.1589894785667032,0.13602661646071126,
ATOM-USD,0.0,0.6,0.4,0.0,0.0,41,14,27,0.34146341463414637,0.703943563977166,-707.037640029037,-0.0707037640029037,-0.10854458254463117,0.07929942702235043,
ATOM-USD,0.2,0.0,0.2,0.6,0.0,48,14,34,0.2916666666666667,0.6813825136524716,-1078.2603620861191,-0.10782603620861192,-0.13376066468281336,0.13703237781370814,
ATOM-USD,0.2,0.0,0.0,0.4,0.4,25,10,15,0.4,0.8897287477377055,-175.7630826354507,-0.01757630826354507,-0.0260243670855974,0.07149722922023787,
ATOM-USD,0.2,0.0,0.0,0.2,0.6,0,0,0,0.0,0.0,0.0,0.0,0.0,0.0,
ATOM-USD,0.2,0.0,0.0,0.0,0.8,0,0,0,0.0,0.0,0.0,0.0,0.0,0.0,
ATOM-USD,0.2,0.0,0.2,0.4,0.2,29,11,18,0.3793103448275862,0.820338850274386,-338.7903706323559,-0.03387903706323559,-0.05146377847933454,0.08982002388884822,
ATOM-USD,0.2,0.0,0.2,0.0,0.6,0,0,0,0.0,0.0,0.0,0.0,0.0,0.0,
ATOM-USD,0.2,0.0,0.2,0.2,0.4,0,0,0,0.0,0.0,0.0,0.0,0.0,0.0,
ATOM-USD,0.2,0.0,0.4,0.4,0.0,40,14,26,0.35,0.814288366144945,-479.40052029479557,-0.047940052029479555,-0.0617876854702465,0.07620331660658113,
ATOM-USD,0.2,0.2,0.0,0.4,0.2,34,10,24,0.29411764705882354,0.5444711226759108,-1077.34223320218,-0.10773422332021801,-0.1766734898231695,0.1350396761825054,
ATOM-USD,0.2,0.0,0.4,0.0,0.4,0,0,0,0.0,0.0,0.0,0.0,0.0,0.0,
ATOM-USD,0.2,0.0,0.4,0.2,0.2,2,0,2,0.0,0.0,-201.32626483378226,-0.020132626483378227,-0.1718697917663378,0.020132626483378227,
ATOM-USD,0.2,0.2,0.0,0.6,0.0,10,0,10,0.0,0.0,-960.6247171578216,-0.09606247171578215,-0.37873231158966386,0.09606247171578215,
ATOM-USD,0.2,0.0,0.6,0.2,0.0,14,5,9,0.35714285714285715,0.6528113272588685,-315.4387307222787,-0.03154387307222787,-0.08903874694878754,0.046344601650734146,
ATOM-USD,0.2,0.0,0.6,0.0,0.2,2,0,2,0.0,0.0,-201.32626483378226,-0.020132626483378227,-0.1718697917663378,0.020132626483378227,
ATOM-USD,0.2,0.0,0.8,0.0,0.0,9,2,7,0.2222222222222222,0.5045678229389347,-350.4623459399136,-0.03504623459399136,-0.09622268928597844,0.040545608545343205,
ATOM-USD,0.2,0.2,0.0,0.2,0.4,23,10,13,0.43478260869565216,0.880031277280737,-165.5076426614014,-0.01655076426614014,-0.02681988169326432,0.06198937700437209,
ATOM-USD,0.2,0.2,0.0,0.0,0.6,0,0,0,0.0,0.0,0.0,0.0,0.0,0.0,
ATOM-USD,0.2,0.2,0.2,0.4,0.0,34,10,24,0.29411764705882354,0.5436798075507165,-1090.9234999326327,-0.10909234999326327,-0.17886827172525027,0.14438243525313876,
ATOM-USD,0.2,0.4,0.0,0.0,0.4,37,12,25,0.32432432432432434,0.9756458685250945,-60.20863698595167,-0.006020863698595167,-0.002297843548446664,0.14111647314296583,
ATOM-USD,0.2,0.4,0.2,0.0,0.2,37,12,25,0.32432432432432434,0.9683893878020898,-78.90146102005929,-0.007890146102005929,-0.004708059296603379,0.14109919693669717,
ATOM-USD,0.2,0.4,0.4,0.0,0.0,37,12,25,0.32432432432432434,0.9683893878020898,-78.90146102005929,-0.007890146102005929,-0.004708059296603379,0.14109919693669717,
ATOM-USD,0.2,0.4,0.0,0.4,0.0,167,64,103,0.38323353293413176,1.142147139984976,1518.6965978797762,0.15186965978797762,0.09521015315916853,0.20583650595613331,
ATOM-USD,0.2,0.4,0.0,0.2,0.2,134,53,81,0.39552238805970147,1.2200976881114405,1850.0533511673984,0.18500533511673983,0.12146095379233098,0.13521465918196235,
ATOM-USD,0.2,0.2,0.2,0.2,0.2,31,11,20,0.3548387096774194,0.6871169843312847,-610.9998526795625,-0.06109998526795626,-0.10074026141048685,0.09067034323716339,
ATOM-USD,0.2,0.6,0.0,0.2,0.0,104,34,70,0.3269230769230769,0.853117659808718,-1027.7427563710971,-0.10277427563710971,-0.07715894746566898,0.22948601408487923,
ATOM-USD,0.2,0.2,0.2,0.0,0.4,0,0,0,0.0,0.0,0.0,0.0,0.0,0.0,
ATOM-USD,0.2,0.8,0.0,0.0,0.0,69,22,47,0.3188405797101449,0.7695680235489513,-1056.3813675648726,-0.10563813675648726,-0.10645978203223133,0.1745155965778251,
ATOM-USD,0.2,0.6,0.0,0.0,0.2,158,66,92,0.4177215189873418,1.325083533141982,3275.9190165593664,0.32759190165593666,0.17761593968042527,0.14801087458706585,
ATOM-USD,0.2,0.4,0.2,0.2,0.0,138,53,85,0.38405797101449274,1.1450757982145583,1257.0732227250046,0.12570732227250045,0.08848653861580072,0.14416132147418612,
ATOM-USD,0.2,0.2,0.4,0.2,0.0,35,12,23,0.34285714285714286,0.735832340179647,-596.6731644467982,-0.05966731644467982,-0.08629840469623387,0.0921562555040834,
ATOM-USD,0.2,0.2,0.4,0.0,0.2,12,4,8,0.3333333333333333,0.8212366650724849,-138.457062841273,-0.0138457062841273,-0.032450882997771956,0.02600392198950862,
ATOM-USD,0.2,0.2,0.6,0.0,0.0,27,8,19,0.2962962962962963,0.7765730513694002,-398.4413632512569,-0.03984413632512569,-0.06342188172918882,0.04287474795692971,
ATOM-USD,0.2,0.6,0.2,0.0,0.0,158,66,92,0.4177215189873418,1.325083533141982,3275.9190165593664,0.32759190165593666,0.17761593968042527,0.14801087458706585,
ATOM-USD,0.4,0.0,0.0,0.4,0.2,48,13,35,0.2708333333333333,0.6880039874693283,-1095.4495193292441,-0.10954495193292442,-0.1333888185101206,0.1838897013429002,
ATOM-USD,0.4,0.0,0.0,0.6,0.0,47,13,34,0.2765957446808511,0.7048116244001578,-1010.3034394888891,-0.1010303439488889,-0.12265256751883293,0.17493049998646568,
ATOM-USD,0.4,0.0,0.2,0.4,0.0,52,14,38,0.2692307692307692,0.7163279991589827,-1081.56290367343,-0.10815629036734299,-0.12195226977234516,0.16450634373947096,
ATOM-USD,0.4,0.0,0.0,0.2,0.4,88,30,58,0.3409090909090909,0.9965542578464649,-20.086309762160454,-0.0020086309762160455,0.007268154030520807,0.15381344338802858,
ATOM-USD,0.4,0.2,0.0,0.4,0.0,177,75,102,0.423728813559322,1.34558927338571,4104.7670830493535,0.4104767083049353,0.20474113181472178,0.10698076042075577,
ATOM-USD,0.4,0.2,0.0,0.2,0.2,169,67,102,0.39644970414201186,1.3310259456743128,3921.8732735407048,0.39218732735407047,0.19471053584148243,0.11542450063837476,
ATOM-USD,0.4,0.0,0.0,0.0,0.6,0,0,0,0.0,0.0,0.0,0.0,0.0,0.0,
ATOM-USD,0.4,0.0,0.2,0.2,0.2,92,32,60,0.34782608695652173,1.0235328128633645,142.31998441928044,0.014231998441928044,0.020397079064184545,0.1336931527553385,
ATOM-USD,0.4,0.2,0.0,0.0,0.4,137,54,83,0.39416058394160586,1.3135582543133446,2739.314024805133,0.27393140248051334,0.16316010183000285,0.12448266677494425,
ATOM-USD,0.4,0.2,0.2,0.2,0.0,172,68,104,0.3953488372093023,1.2987480448505273,3523.6136590584756,0.35236136590584755,0.17946456266923833,0.12457590260048178,
ATOM-USD,0.4,0.2,0.2,0.0,0.2,140,54,86,0.38571428571428573,1.301139138204697,2677.6502097487173,0.26776502097487176,0.15886234320519935,0.11065111520679548,
ATOM-USD,0.4,0.0,0.4,0.2,0.0,98,34,64,0.3469387755102041,1.0406940755680376,259.0345484857262,0.025903454848572618,0.029154431237948735,0.13565098536843853,
ATOM-USD,0.4,0.0,0.2,0.0,0.4,13,3,10,0.23076923076923078,0.5200503878700704,-480.5768987765514,-0.04805768987765514,-0.1175525398715732,0.0538746122382232,
ATOM-USD,0.4,0.0,0.4,0.0,0.2,31,9,22,0.2903225806451613,0.8202191498374319,-372.93073174231904,-0.0372930731742319,-0.05196236580339803,0.06432904524989695,
ATOM-USD,0.4,0.0,0.6,0.0,0.0,42,15,27,0.35714285714285715,0.9467571475427904,-138.64371463815587,-0.013864371463815587,-0.01212230512917309,0.06960576115458962,
ATOM-USD,0.4,0.2,0.4,0.0,0.0,143,56,87,0.3916083916083916,1.3227116272243822,2993.404213021844,0.2993404213021844,0.17105761937449315,0.10591605879150386,
ATOM-USD,0.4,0.4,0.0,0.0,0.2,158,66,92,0.4177215189873418,1.325083533141982,3275.9190165593664,0.32759190165593666,0.17761593968042527,0.14801087458706585,
ATOM-USD,0.4,0.4,0.0,0.2,0.0,182,75,107,0.41208791208791207,1.3707095616799774,4740.20104530842,0.47402010453084203,0.21835236840401157,0.1260480830159988,
ATOM-USD,0.6,0.0,0.0,0.2,0.2,199,84,115,0.4221105527638191,1.3672300610954697,5067.300186273318,0.5067300186273318,0.2255191970507949,0.13583834119143412,
ATOM-USD,0.6,0.0,0.0,0.4,0.0,199,84,115,0.4221105527638191,1.3672300610954697,5067.300186273318,0.5067300186273318,0.2255191970507949,0.13583834119143412,
ATOM-USD,0.6,0.0,0.0,0.0,0.4,204,82,122,0.4019607843137255,1.3208985547084047,4607.805697321703,0.46078056973217024,0.20623200150952392,0.1378908765254487,
ATOM-USD,0.4,0.4,0.2,0.0,0.0,160,66,94,0.4125,1.3114489489712862,3159.0383742045524,0.31590383742045525,0.1718829919381812,0.12913960049418016,
ATOM-USD,0.6,0.0,0.2,0.2,0.0,198,84,114,0.42424242424242425,1.3730148558427597,5055.4240099039525,0.5055424009903953,0.22667868443970182,0.1358383411914342,
ATOM-USD,0.6,0.0,0.2,0.0,0.2,205,82,123,0.4,1.318109632242834,4589.312862484268,0.45893128624842683,0.20493563859832514,0.1378908765254485,
ATOM-USD,0.6,0.0,0.4,0.0,0.0,205,82,123,0.4,1.318109632242834,4589.312862484268,0.45893128624842683,0.20493563859832514,0.1378908765254485,
ATOM-USD,0.4,0.6,0.0,0.0,0.0,158,66,92,0.4177215189873418,1.325083533141982,3275.9190165593664,0.32759190165593666,0.17761593968042527,0.14801087458706585,
ATOM-USD,0.6,0.2,0.0,0.0,0.2,215,89,126,0.413953488372093,1.3121155013575847,4722.127548691622,0.4722127548691622,0.20594058336409732,0.12791410565102063,
ATOM-USD,0.6,0.2,0.0,0.2,0.0,202,87,115,0.4306930693069307,1.37138998169882,5130.504723503052,0.5130504723503052,0.2276245351285551,0.12786223319359002,
ATOM-USD,0.6,0.2,0.2,0.0,0.0,215,89,126,0.413953488372093,1.3127883187329326,4742.043785177171,0.47420437851771713,0.20656507635591487,0.12791410565102054,
ATOM-USD,0.6,0.4,0.0,0.0,0.0,215,89,126,0.413953488372093,1.3121155013575847,4722.127548691622,0.4722127548691622,0.20594058336409732,0.12791410565102063,
ATOM-USD,0.8,0.0,0.0,0.0,0.2,205,87,118,0.424390243902439,1.344392971579054,5003.63472459777,0.5003634724597771,0.22130793548900593,0.13740010283012002,
ATOM-USD,0.8,0.0,0.0,0.2,0.0,205,87,118,0.424390243902439,1.344392971579054,5003.63472459777,0.5003634724597771,0.22130793548900593,0.13740010283012002,
ATOM-USD,0.8,0.0,0.2,0.0,0.0,205,87,118,0.424390243902439,1.344392971579054,5003.63472459777,0.5003634724597771,0.22130793548900593,0.13740010283012002,
ATOM-USD,1.0,0.0,0.0,0.0,0.0,205,87,118,0.424390243902439,1.344392971579054,5003.63472459777,0.5003634724597771,0.22130793548900593,0.13740010283012002,
ATOM-USD,0.8,0.2,0.0,0.0,0.0,205,87,118,0.424390243902439,1.344392971579054,5003.63472459777,0.5003634724597771,0.22130793548900593,0.13740010283012002,
