symbol,timeframe,atr_mult,rr_ratio,trades,wins,losses,win_rate,profit_factor,total_pnl,total_pnl_pct,sharpe,max_dd_pct,expectancy,avg_win,avg_loss,diag_signals,diag_gate_passed,diag_guard_blocked,error
BTC-USD,1h,2.0,3.0,60,18,42,0.3,0.9853464938208479,-57.444432187316124,-0.005744443218731613,0.0007925568643480965,0.09005254134800042,-0.9574072031219458,214.5966112640948,93.33770083192914,2868,60,8158,
BTC-USD,1h,2.0,2.5,65,22,43,0.3384615384615385,1.082674271001427,343.03335738553506,0.03430333573855351,0.05596491455939562,0.0966712914038084,5.2774362674698025,204.19312476536433,96.49338110354601,3023,65,8045,
BTC-USD,1h,5.0,2.0,95,40,55,0.42105263157894735,1.1268680515664034,618.6418804891109,0.06186418804891109,0.09156575360126205,0.08643105669681013,6.512019794622184,137.3726012729171,88.6593121895923,6011,96,6125,
BTC-USD,1h,5.0,2.5,92,37,55,0.40217391304347827,1.0579598629608662,289.88522141970316,0.028988522141970317,0.04695727427175539,0.08256026558368101,3.1509263197794084,143.00992961220962,90.93603953149183,6224,93,6006,
BTC-USD,1h,5.0,1.5,101,46,55,0.45544554455445546,1.1096666846272825,552.7046443098116,0.05527046443098116,0.08681885579289216,0.07748027213234417,5.472323210988158,121.57747385690618,91.63380278377964,6479,102,5884,
BTC-USD,1h,4.0,3.0,96,39,57,0.40625,1.218696015801919,1280.041380546607,0.12800413805466068,0.1446065615261521,0.09845068979084977,13.333764380693808,182.90009147659032,102.68530152702485,6369,97,5815,
BTC-USD,1h,4.0,2.5,100,39,61,0.39,1.1628196462900937,976.2851774389619,0.09762851774389619,0.11839121249931925,0.1099325569215753,9.76285177438956,178.77946874077165,98.29695251559244,6482,101,5778,
BTC-USD,1h,4.0,2.0,108,44,64,0.4074074074074074,1.1316557059377912,828.6810707459008,0.08286810707459008,0.1054358022640895,0.09530102382371969,7.672972877276848,161.88603024566726,98.34850406349155,6781,109,5597,
BTC-USD,1h,4.0,1.5,118,50,68,0.423728813559322,1.1040580757669352,687.8095840230108,0.06878095840230107,0.0942233919373617,0.09186421243628463,5.828894779856078,145.95344383098913,97.2038618753888,7093,119,5451,
BTC-USD,1h,3.0,2.5,126,43,83,0.3412698412698413,0.9862090411391784,-114.7944120790653,-0.011479441207906529,0.0010300524768933172,0.14577891736616339,-0.9110667625322293,190.90917868586007,100.2878204285668,7215,127,5309,
BTC-USD,1h,3.0,3.0,120,39,81,0.325,1.0249641072918907,207.96773215753274,0.020796773215753274,0.03256628664650622,0.13525498841530706,1.7330644346459252,218.93942128951656,102.84777405103253,7147,121,5318,
BTC-USD,1h,3.0,2.0,139,51,88,0.3669064748201439,1.0448693721389262,416.0810212398683,0.04160810212398683,0.05318684077409444,0.14069069620941496,2.993388642013457,189.98518549065884,105.37685725890601,7513,140,5156,
BTC-USD,1h,3.0,1.5,169,71,98,0.42011834319526625,1.0315565210768867,323.4667332005356,0.03234667332005356,0.044843670900806105,0.14027833418834676,1.914004338464764,148.92759761350305,104.59584385059357,7679,170,5046,
BTC-USD,1h,2.0,2.0,223,78,145,0.34977578475336324,1.0034350138603596,49.31318883160202,0.004931318883160202,0.01946941403880435,0.1550794375650945,0.2211353759263801,184.68398706891594,99.00715725892317,8651,224,4376,
BTC-USD,1h,2.0,1.5,273,113,160,0.4139194139194139,1.0158512731363263,251.25380519111968,0.025125380519111968,0.03577376657352506,0.16506545923566285,0.9203436087587207,142.49518321600547,99.0668868638593,8940,274,4206,
ETH-USD,1h,2.0,2.0,81,28,53,0.345679012345679,1.0388428212926604,220.45247267606464,0.022045247267606465,0.03707496377757648,0.12456880645327507,2.721635465136572,210.56976834023223,107.0849252990649,1788,81,8926,
BTC-USD,1h,6.0,1.5,95,44,51,0.4631578947368421,1.1471213599483516,634.717686982407,0.0634717686982407,0.10505528870110241,0.06344553254128446,6.6812388103411635,112.47643944646356,84.59305193454875,5623,96,6443,
BTC-USD,1h,5.0,3.0,88,37,51,0.42045454545454547,1.1619510947866558,772.8339134164544,0.07728339134164544,0.10511273894212257,0.08411251358722716,8.78220356155061,149.8609249351388,93.56902567026827,6025,89,6061,
ETH-USD,1h,2.0,3.0,63,18,45,0.2857142857142857,1.1403921526135767,698.2528321809077,0.06982528321809077,0.0866713619002143,0.10519181284795256,11.083378288585891,315.1023106568608,110.52419465872408,1794,63,8918,
ETH-USD,1h,2.0,2.5,83,24,59,0.2891566265060241,0.9994707591574917,-3.470529508573236,-0.0003470529508573236,0.010980629270228692,0.16620899324688476,-0.04181360853689853,273.0871344384855,111.1451145090206,3060,83,8214,
BTC-USD,1h,6.0,2.0,87,38,49,0.4367816091954023,1.1376609518588245,545.9800552317756,0.05459800552317756,0.09129996963421634,0.07320171633450402,6.275632818756037,118.73951353205655,80.94125426502805,5689,88,6339,
BTC-USD,1h,6.0,3.0,83,35,48,0.42168674698795183,1.0753305722487658,294.26375983661273,0.029426375983661275,0.05232541114676889,0.07377920364596488,3.5453465040556154,120.01608673841508,81.3812349168315,5406,84,6469,
BTC-USD,1h,6.0,2.5,86,37,49,0.43023255813953487,1.1072242851851442,443.7260854671349,0.04437260854671349,0.07292202735097293,0.07450845138163409,5.15960564496671,123.83849901344368,84.45506893939344,5574,87,6373,
ETH-USD,1h,3.0,2.0,148,56,92,0.3783783783783784,1.1165156654484056,1119.7128218191883,0.11197128218191883,0.11382662872656897,0.11764662643071,7.565627174453908,191.60159732802862,104.45626770163506,7611,149,5447,
ETH-USD,1h,3.0,3.0,131,44,87,0.33587786259541985,1.1838284829248318,1759.4569773908697,0.17594569773908697,0.14967632613007106,0.10022754301038521,13.430969293060059,257.5146595120419,110.01365564527556,7300,132,5568,
ETH-USD,1h,3.0,1.5,186,79,107,0.42473118279569894,1.091111946455271,1037.1556253686467,0.10371556253686467,0.10762470452937495,0.11778027195420293,5.576105512734671,157.2210969478015,106.38608442530534,7806,187,5333,
ETH-USD,1h,3.0,2.5,139,49,90,0.35251798561151076,1.21406004358037,2068.2825166354596,0.20682825166354596,0.17643178624141656,0.09997464737121757,14.879730335506878,239.3967980621408,107.35733987121601,7717,140,5389,
ETH-USD,1h,2.0,1.5,315,130,185,0.4126984126984127,1.0298286558231395,582.0514162563722,0.058205141625637224,0.05875399722399457,0.19540107590889835,1.847782273829786,154.57857065555632,105.47655550792398,9004,316,4545,
ETH-USD,1h,4.0,2.5,116,40,76,0.3448275862068966,1.0186281327893454,132.1398482501445,0.013213984825014449,0.025696766154501057,0.11576672231466642,1.1391366228459603,180.6425909835227,93.33636567224707,6248,117,6268,
ETH-USD,1h,5.0,2.0,105,43,62,0.4095238095238095,1.0778567704932638,417.34235949300455,0.04173423594930045,0.06307045225489115,0.08267949292441865,3.9746891380285874,134.3657808608546,86.45784221812495,5864,106,6584,
ETH-USD,1h,4.0,3.0,111,34,77,0.3063063063063063,0.9412153811785258,-404.0187770334578,-0.04040187770334578,-0.031520047562938455,0.1242173779332038,-3.639808802103211,190.26019693612966,89.25799315405018,6494,112,6128,
ETH-USD,1h,4.0,1.5,139,56,83,0.4028776978417266,0.996745383097978,-25.181286819975867,-0.0025181286819975866,0.00775729493512078,0.1104502024029004,-0.18116033683443078,137.71278142209593,93.2180367043055,6949,140,5913,
ETH-USD,1h,4.0,2.0,122,44,78,0.36065573770491804,1.0143353901686183,103.50208928622851,0.010350208928622852,0.022709916861622666,0.11156263180559577,0.8483777810346496,166.4441365747309,92.56461435899912,6765,123,5983,
ETH-USD,1h,5.0,1.5,117,50,67,0.42735042735042733,1.0714963679762886,419.8199386400829,0.04198199386400829,0.06456631753587096,0.0817290397607475,3.588204603761376,125.83451500810801,87.64038525022866,6432,118,6288,
ETH-USD,1h,5.0,2.5,98,35,63,0.35714285714285715,1.019541059683729,100.94208634932875,0.010094208634932874,0.022599555340935707,0.08993148262460081,1.0300212892788352,150.47378384495394,81.99429124165178,6144,99,6404,
ADA-USD,1h,2.0,2.5,27,6,21,0.2222222222222222,0.7140934456404652,-609.6392068025198,-0.06096392068025198,-0.12453371682514673,0.123238979376502,-22.579229881574655,253.77718415628328,101.53820532096263,1626,27,9086,
ADA-USD,1h,2.0,3.0,28,6,22,0.21428571428571427,0.8112730676272061,-428.1115359300584,-0.042811153593005837,-0.07283800387231247,0.11466435047760194,-15.289697711787895,306.71771350093667,103.10990076980369,1622,28,9089,
ETH-USD,1h,6.0,2.0,91,33,58,0.3626373626373626,1.069340455211497,283.28008010507256,0.028328008010507257,0.0511911280500962,0.06085387862380488,3.112967913242592,132.38275216584753,70.43708174772229,5791,92,6617,
ETH-USD,1h,6.0,1.5,100,43,57,0.43,1.1280297060969788,567.3535399123248,0.05673535399123248,0.09429272043048227,0.06909277308573095,5.67353539912331,116.25057281911658,77.74422967209968,5920,101,6569,
ETH-USD,1h,5.0,3.0,97,34,63,0.35051546391752575,1.0312045886313443,171.3126694561215,0.01713126694561215,0.030668169492743046,0.09815327539890314,1.7661099943930196,166.50870402889564,87.14259154803696,6224,98,6357,
ADA-USD,1h,3.0,1.5,116,42,74,0.3620689655172414,0.8467719371586343,-1079.9650818832088,-0.10799650818832088,-0.13169629409822456,0.14250421044214184,-9.310043809338083,142.09819748921504,95.2444510328412,4293,116,7532,
ADA-USD,1h,2.0,2.0,179,60,119,0.33519553072625696,0.9907729935521689,-115.03183770063697,-0.011503183770063697,0.005200170453969609,0.1175214721936262,-0.642635964808008,205.86387513083656,104.76356592899855,5091,179,7003,
ADA-USD,1h,3.0,3.0,109,27,82,0.24770642201834864,0.8637690886508922,-1080.594516343328,-0.1080594516343328,-0.09654257898793357,0.15926048792000452,-9.913711159113127,253.75872951453383,96.73268552726518,4824,109,7233,
ETH-USD,1h,6.0,2.5,88,31,57,0.3522727272727273,1.0698128952945987,284.3182179028245,0.028431821790282447,0.050005328480113395,0.07109387438368737,3.230888839804777,140.5449267327596,71.44867562829346,5824,89,6616,
ETH-USD,1h,6.0,3.0,86,31,55,0.36046511627906974,1.0539657192913405,214.5913245055781,0.02145913245055781,0.03961985345451918,0.0785990545181904,2.495247959367134,135.1944869376286,72.29886855565294,5752,87,6620,
ADA-USD,1h,4.0,1.5,160,71,89,0.44375,1.1687056854893818,1509.7979351792928,0.15097979351792928,0.16154195929960563,0.1263895376406721,9.436237094870549,147.3112505480232,100.5539421767456,5820,161,6673,
ADA-USD,1h,4.0,2.0,138,54,84,0.391304347826087,1.1664477681519307,1368.6475221989185,0.13686475221989186,0.1403791797189317,0.11650069607535339,9.917735668108037,177.6172640045354,97.88910397673813,5755,139,6679,
ADA-USD,1h,3.0,2.0,176,65,111,0.3693181818181818,1.1110734217384177,1243.2485179553114,0.12432485179553114,0.11485410752415375,0.16351487622369074,7.063912033836992,191.32741392638755,100.8381386239629,7049,177,5885,
ADA-USD,1h,3.0,2.5,155,54,101,0.34838709677419355,1.2178559022798976,2286.1646584491227,0.22861646584491227,0.18162233099192135,0.15133571397686718,14.749449409349253,236.6684255373049,103.90030020361712,6936,156,5943,
ADA-USD,1h,4.0,3.0,124,44,80,0.3548387096774194,1.2599184897088178,2030.9546945934671,0.2030954694593467,0.17879758123594136,0.13337130125883906,16.378666891882837,223.7447396354789,97.67267311709502,5306,125,6921,
ADA-USD,1h,4.0,2.5,130,46,84,0.35384615384615387,1.1517813728692459,1223.4719082400607,0.12234719082400607,0.12182855677044564,0.12656409722749615,9.411322371077361,201.8309406800298,95.96132575049185,5648,131,6742,
ADA-USD,1h,2.0,1.5,370,156,214,0.42162162162162165,1.0835198305330296,1914.226439789758,0.1914226439789758,0.13582761867493132,0.14026617635142416,5.173584972404747,159.1900693313444,107.10011390607464,9438,371,4401,
AVAX-USD,1h,2.0,2.5,24,8,16,0.3333333333333333,1.2143788559135884,374.1861540933296,0.03741861540933296,0.07816162079666895,0.09561792499119574,15.591089753888824,264.9536913109372,109.09021102463534,627,24,9671,
AVAX-USD,1h,2.0,3.0,21,6,15,0.2857142857142857,1.1649413002532765,269.5465350838349,0.02695465350838349,0.05733235881293872,0.09561792499119567,12.835549289706535,317.2905457650262,108.94644930042132,609,21,9684,
ADA-USD,1h,5.0,2.0,121,47,74,0.3884297520661157,1.116914069956043,758.0285877613314,0.07580285877613314,0.0946222715499739,0.10235452628612846,6.264699072407595,154.07802725719438,87.61673909901104,5262,122,6957,
ADA-USD,1h,5.0,2.5,113,43,70,0.3805309734513274,1.2106550988255311,1289.5206111229127,0.12895206111229127,0.14451904527821255,0.10183287515871431,11.41168682409652,172.34881132112994,87.44968965265257,5117,114,7009,
ADA-USD,1h,5.0,1.5,126,56,70,0.4444444444444444,1.1724124591541547,1062.8015194116797,0.10628015194116797,0.13866347983077124,0.10128954159676362,8.434932693743505,129.05532186752615,88.06137864528259,5754,127,6670,
ADA-USD,1h,5.0,3.0,99,38,61,0.3838383838383838,1.127842444352336,641.5143950331985,0.06415143950331985,0.08403740008373063,0.10355334161883106,6.479943384173666,148.93479709730022,82.26242450269206,4940,100,7117,
ADA-USD,1h,6.0,1.5,115,47,68,0.40869565217391307,0.9932305716766453,-36.48925321911702,-0.0036489253219117016,0.003665805382646059,0.09656815163146418,-0.31729785407929967,113.91087866923372,79.26912574519274,5082,116,7115,
AVAX-USD,1h,2.0,1.5,128,47,81,0.3671875,0.8693862174936939,-1038.802295373469,-0.1038802295373469,-0.11780826443100822,0.19556766073491197,-8.115642932605176,147.11562022518316,98.18810427107496,4339,128,7574,
ADA-USD,1h,6.0,2.0,104,42,62,0.40384615384615385,1.093323171081755,464.1544023669667,0.046415440236696665,0.07037587489165414,0.08534724549335096,4.463023099682459,129.4709242713799,80.21974866178999,5037,105,7089,
AVAX-USD,1h,3.0,3.0,19,5,14,0.2631578947368421,0.912973953356463,-128.0194053025225,-0.01280194053025225,-0.023065445864891523,0.09561792499119548,-6.737863436974834,268.60552000971836,105.07478609650809,488,19,9756,
ADA-USD,1h,6.0,2.5,93,38,55,0.40860215053763443,1.0318661397706665,131.92711144049463,0.013192711144049463,0.02766665226098411,0.10617809954969477,1.4185710907580855,112.42020212719231,75.27346489805103,4918,94,7170,
ADA-USD,1h,6.0,3.0,92,36,56,0.391304347826087,1.0949472711086663,418.0798707216727,0.04180798707216727,0.06280467411866542,0.11888216218414431,4.544346420887777,133.92679496000457,78.63008478283015,5086,93,7063,
AVAX-USD,1h,2.0,2.0,222,72,150,0.32432432432432434,0.9453420834846639,-822.7762849936171,-0.08227762849936171,-0.049728307160502916,0.2037539105435727,-3.7061994819532202,197.64470676229564,100.3546344791927,6383,222,6347,
AVAX-USD,1h,3.0,2.0,161,52,109,0.32298136645962733,0.897128258915375,-1077.133615867735,-0.1077133615867735,-0.0924272710713932,0.16709024784069124,-6.690270906010731,180.6444748267259,96.06097529227041,7080,161,5878,
AVAX-USD,1h,3.0,1.5,194,73,121,0.37628865979381443,0.9092255844064266,-1078.723239038225,-0.10787232390382251,-0.09539877444086003,0.18589798461898394,-5.560429067207309,148.01146623157837,98.21124193341686,7465,194,5629,
AVAX-USD,1h,3.0,2.5,142,40,102,0.28169014084507044,0.8977777908422311,-1020.5728422286193,-0.10205728422286192,-0.08322855747278815,0.18580305891937587,-7.187132691750762,224.08232986714498,97.88103957759225,6413,142,6254,
AVAX-USD,1h,5.0,1.5,117,43,74,0.36752136752136755,0.8344514162441359,-1027.0474343279402,-0.10270474343279402,-0.14139611903999047,0.18154978978645508,-8.77818319938411,120.39200098570218,83.83653346909642,5594,117,6814,
AVAX-USD,1h,4.0,2.0,129,43,86,0.3333333333333333,0.9123808072741684,-713.9089715430364,-0.07139089715430363,-0.06971266315225998,0.19876258215351,-5.534178073977074,172.8825968940563,94.74256555799374,6403,130,6309,
AVAX-USD,1h,4.0,3.0,124,39,85,0.31451612903225806,0.922238296386768,-651.0405500870093,-0.06510405500870092,-0.0525490517925475,0.223138201468433,-5.250327016830795,197.97977136540683,98.49707803926923,6121,125,6475,
AVAX-USD,1h,5.0,2.0,112,39,73,0.3482142857142857,0.8400262048696084,-1034.8694272674347,-0.10348694272674347,-0.12779358986691303,0.18328646161550782,-9.239905600602135,139.33651250538247,88.61634815037473,5559,112,6826,
AVAX-USD,1h,4.0,1.5,140,55,85,0.39285714285714285,0.9043262045613512,-764.6425898540565,-0.07646425898540565,-0.08385557564383125,0.16011932187473774,-5.461732784671838,131.40984624004335,94.02569568301695,6841,141,6081,
AVAX-USD,1h,4.0,2.5,123,39,84,0.3170731707317073,0.90381248965747,-788.9459046602042,-0.07889459046602042,-0.07242160067388137,0.2210704171738043,-6.414194346830904,190.0825606036697,97.64483057384905,6495,124,6254,
AVAX-USD,1h,6.0,1.5,112,42,70,0.375,0.8574288886166057,-778.5595005977138,-0.07785595005977139,-0.11173174645103319,0.150985625486566,-6.9514241124795575,111.483114977625,78.01214756654228,5484,113,6910,
AVAX-USD,1h,5.0,2.5,118,41,77,0.3474576271186441,0.8726142849282607,-876.2976793668058,-0.08762976793668058,-0.09520665959462607,0.19514257147120462,-7.426251520057612,146.4095459488523,89.33881900350315,5621,119,6789,
AVAX-USD,1h,5.0,3.0,113,39,74,0.34513274336283184,0.9198132344301004,-535.3544918809948,-0.053535449188099486,-0.0512492968299445,0.1912735805885194,-4.737650370628266,157.46128884524248,90.22087509250609,5577,114,6800,
AVAX-USD,1h,6.0,2.0,106,40,66,0.37735849056603776,0.8759597178987675,-674.8394036971986,-0.06748394036971986,-0.088242157329573,0.15774516637443675,-6.366409468841532,119.14116198299521,82.43160428813654,5255,107,7022,
AVAX-USD,1h,6.0,2.5,103,39,64,0.3786407766990291,0.9382288254185401,-327.71135730091737,-0.03277113573009174,-0.035647809340625614,0.1502979309322573,-3.1816636631156925,127.62912679182801,82.89448909659701,5128,104,7071,
DOT-USD,1h,2.0,2.5,34,9,25,0.2647058823529412,0.8898032462348651,-286.0770701205056,-0.028607707012050558,-0.044028132278368395,0.1005409514260578,-8.414031474132443,256.6644529183739,103.84228585543471,1256,34,9319,
DOT-USD,1h,2.0,3.0,31,8,23,0.25806451612903225,1.0216287309957892,53.2683068164788,0.00532683068164788,0.016286909912385267,0.10519181284795238,1.7183324779510087,314.51471139136316,107.0804080136706,1249,31,9319,
DOT-USD,1h,2.0,1.5,106,38,68,0.3584905660377358,0.841141148445159,-1071.719508060769,-0.10717195080607689,-0.13622446180702288,0.1779760566588708,-10.11056139679966,149.33272839348322,99.21122333842831,2643,106,8525,
AVAX-USD,1h,6.0,3.0,100,36,64,0.36,0.8488555039988611,-799.5955993152838,-0.07995955993152838,-0.10082315626807603,0.19848067015264154,-7.995955993152819,124.74103027412674,82.66051076849757,5002,101,7115,
DOT-USD,1h,2.0,2.0,102,31,71,0.30392156862745096,0.8553292023825774,-1022.4855351296192,-0.10224855351296191,-0.11341061936024119,0.16913194670140777,-10.024367991466846,195.00596807980182,99.54465557187993,3663,102,8025,
DOT-USD,1h,3.0,1.5,157,65,92,0.4140127388535032,1.0027367353373136,25.235916807640024,0.0025235916807640024,0.014548217267410684,0.1287251106259759,0.16073832361555418,142.25248313999785,100.23016834013282,8029,157,5476,
DOT-USD,1h,4.0,1.5,129,56,73,0.43410852713178294,1.1755800807093006,1183.6629435902123,0.11836629435902123,0.14433108722082336,0.09083040438670165,9.175681733257413,141.5197324712281,92.34852157258311,7264,129,5878,
DOT-USD,1h,4.0,2.5,110,39,71,0.35454545454545455,1.1393773280057677,885.1523151214824,0.08851523151214824,0.10209375429150445,0.08518389132659886,8.046839228377074,185.53627861187755,89.44735986960205,7034,111,6002,
DOT-USD,1h,5.0,2.0,101,39,62,0.38613861386138615,1.1055553383347285,544.4194161740525,0.054441941617405246,0.07783933439405208,0.07312849335788049,5.390291249248072,146.20737581939284,83.18819743197201,6509,101,6321,
DOT-USD,1h,4.0,2.0,122,48,74,0.39344262295081966,1.1493907683549778,1016.1180596455451,0.10161180596455452,0.11775612369701165,0.09412398943374974,8.32883655447165,162.8721677070922,91.91548635533626,7313,122,5877,
DOT-USD,1h,3.0,2.5,132,47,85,0.3560606060606061,1.1693923571494593,1407.505098646392,0.14075050986463922,0.13335922488114652,0.10830531013357489,10.662917413987877,206.73716595308125,97.75460824880493,8129,132,5397,
DOT-USD,1h,3.0,3.0,132,43,89,0.32575757575757575,1.1393983624407167,1258.928320819754,0.12589283208197538,0.11400680437220151,0.12383967873783532,9.537335763785919,239.304280436911,101.47365997716214,7985,132,5461,
DOT-USD,1h,3.0,2.0,147,56,91,0.38095238095238093,1.1215829985719667,1102.2940338029784,0.11022940338029784,0.11221304829587296,0.13293664664119953,7.498598869407935,181.57999389330277,99.62841345298887,8309,147,5299,
DOT-USD,1h,4.0,3.0,103,34,69,0.3300970873786408,1.1522575658389689,936.7379504557102,0.09367379504557102,0.10276555506579044,0.08719409479374167,9.094543208307826,208.5018363597494,89.1641229822576,7329,103,5836,
DOT-USD,1h,5.0,1.5,111,51,60,0.4594594594594595,1.2057643937346054,1093.8260457127017,0.10938260457127016,0.14824754935689333,0.06191591982851216,9.85428870011443,125.68119874653654,88.59858483934435,7105,111,6023,
DOT-USD,1h,5.0,3.0,89,32,57,0.3595505617977528,1.0016931041654298,7.422703754726172,0.0007422703754726171,0.01047677795710607,0.09923358296055526,0.08340116578344947,137.23445294278628,76.91368053358656,6612,89,6255,
DOT-USD,1h,5.0,2.5,92,32,60,0.34782608695652173,1.0234715668097794,113.43521726857762,0.011343521726857762,0.02416417697456913,0.08249241631273724,1.2329914920496279,154.57228592012683,80.54796553625822,6974,92,6060,
DOT-USD,1h,6.0,1.5,99,46,53,0.46464646464646464,1.1465752448008852,622.0828824604396,0.062208288246043957,0.10144706444667889,0.05348391685003436,6.283665479398394,105.7870124350679,80.07772999156003,6243,99,6500,
DOT-USD,1h,6.0,2.5,85,35,50,0.4117647058823529,1.020714421596825,76.18973705666576,0.007618973705666577,0.019876762388115428,0.07437093683308318,0.8963498477254888,107.26545275701763,73.562022188779,6312,85,6436,
DOT-USD,1h,6.0,2.0,90,36,54,0.4,1.08376036525349,345.68770941705225,0.034568770941705226,0.058224273714166795,0.07204061897924101,3.8409745490783536,124.24420451249969,76.42784542653588,6542,90,6316,
ATOM-USD,1h,2.0,1.5,52,18,34,0.34615384615384615,0.7927062342093204,-707.6608263436174,-0.07076608263436174,-0.12821441315335008,0.10931616165604759,-13.608862045069515,150.34143201680968,100.40607654841732,1011,52,9439,
ATOM-USD,1h,2.0,2.5,31,10,21,0.3225806451612903,1.0834782424760512,186.2128615446527,0.01862128615446527,0.04013896327878728,0.09561792499119552,6.006866501440513,241.6888256969733,106.22263787738463,841,31,9540,
ATOM-USD,1h,2.0,2.0,43,15,28,0.3488372093023256,1.0522397235297798,157.52792969924303,0.015752792969924302,0.033844641247228024,0.10492855654105275,3.663440225563832,211.53397452478293,107.69577457758926,894,43,9512,
ATOM-USD,1h,2.0,3.0,27,7,20,0.25925925925925924,1.0603776875065811,123.5719023710335,0.01235719023710335,0.02860904606880107,0.09561792499119556,4.576737124853125,310.0314832189897,102.33242400809469,855,27,9530,
ATOM-USD,1h,4.0,2.5,36,10,26,0.2777777777777778,0.5855500530667771,-1019.3454529593891,-0.10193454529593891,-0.2192135337006245,0.1403521633012663,-28.315151471094076,144.01685619467997,94.59669288100719,2331,36,8741,
DOT-USD,1h,6.0,3.0,83,35,48,0.42168674698795183,1.0949617303345751,345.9803724868343,0.03459803724868343,0.05916863463220706,0.060502744377389034,4.168438222732966,113.98133482230917,75.90346554779136,6357,83,6420,
ATOM-USD,1h,4.0,2.0,136,56,80,0.4117647058823529,1.0925642410301488,715.3280968835825,0.07153280968835825,0.0837194845361149,0.12446956407383548,5.259765418261594,150.77210366115088,96.59887135176089,6921,137,6066,
ATOM-USD,1h,4.0,1.5,150,68,82,0.4533333333333333,1.1075470082774648,847.8140688232579,0.08478140688232579,0.10200846150345717,0.13290507835520363,5.652093792155057,128.39719641455272,96.1365278947113,7361,150,5818,
ATOM-USD,1h,3.0,3.0,144,50,94,0.3472222222222222,1.2413897822395765,2332.370895468419,0.23323708954684189,0.1806886287511129,0.13940955252535955,16.19702010741959,239.89262272533452,102.79000256168409,7311,144,5817,
ATOM-USD,1h,4.0,3.0,123,46,77,0.37398373983739835,1.1141217748236523,842.1895176835133,0.08421895176835133,0.08934866929800687,0.13194489950868635,6.847069249459516,178.73769176930972,95.8408351130484,6867,123,6111,
ATOM-USD,1h,3.0,2.5,156,57,99,0.36538461538461536,1.1954692115095973,1940.6694565220732,0.19406694565220733,0.16288839433219884,0.14206380285926334,12.440188823859437,208.22685973505065,100.28547018561429,7438,156,5715,
ATOM-USD,1h,3.0,2.0,164,66,98,0.4024390243902439,1.2016606006222863,2047.0905731194816,0.20470905731194816,0.17936948927108795,0.14627248825469077,12.482259592191987,184.82209487595486,103.58334376217894,7709,164,5573,
ATOM-USD,1h,5.0,2.0,111,48,63,0.43243243243243246,1.1199194818854032,686.8286723729889,0.06868286723729888,0.09190351349613081,0.10045137917266003,6.187645697053995,133.6300822460491,90.91135357837086,6714,112,6212,
ATOM-USD,1h,6.0,1.5,106,51,55,0.4811320754716981,1.1928927326358412,926.8972222350258,0.09268972222350258,0.13660831813738594,0.09953165512637346,8.744313417311588,112.39498448692189,87.36812702905434,6288,106,6445,
ATOM-USD,1h,5.0,1.5,118,53,65,0.4491525423728814,1.0461049789724726,262.2846603685048,0.026228466036850476,0.04405734938189196,0.11269592995033764,2.2227513590551453,112.28570316623689,87.52088626833921,6796,118,6146,
ATOM-USD,1h,3.0,1.5,199,90,109,0.45226130653266333,1.189625581861075,2204.8152976501133,0.22048152976501134,0.19595333788550143,0.13283599458827114,11.079473857538275,153.6891017680909,106.67159505943177,8195,199,5295,
ATOM-USD,1h,6.0,2.0,98,42,56,0.42857142857142855,1.126533767048391,596.1555584569996,0.05961555584569996,0.08884848992386012,0.09298484637022432,6.0832199842550665,126.37119242692658,84.13275934774857,6435,99,6345,
ATOM-USD,1h,5.0,2.5,109,45,64,0.41284403669724773,1.1561168480662964,928.521661932793,0.0928521661932793,0.11170549479545411,0.09401737150724038,8.518547357181554,152.80285966019974,92.93135973087811,6747,109,6200,
ATOM-USD,1h,5.0,3.0,102,41,61,0.4019607843137255,0.9487612738877321,-277.568016397101,-0.027756801639710102,-0.024511130138611673,0.10992336150911462,-2.7212550627166507,125.35573012775802,88.80578609237996,6654,102,6215,
ATOM-USD,1h,6.0,2.5,92,40,52,0.43478260869565216,1.1031880818365989,457.0937786552986,0.04570937786552986,0.07101261682959306,0.08701375821003796,4.968410637557561,122.1702157650071,85.18682407586515,6475,93,6280,
ATOM-USD,1h,6.0,3.0,90,40,50,0.4444444444444444,1.0763504130074324,333.6770038745617,0.03336770038745617,0.0547004409367073,0.07484095044695098,3.7075222652728925,117.60033992759979,87.40673186458861,6408,91,6321,
