analyzer,symbol,signals,trades,wins,losses,win_rate,profit_factor,total_r,avg_r,ic,buy_trades,buy_wins,buy_wr,sell_trades,sell_wins,sell_wr,error
volume,ADA-USD,81,81,22,59,0.2716049382716049,0.7457627118644068,-15.0,-0.18518518518518517,0.12567532195060185,53,17,0.32075471698113206,28,5,0.17857142857142858,
volume,ETH-USD,76,76,23,53,0.3026315789473684,0.8679245283018868,-7.0,-0.09210526315789473,-0.12780955764725252,41,15,0.36585365853658536,35,8,0.22857142857142856,
volume,BTC-USD,71,71,25,46,0.352112676056338,1.046921534225381,2.158390574367523,0.030399867244613,0.06546351057126237,40,13,0.325,31,12,0.3870967741935484,
trend,DOT-USD,94,94,37,57,0.39361702127659576,1.288917320025878,16.46828724147505,0.175194545122075,-0.21161522781654865,32,11,0.34375,62,26,0.41935483870967744,
volume,AVAX-USD,80,80,33,47,0.4125,1.4042553191489362,19.0,0.2375,-0.11959471957191022,48,21,0.4375,32,12,0.375,
trend,BTC-USD,93,93,32,61,0.34408602150537637,1.047758437515548,2.8793316355411784,0.030960555220872887,-0.1265037968416442,43,13,0.3023255813953488,50,19,0.38,
volume,DOT-USD,84,84,24,60,0.2857142857142857,0.8054479786819355,-11.594165322196165,-0.13802577764519244,0.11352797611232429,53,13,0.24528301886792453,31,11,0.3548387096774194,
trend,ETH-USD,94,94,31,63,0.32978723404255317,0.9540584692122391,-2.8943164396289385,-0.030790600421584453,0.12260129983869487,41,13,0.3170731707317073,53,18,0.33962264150943394,
trend,AVAX-USD,94,94,30,64,0.3191489361702128,0.9375,-4.0,-0.0425531914893617,0.10425783209858384,37,10,0.2702702702702703,57,20,0.3508771929824561,
trend,ATOM-USD,92,92,30,62,0.32608695652173914,0.967741935483871,-2.0,-0.021739130434782608,0.13512507237420693,38,10,0.2631578947368421,54,20,0.37037037037037035,
trend,ADA-USD,92,92,34,58,0.3695652173913043,1.1563299340206667,9.06713617319868,0.09855582796955087,0.12465479502381029,36,12,0.3333333333333333,56,22,0.39285714285714285,
volume,ATOM-USD,79,79,38,41,0.4810126582278481,1.815432010765933,33.432712441403254,0.42319889166333235,-0.02829342238861025,47,20,0.425531914893617,32,18,0.5625,
volatility,BTC-USD,54,54,19,35,0.35185185185185186,0.9659631347913463,-1.1912902823028806,-0.022060931153757048,-0.018454312901576383,33,13,0.3939393939393939,21,6,0.2857142857142857,
volatility,ETH-USD,45,45,21,24,0.4666666666666667,1.75,18.0,0.4,0.02830541518519042,33,18,0.5454545454545454,12,3,0.25,
volatility,AVAX-USD,39,39,11,28,0.28205128205128205,0.7596466508941414,-6.527536259923171,-0.16737272461341465,-0.07852136180953097,25,8,0.32,14,3,0.21428571428571427,
volatility,ADA-USD,37,37,13,24,0.35135135135135137,1.0833333333333333,2.0,0.05405405405405406,-0.17829428620451548,17,5,0.29411764705882354,20,8,0.4,
volatility,DOT-USD,37,37,17,20,0.4594594594594595,1.6062069091212874,12.124138182425748,0.32767941033583103,-0.0041183645095940954,15,7,0.4666666666666667,22,10,0.45454545454545453,
volatility,ATOM-USD,35,35,17,18,0.4857142857142857,1.8888888888888888,16.0,0.45714285714285713,0.2056998549638111,13,6,0.46153846153846156,22,11,0.5,
harmonic,BTC-USD,85,85,33,52,0.38823529411764707,1.2692307692307692,14.0,0.16470588235294117,-0.21612970529913403,43,19,0.4418604651162791,42,14,0.3333333333333333,
support_resistance,BTC-USD,69,69,25,44,0.36231884057971014,1.1363636363636365,6.0,0.08695652173913043,0.22783933406170304,25,8,0.32,44,17,0.38636363636363635,
harmonic,ETH-USD,81,81,23,58,0.2839506172839506,0.7699749667559401,-13.341451928155472,-0.1647092830636478,0.026614127425341527,38,12,0.3157894736842105,43,11,0.2558139534883721,
harmonic,ADA-USD,76,76,24,52,0.3157894736842105,0.9365864905859144,-3.249938454666294,-0.0427623480877144,-0.06544873461176158,40,10,0.25,36,14,0.3888888888888889,
support_resistance,ETH-USD,68,68,19,49,0.27941176470588236,0.7490630662742683,-12.295909752560854,-0.18082220224354198,0.08628942536285321,39,13,0.3333333333333333,29,6,0.20689655172413793,
elliott_wave,BTC-USD,99,99,34,65,0.3434343434343434,1.0461538461538462,3.0,0.030303030303030304,-0.10048714591142485,47,18,0.3829787234042553,52,16,0.3076923076923077,
elliott_wave,ETH-USD,99,99,38,61,0.3838383838383838,1.2347826353861577,14.32174075855562,0.14466404806621838,-0.04105372982656325,47,20,0.425531914893617,52,18,0.34615384615384615,
elliott_wave,ADA-USD,99,99,34,65,0.3434343434343434,1.023921434676883,1.5501630413398806,0.015658212538786673,-0.07568177282488382,54,17,0.3148148148148148,45,17,0.37777777777777777,
elliott_wave,AVAX-USD,99,99,33,66,0.3333333333333333,1.0,0.0,0.0,-0.06601417605060565,46,15,0.32608695652173914,53,18,0.33962264150943394,
elliott_wave,DOT-USD,99,99,41,58,0.41414141414141414,1.4085661858617355,23.61949162525345,0.23858072348740858,-0.04581018943778247,57,23,0.40350877192982454,42,18,0.42857142857142855,
elliott_wave,ATOM-USD,99,99,33,66,0.3333333333333333,0.9731322789297997,-1.7732695906332125,-0.017911814046800128,0.11837115408755382,47,14,0.2978723404255319,52,19,0.36538461538461536,
momentum,DOT-USD,8,8,3,5,0.375,1.2,1.0,0.125,-0.5957578939222937,1,1,1.0,7,2,0.2857142857142857,
harmonic,AVAX-USD,74,74,27,47,0.36486486486486486,1.1344105197880834,6.3172944300399205,0.08536884364918812,0.13641821264560317,39,14,0.358974358974359,35,13,0.37142857142857144,
momentum,ADA-USD,4,4,2,2,0.5,2.0,2.0,0.5,0.5446947846749643,1,0,0.0,3,2,0.6666666666666666,
harmonic,DOT-USD,73,73,25,48,0.3424657534246575,1.0416666666666667,2.0,0.0273972602739726,0.05263610249767388,36,12,0.3333333333333333,37,13,0.35135135135135137,
momentum,ATOM-USD,5,5,1,4,0.2,0.5,-2.0,-0.4,-0.4971174435271333,1,0,0.0,4,1,0.25,
harmonic,ATOM-USD,67,67,27,40,0.40298507462686567,1.35,14.0,0.208955223880597,0.17784546414522537,38,15,0.39473684210526316,29,12,0.41379310344827586,
support_resistance,ADA-USD,54,54,13,41,0.24074074074074073,0.6341463414634146,-15.0,-0.2777777777777778,0.07289994459209251,27,5,0.18518518518518517,27,8,0.2962962962962963,
momentum,AVAX-USD,8,8,1,7,0.125,0.2857142857142857,-5.0,-0.625,-0.5628945225937227,4,0,0.0,4,1,0.25,
support_resistance,AVAX-USD,62,62,18,44,0.2903225806451613,0.8181818181818182,-8.0,-0.12903225806451613,-0.060022083188183056,30,5,0.16666666666666666,32,13,0.40625,
momentum,ETH-USD,12,12,4,8,0.3333333333333333,1.0,0.0,0.0,-0.13067490233813273,1,1,1.0,11,3,0.2727272727272727,
support_resistance,ATOM-USD,66,66,25,41,0.3787878787878788,1.2195121951219512,9.0,0.13636363636363635,-0.18706595980708088,25,8,0.32,41,17,0.4146341463414634,
support_resistance,DOT-USD,62,62,20,42,0.3225806451612903,0.9523809523809523,-2.0,-0.03225806451612903,0.029728179210546348,29,8,0.27586206896551724,33,12,0.36363636363636365,
momentum,BTC-USD,19,19,6,13,0.3157894736842105,0.9230769230769231,-1.0,-0.05263157894736842,0.5685370753612604,9,4,0.4444444444444444,10,2,0.2,
