symbol,atr_mult,rr_ratio,filter_chop,long_only,trades,wins,losses,win_rate,profit_factor,total_pnl,total_pnl_pct,sharpe,max_dd_pct,buy_trades,buy_pnl,sell_trades,sell_pnl,error
ADA-USD,2.0,2.5,False,False,28,6,22,0.21428571428571427,0.6836123492701188,-703.5428147344937,-0.07035428147344937,-0.14406474359237476,0.1320065895827369,22,-98.4661933582049,6,-605.076621376287,
ADA-USD,2.0,3.0,False,False,29,6,23,0.20689655172413793,0.7781370448191299,-523.8304205707591,-0.05238304205707591,-0.0904548715029889,0.12351770697282605,23,88.8900598956619,6,-612.7204804664225,
ADA-USD,2.0,3.5,False,False,26,4,22,0.15384615384615385,0.6387332622015911,-801.1046049936631,-0.0801104604993663,-0.1507233913951724,0.14491547433016783,19,-105.50637367151084,7,-695.5982313221529,
ADA-USD,2.5,2.0,False,False,27,6,21,0.2222222222222222,0.5777065181105306,-881.1490497846571,-0.0881149049784657,-0.21299804373048006,0.13203061456631757,20,-194.7011050590209,7,-686.4479447256414,
ADA-USD,2.5,2.5,False,False,28,6,22,0.21428571428571427,0.6843560027675973,-703.5428147344901,-0.070354281473449,-0.14406474359237403,0.14068652368690923,21,-3.6140641339867727,7,-699.9287506005043,
ADA-USD,2.5,3.0,False,False,21,3,18,0.14285714285714285,0.5060657183258456,-881.0428099193032,-0.08810428099193032,-0.2129980437304816,0.14045082570640996,14,-187.65454854391217,7,-693.3882613753894,
ADA-USD,2.5,3.5,False,False,22,3,19,0.13636363636363635,0.5566351678169096,-840.1207898933408,-0.08401207898933408,-0.1807277759709301,0.14491547433016788,15,-145.59425551443582,7,-694.5265343789047,
ADA-USD,2.0,2.0,False,False,182,59,123,0.3241758241758242,0.9437500029995567,-690.4659192081726,-0.06904659192081726,-0.045143446677589405,0.15003989016921626,84,-354.82941384513765,98,-335.6365053630276,
ADA-USD,2.5,2.5,True,False,27,6,21,0.2222222222222222,0.7151267822196552,-609.6392068025198,-0.06096392068025198,-0.1245337168251467,0.132006589582737,21,0.48898137965694843,6,-610.1281881821731,
ADA-USD,2.5,2.0,True,False,26,6,20,0.23076923076923078,0.605169365068786,-789.0394442269298,-0.07890394442269298,-0.1914676943170849,0.12326324703668474,20,-190.67726554216384,6,-598.3621786847676,
ADA-USD,2.5,3.5,True,False,21,3,18,0.14285714285714285,0.5860048151636879,-747.5967574680199,-0.07475967574680198,-0.16091324126075518,0.13627825689915937,15,-142.46091830582364,6,-605.1358391621968,
ADA-USD,2.0,3.0,True,False,28,6,22,0.21428571428571427,0.8115242503268497,-428.11153593005474,-0.042811153593005476,-0.07283800387231178,0.11466435047760161,22,189.72769261926436,6,-617.8392285493248,
ADA-USD,2.0,2.5,True,False,27,6,21,0.2222222222222222,0.7144276828093148,-609.639206802518,-0.0609639206802518,-0.12453371682514634,0.12323897937650183,21,0.48898137965684896,6,-610.128188182173,
ADA-USD,2.0,3.5,True,False,25,4,21,0.16,0.6672125021840034,-708.1864696905668,-0.07081864696905668,-0.13282031032001088,0.13627825689915923,19,-100.47307560121504,6,-607.7133940893536,
ADA-USD,2.5,3.0,True,False,20,3,17,0.15,0.5344381108655375,-788.9321312316188,-0.07889321312316187,-0.19146769431708527,0.13176851081455546,14,-184.5204395991144,6,-604.4116916325033,
ADA-USD,2.0,2.0,True,False,175,58,117,0.3314285714285714,0.974335992261488,-305.9659206881315,-0.030596592068813152,-0.011754058907248432,0.13280634798240482,82,-165.67699192663468,93,-140.28892876149416,
ADA-USD,3.0,3.5,False,False,18,3,15,0.16666666666666666,0.6982113444678453,-435.58361520195103,-0.043558361520195106,-0.09763800356927234,0.10219990560284258,13,75.68627786343953,5,-511.26989306539474,
ADA-USD,3.0,2.0,False,False,179,68,111,0.37988826815642457,1.1452575001842875,1647.366446820135,0.1647366446820135,0.14428595302007916,0.17608512915253038,83,490.578347291129,96,1156.788099529018,
ADA-USD,3.0,2.5,False,False,158,56,102,0.35443037974683544,1.2237997905522722,2353.4221672340263,0.23534221672340264,0.18570306152045687,0.17648493752220368,70,481.3156959999201,88,1872.1064712341104,
ADA-USD,3.0,3.0,False,False,109,27,82,0.24770642201834864,0.8600856663666282,-1085.5020174104538,-0.10855020174104539,-0.09767498815682586,0.15972306696299876,47,-937.858328448722,62,-147.64368896173997,
ADA-USD,3.0,2.0,True,False,168,65,103,0.3869047619047619,1.1825496246080807,1896.320965865727,0.1896320965865727,0.16623419013118199,0.12487281715746057,76,638.0045568453586,92,1258.3164090203684,
ADA-USD,3.0,2.5,True,False,151,55,96,0.36423841059602646,1.2838372710870123,2803.2214140801643,0.2803221414080164,0.21746776486102912,0.12529747653018178,65,686.985709741528,86,2116.235704338634,
ADA-USD,3.0,3.0,True,False,146,46,100,0.3150684931506849,1.172925345729672,1689.1127320963951,0.1689112732096395,0.13759505499433303,0.1300974358968504,64,484.9335912437815,82,1204.179140852608,
ADA-USD,3.5,2.5,False,False,107,29,78,0.27102803738317754,0.850551287314276,-1086.6123089890425,-0.10866123089890425,-0.10996549750936889,0.1516109276848583,42,-773.829957435357,65,-312.7823515536901,
ADA-USD,3.5,3.5,False,False,17,3,14,0.17647058823529413,0.6416759931119376,-476.1427020084193,-0.04761427020084193,-0.11812497710331052,0.09293614969713761,11,129.0932584069538,6,-605.2359604153748,
ADA-USD,3.0,3.5,True,False,18,3,15,0.16666666666666666,0.6982113444678453,-435.58361520195103,-0.043558361520195106,-0.09763800356927234,0.10219990560284258,13,75.68627786343947,5,-511.26989306539474,
ADA-USD,3.5,3.0,False,False,135,45,90,0.3333333333333333,1.1946010234230773,1715.3164236824687,0.17153164236824686,0.14769639789171468,0.17720257589845007,56,655.7384070070852,79,1059.5780166753855,
ADA-USD,3.5,2.0,False,False,155,61,94,0.3935483870967742,1.1927924978969986,1766.9033884093315,0.17669033884093316,0.16482390798019173,0.153182147305044,69,269.0172087759044,86,1497.8861796334281,
ADA-USD,3.5,2.5,True,False,100,27,73,0.27,0.8434205366426831,-1051.042189802778,-0.1051042189802778,-0.11036009371158206,0.14822531253328047,42,-905.3240773679353,58,-145.71811243484453,
ADA-USD,3.5,3.5,True,False,17,3,14,0.17647058823529413,0.6416759931119377,-476.1427020084193,-0.04761427020084193,-0.11812497710331052,0.09293614969713761,11,129.093258406954,6,-605.2359604153748,
ADA-USD,3.5,3.0,True,False,130,44,86,0.3384615384615385,1.211886033999023,1786.5663831786023,0.17865663831786024,0.15441838340670652,0.14541114972171065,54,398.5022774627428,76,1388.0641057158523,
ADA-USD,3.5,2.0,True,False,149,58,91,0.38926174496644295,1.1875337344358212,1637.0618238863335,0.16370618238863335,0.15716816257546953,0.13168727921349252,67,14.23563391791408,82,1622.8261899684178,
ADA-USD,4.0,2.0,False,False,138,55,83,0.39855072463768115,1.152610084184689,1211.8951219866922,0.12118951219866922,0.12829113013003912,0.11650069607535318,62,345.8395549524514,76,866.0555670342404,
ADA-USD,4.0,2.5,False,False,131,47,84,0.35877862595419846,1.161730647605875,1279.1408906510496,0.12791408906510496,0.12666224160491088,0.12656409722749604,55,322.6456104871206,76,956.4952801639288,
DOT-USD,2.0,2.0,False,False,94,28,66,0.2978723404255319,0.837628737344657,-1055.826133793913,-0.1055826133793913,-0.12368636350018312,0.1638561775016768,54,-410.15048547824307,40,-645.6756483156636,
DOT-USD,2.0,2.5,False,False,31,8,23,0.25806451612903225,0.8610187159467819,-330.58057303311944,-0.03305805730331195,-0.05573946171177262,0.10054095142605769,23,-228.50615123901494,8,-102.0744217941037,
ADA-USD,4.0,3.0,False,False,125,45,80,0.36,1.2662871194653653,2048.981940896645,0.2048981940896645,0.18030737662038035,0.1333713012588389,51,800.1736599677197,74,1248.808280928923,
DOT-USD,2.0,3.0,False,False,31,8,23,0.25806451612903225,1.0216287309957892,53.26830681647516,0.005326830681647516,0.016286909912384684,0.1051918128479527,22,163.6607315567586,9,-110.39242474027735,
ADA-USD,4.0,3.5,False,False,113,39,74,0.34513274336283184,1.1828734468726556,1238.4163260824698,0.12384163260824699,0.12080700511528204,0.12916436582805618,42,133.65306004437,71,1104.7632660380937,
ADA-USD,4.0,2.0,True,False,134,53,81,0.39552238805970147,1.1554997724052358,1201.8018073612748,0.12018018073612748,0.128438034751924,0.10473847059408446,61,-1.1026048833785058,73,1202.9044122446494,
DOT-USD,2.0,3.5,False,False,24,6,18,0.25,0.8974139721401727,-193.4571635829925,-0.01934571635829925,-0.03002323081672262,0.0956179249911953,19,184.35062923544325,5,-377.807792818437,
ADA-USD,4.0,3.0,True,False,77,23,54,0.2987012987012987,0.9705246449598833,-148.05105397982516,-0.014805105397982516,-0.007307031910016711,0.08655329496474244,30,-153.97905500659076,47,5.928001026760816,
ADA-USD,4.0,2.5,True,False,126,46,80,0.36507936507936506,1.194816749172436,1463.9782987163708,0.14639782987163708,0.14361606876564573,0.10708342584043634,54,27.115319671745183,72,1436.8629790446184,
ADA-USD,4.0,3.5,True,False,70,19,51,0.2714285714285714,0.8819598164116524,-536.5206114340435,-0.05365206114340435,-0.05657758904749719,0.09908310648843847,25,-779.5861578626071,45,243.06554642856338,
DOT-USD,2.0,2.0,True,False,90,27,63,0.3,0.8391677631616877,-1022.8465781826344,-0.10228465781826344,-0.12283648363710446,0.16916536119934963,52,-438.5389740649109,38,-584.3076041177198,
DOT-USD,2.5,3.5,False,False,23,6,17,0.2608695652173913,0.84822105426681,-266.95139694532736,-0.026695139694532737,-0.04642614633495503,0.09561792499119555,19,11.568996882420855,4,-278.5203938277477,
DOT-USD,2.0,2.5,True,False,175,55,120,0.3142857142857143,1.0798887269735666,1024.6866114873865,0.10246866114873865,0.09004181535919487,0.16938389581752908,88,-260.01151636728616,87,1284.698127854673,
DOT-USD,2.0,3.0,True,False,155,44,111,0.2838709677419355,1.1253416910166525,1550.73468688896,0.155073468688896,0.12095257377621724,0.17029583142521176,74,400.9439739551909,81,1149.7907129337698,
DOT-USD,2.0,3.5,True,False,141,38,103,0.2695035460992908,1.1157316997467748,1307.3912853866368,0.13073912853866368,0.10515684079987699,0.13806703514105695,69,-291.1721688946631,72,1598.5634542813007,
DOT-USD,3.0,3.0,False,False,23,6,17,0.2608695652173913,0.8311086891788249,-281.51923390107004,-0.028151923390107005,-0.05586379450576493,0.08819785942353088,19,-79.21349057594563,4,-202.30574332512964,
DOT-USD,2.5,2.0,False,False,161,61,100,0.37888198757763975,1.1099254176356794,1190.4095539227292,0.11904095539227291,0.11397718509823858,0.10687194687358864,83,-721.0288107678996,78,1911.438364690623,
DOT-USD,2.5,2.5,False,False,143,46,97,0.32167832167832167,1.0800829041255424,820.8214969039582,0.08208214969039582,0.08154812174023993,0.12876240291340682,69,-211.22267542234704,74,1032.0441723263116,
DOT-USD,2.5,3.0,False,False,125,35,90,0.28,0.985149946682462,-132.7925000611558,-0.013279250006115581,0.002838355267812058,0.13966159260679684,65,-849.9286507612024,60,717.1361507000485,
DOT-USD,2.5,2.0,True,False,148,56,92,0.3783783783783784,1.119754938837654,1202.304701125042,0.12023047011250419,0.11821236366527546,0.11406529497793368,76,-290.02301057322757,72,1492.3277116982645,
DOT-USD,2.5,2.5,True,False,152,53,99,0.34868421052631576,1.2403773100344175,2639.6616157943045,0.2639661615794304,0.202365914072256,0.11396720188462593,76,1383.5881261685715,76,1256.0734896257452,
DOT-USD,2.5,3.0,True,False,117,35,82,0.29914529914529914,1.1043112256138163,911.4425661662572,0.09114425661662572,0.09000215705368358,0.1099781285588117,58,-206.48322930652947,59,1117.9257954727884,
DOT-USD,3.0,3.5,False,False,18,4,14,0.2222222222222222,0.6343029326395638,-487.0627442274017,-0.04870627442274017,-0.12197753550631037,0.08819785942353124,14,-287.8137839857661,4,-199.2489602416336,
DOT-USD,3.0,2.0,False,False,150,57,93,0.38,1.1333798597633578,1237.7439746652071,0.12377439746652072,0.12212002129034563,0.15435949146412692,81,758.4487810602475,69,479.2951936049516,
DOT-USD,2.5,3.5,True,False,116,34,82,0.29310344827586204,1.1586930184294124,1417.1242193758953,0.14171242193758954,0.12218464019538182,0.09698036201501763,59,-79.0533845875785,57,1496.1776039634608,
DOT-USD,3.0,2.5,False,False,116,35,81,0.3017241379310345,0.9104259384745401,-682.4873772693336,-0.06824873772693336,-0.05984364279264872,0.14675571098165666,59,-809.6485523384863,57,127.16117506915087,
DOT-USD,3.0,2.0,True,False,138,55,83,0.39855072463768115,1.2224246320584795,1910.798173856403,0.1910798173856403,0.1812121818286037,0.12776232095509799,72,1109.9274599873033,66,800.8707138690905,
DOT-USD,3.0,2.5,True,False,121,44,77,0.36363636363636365,1.2109929194365054,1633.5447469080373,0.16335447469080372,0.15602674750491488,0.10887643545905122,64,931.4294333663709,57,702.1153135416706,
DOT-USD,3.0,3.0,True,False,125,41,84,0.328,1.1629229003553008,1407.887405763142,0.1407887405763142,0.12717286807950456,0.09348934479769827,67,876.5071110499651,58,531.3802947131779,
DOT-USD,3.5,2.0,False,False,135,52,83,0.3851851851851852,1.1249962749418383,972.5952267571265,0.09725952267571265,0.10678356138658827,0.11073126303043432,73,-3.3056395480712073,62,975.9008663052018,
DOT-USD,3.5,2.5,False,False,125,44,81,0.352,1.1495499897290764,1137.4304309550134,0.11374304309550134,0.11576042524209944,0.09936162881665296,69,-123.66932247454014,56,1261.0997534295564,
DOT-USD,3.0,3.5,True,False,118,36,82,0.3050847457627119,1.1291755321200063,1032.4100918276763,0.10324100918276763,0.09645139558810403,0.1198436112858871,59,261.10346993320337,59,771.3066218944663,
DOT-USD,3.5,3.0,False,False,113,36,77,0.3185840707964602,1.033458380717557,233.06292173435213,0.023306292173435213,0.035114435929797724,0.12106880296468858,58,-539.8731397664591,55,772.9360615008152,
DOT-USD,3.5,2.0,True,False,126,49,77,0.3888888888888889,1.156629309206723,1163.1422538328643,0.11631422538328642,0.1273602983637285,0.09433532058019566,67,591.0448822544884,59,572.0973715783821,
DOT-USD,3.5,3.5,False,False,108,34,74,0.3148148148148148,1.168097718309543,1156.296764823348,0.1156296764823348,0.11174074868154206,0.10202558409483314,55,-50.81527563173283,53,1207.1120404550823,
DOT-USD,3.5,2.5,True,False,116,40,76,0.3448275862068966,1.1148945002188293,837.4235452553203,0.08374235452553203,0.09269330654635204,0.08992821215430616,63,81.185425054243,53,756.2381202010693,
DOT-USD,4.0,2.0,False,False,121,47,74,0.3884297520661157,1.1308298969233181,868.1912427360548,0.08681912427360548,0.1034030948388981,0.10241523895898481,66,172.59420728779756,55,695.5970354482588,
DOT-USD,3.5,3.0,True,False,108,34,74,0.3148148148148148,1.0387684106793387,265.24221875943294,0.026524221875943294,0.03834624070789096,0.10023283736183979,55,-216.54023917388977,53,481.78245793332314,
DOT-USD,4.0,2.5,False,False,111,39,72,0.35135135135135137,1.0678042915219186,427.09060695679364,0.04270906069567936,0.05660702702745532,0.10737283653630847,59,-108.68700947739879,52,535.777616434195,
DOT-USD,3.5,3.5,True,False,101,31,70,0.3069306930693069,1.1369625680742688,893.8999312822634,0.08938999312822635,0.09293474136240268,0.10470306991311094,50,82.58117259682015,51,811.3187586854401,
DOT-USD,4.0,2.0,True,False,112,42,70,0.375,1.0448485484045074,286.49114561922215,0.028649114561922217,0.04359064993997986,0.09665498287147894,60,154.4026191712362,52,132.08852644799322,
DOT-USD,4.0,2.5,True,False,107,36,71,0.3364485981308411,1.0093093330294265,59.9708755813881,0.00599708755813881,0.01796618044395527,0.08581890557421336,55,-25.238063125477755,52,85.2089387068684,
DOT-USD,4.0,3.0,True,False,98,31,67,0.3163265306122449,1.0241599192923363,143.58657229011442,0.014358657229011442,0.026837785130696633,0.10626750024827893,48,-192.9274236202181,50,336.51399591032464,
DOT-USD,4.0,3.0,False,False,104,35,69,0.33653846153846156,1.1260829715986875,766.475613228813,0.07664756132288131,0.08741239220955702,0.10640106696797975,52,-47.86527545154079,52,814.3408886803547,
DOT-USD,4.0,3.5,False,False,101,33,68,0.32673267326732675,1.124967047744969,733.3519892241347,0.07333519892241347,0.08337254347600158,0.10028070090411842,51,9.940005766595107,50,723.4119834575422,
DOT-USD,4.0,3.5,True,False,94,29,65,0.30851063829787234,0.9890917483372538,-61.46265861621396,-0.0061462658616213955,0.004968562672874226,0.10039807762626006,46,-288.93911526141125,48,227.47645664520059,
