symbol,regime_1d_mode,filter_chop,long_only,trades,wins,losses,win_rate,profit_factor,total_pnl,total_pnl_pct,sharpe,max_dd_pct,blocked_1d,error
BTC-USD,none,False,False,178,58,120,0.3258426966292135,1.1187799483266108,1665.6313270046558,0.16656313270046558,0.1329974155678726,0.11336408975539049,0,
BTC-USD,drawdown_10,False,False,175,58,117,0.3314285714285714,1.1511835033165343,2067.234499786726,0.2067234499786726,0.1581753529052125,0.11336408975539049,0,
BTC-USD,drawdown_10,True,False,159,55,104,0.34591194968553457,1.2177721508323476,2714.166091420686,0.2714166091420686,0.20244733022072744,0.12842375046178958,0,
BTC-USD,none,True,False,162,55,107,0.3395061728395062,1.178546615567853,2291.0327345871046,0.22910327345871045,0.1761440942900956,0.12842375046178958,0,
BTC-USD,baseline,False,False,162,55,107,0.3395061728395062,1.2191712412002227,2784.4296762338854,0.27844296762338855,0.2042999924389072,0.09717441796167058,0,
BTC-USD,baseline,True,False,146,52,94,0.3561643835616438,1.3036158643103066,3474.230157963644,0.3474230157963644,0.2519221766104497,0.11250906297825161,0,
BTC-USD,sma200_only,True,False,131,46,85,0.3511450381679389,1.286607122516202,2934.1735849665947,0.29341735849665945,0.23066902777542786,0.13239129359849228,0,
BTC-USD,drawdown_10,True,True,90,32,58,0.35555555555555557,1.2539497319953954,1783.5205474927461,0.17835205474927462,0.1781451631271563,0.07579342166607972,0,
BTC-USD,none,True,True,90,32,58,0.35555555555555557,1.2539497319953954,1783.5205474927461,0.17835205474927462,0.1781451631271563,0.07579342166607972,0,
BTC-USD,none,False,True,99,33,66,0.3333333333333333,1.138860161326993,1080.1389181953564,0.10801389181953563,0.1146821371316873,0.09575490849036282,0,
BTC-USD,drawdown_10,False,True,99,33,66,0.3333333333333333,1.138860161326993,1080.1389181953564,0.10801389181953563,0.1146821371316873,0.09575490849036282,0,
BTC-USD,baseline,True,True,74,29,45,0.3918918918918919,1.5036992453904687,2768.713750588364,0.2768713750588364,0.2718638476619949,0.062059661026423366,0,
BTC-USD,sma200_only,True,True,64,24,40,0.375,1.4263162101029556,2041.9988756234707,0.20419988756234705,0.2250898231517008,0.062059661026423366,0,
BTC-USD,baseline,False,True,83,30,53,0.3614457831325301,1.315943549937878,2002.5857770229413,0.20025857770229413,0.20143294520067304,0.07196928368982816,0,
BTC-USD,sma200_only,False,True,71,25,46,0.352112676056338,1.2896056838617875,1573.6843736648643,0.15736843736648642,0.17538674639266363,0.07196928368982816,0,
BTC-USD,sma200_only,False,False,143,48,95,0.3356643356643357,1.2077302194892992,2309.3150498625346,0.23093150498625345,0.18495640900890722,0.11740018668013946,0,
ETH-USD,none,False,True,28,8,20,0.2857142857142857,0.8828099417298567,-238.87537093600622,-0.02388753709360062,-0.03236264723438485,0.0939694766950311,0,
ETH-USD,baseline,False,True,26,8,18,0.3076923076923077,0.9895386933567927,-19.14285248300439,-0.001914285248300439,0.0016677920803499665,0.09396947669503089,0,
ETH-USD,none,True,True,28,8,20,0.2857142857142857,0.88275589531227,-238.9833389246578,-0.02389833389246578,-0.03238147359179171,0.09396947669503108,0,
ETH-USD,drawdown_10,False,True,28,8,20,0.2857142857142857,0.8828099417298567,-238.87537093600622,-0.02388753709360062,-0.03236264723438485,0.0939694766950311,0,
ETH-USD,baseline,True,True,26,8,18,0.3076923076923077,0.9894782675778688,-19.253250937304983,-0.0019253250937304983,0.001650116850313625,0.09396947669503142,0,
ETH-USD,drawdown_10,True,True,28,8,20,0.2857142857142857,0.88275589531227,-238.9833389246578,-0.02389833389246578,-0.03238147359179171,0.09396947669503108,0,
ETH-USD,sma200_only,True,False,45,13,32,0.28888888888888886,0.9335794887026555,-220.59198293134978,-0.022059198293134977,-0.0204660273704401,0.1308450458114217,0,
ETH-USD,none,True,False,84,32,52,0.38095238095238093,1.327397024821457,1835.117072014531,0.1835117072014531,0.14562917748753776,0.13337442120406806,0,
ETH-USD,sma200_only,True,True,25,7,18,0.28,0.8591537988169174,-254.29473618139673,-0.025429473618139672,-0.03802278405200377,0.09396947669503122,0,
ETH-USD,sma200_only,False,True,25,7,18,0.28,0.8592147662287053,-254.18693755428285,-0.025418693755428285,-0.03800217650065447,0.09396947669503138,0,
ETH-USD,none,False,False,85,32,53,0.3764705882352941,1.2986386559845169,1702.3800089967062,0.17023800089967062,0.13615118395665762,0.14310356115242465,0,
ETH-USD,baseline,True,False,68,27,41,0.39705882352941174,1.4339472169457848,1910.8918595168616,0.19108918595168617,0.16452388355314282,0.10659750329289727,0,
ETH-USD,drawdown_10,True,False,81,31,50,0.38271604938271603,1.3359995227872876,1810.9728002993397,0.18109728002993397,0.1462566344447896,0.13337442120406806,0,
ETH-USD,baseline,False,False,69,27,42,0.391304347826087,1.3941016218060758,1777.3049424010424,0.17773049424010423,0.15396802012183938,0.11662725331799043,0,
ETH-USD,drawdown_10,False,False,82,31,51,0.3780487804878049,1.3058772099179312,1678.5065279882529,0.16785065279882527,0.13659865876000826,0.14310356115242465,0,
ADA-USD,none,False,False,190,75,115,0.39473684210526316,1.3362875366515972,5322.082522687655,0.5322082522687654,0.24365479682994723,0.12830822984066662,0,
ETH-USD,sma200_only,False,False,45,13,32,0.28888888888888886,0.9336126914297717,-220.48381151330977,-0.022048381151330978,-0.020451972111833458,0.13084504581142178,0,
ADA-USD,baseline,False,False,157,63,94,0.4012738853503185,1.4111705382593094,5174.241627487507,0.5174241627487507,0.2566039622708634,0.13428400179767216,0,
ADA-USD,drawdown_10,False,False,149,61,88,0.40939597315436244,1.4255986106064655,5076.27618165971,0.507627618165971,0.25900781020147146,0.10529046937069977,0,
ADA-USD,none,True,False,260,100,160,0.38461538461538464,1.233149143637311,5017.242692669723,0.5017242692669722,0.20740911795556613,0.15651109884526987,0,
ADA-USD,baseline,True,False,209,83,126,0.39712918660287083,1.2960716463154685,5000.630377064583,0.5000630377064583,0.22629597575156757,0.1340975159231619,0,
ADA-USD,drawdown_10,True,False,158,65,93,0.41139240506329117,1.4246203870153875,5198.935633483048,0.5198935633483048,0.2600069478434563,0.09262686766169796,0,
ADA-USD,none,True,True,117,46,71,0.39316239316239315,1.3527968396178958,3376.3385669634044,0.33763385669634044,0.20633101215751734,0.12497165415825076,0,
ADA-USD,none,False,True,124,48,76,0.3870967741935484,1.317619775436725,3297.3591206453384,0.32973591206453384,0.19774300533078856,0.15087043645833506,0,
ADA-USD,sma200_only,False,False,153,62,91,0.40522875816993464,1.426876047170221,5202.8060262333565,0.5202806026233356,0.26113215331959844,0.12317958095892267,0,
ADA-USD,sma200_only,True,False,185,75,110,0.40540540540540543,1.3432064663432282,5022.47331757939,0.502247331757939,0.23912008647227298,0.11895164923238591,0,
ADA-USD,baseline,True,True,78,34,44,0.4358974358974359,1.6404485223019196,3707.930121782667,0.3707930121782667,0.2593967751416958,0.07761997086229738,0,
ADA-USD,baseline,False,True,84,36,48,0.42857142857142855,1.587852010928846,3775.2350343075996,0.37752350343075997,0.2551963172147604,0.10477020794348892,0,
ADA-USD,drawdown_10,True,True,93,39,54,0.41935483870967744,1.5425517424085111,3975.352352393029,0.3975352352393029,0.25479930462080674,0.07476653726496385,0,
DOT-USD,none,False,False,156,64,92,0.41025641025641024,1.4190104134527923,5226.079937875793,0.5226079937875793,0.2556696642599317,0.14240063354978183,0,
ADA-USD,drawdown_10,False,True,100,41,59,0.41,1.4786628968649944,3893.4316531519435,0.38934316531519436,0.24354029204930835,0.10207561395970244,0,
DOT-USD,none,True,True,42,17,25,0.40476190476190477,1.4837741955454051,1486.3705676352947,0.14863705676352948,0.15506307424972446,0.1018084429824557,0,
DOT-USD,none,True,False,156,64,92,0.41025641025641024,1.403638272666889,5175.77233018802,0.517577233018802,0.25395036690703227,0.1644625333716918,0,
ADA-USD,sma200_only,True,True,56,25,31,0.44642857142857145,1.7463370334975112,2969.42936976278,0.296942936976278,0.2485212265396233,0.07309143422388127,0,
ADA-USD,sma200_only,False,True,58,26,32,0.4482758620689655,1.7479133723510245,3136.6799938494387,0.3136679993849439,0.25557624976444093,0.0808737942906832,0,
DOT-USD,drawdown_10,False,False,155,64,91,0.4129032258064516,1.4121937860409217,5106.714343758422,0.5106714343758422,0.2528688314869826,0.14240063354978183,0,
DOT-USD,baseline,True,True,42,17,25,0.40476190476190477,1.4837741955454051,1486.3705676352947,0.14863705676352948,0.15506307424972446,0.1018084429824557,0,
DOT-USD,none,False,True,159,56,103,0.3522012578616352,1.1578739821044108,2043.9339485454802,0.20439339485454802,0.1210482775081994,0.14165866434233243,0,
DOT-USD,baseline,True,False,199,77,122,0.3869346733668342,1.3050845421172002,5205.3031568924835,0.5205303156892483,0.23120440457624722,0.1644625333716918,0,
DOT-USD,drawdown_10,True,True,42,17,25,0.40476190476190477,1.4837741955454051,1486.3705676352947,0.14863705676352948,0.15506307424972446,0.1018084429824557,0,
DOT-USD,baseline,False,False,263,97,166,0.3688212927756654,1.1828315366298836,4215.199202234071,0.4215199202234071,0.17789856095408638,0.15244959344985531,0,
DOT-USD,drawdown_10,True,False,144,60,84,0.4166666666666667,1.4364461855764648,5082.695852932173,0.5082695852932173,0.2591325980129666,0.1644625333716918,0,
DOT-USD,sma200_only,False,True,51,18,33,0.35294117647058826,1.1975325094919589,784.1074539583042,0.07841074539583041,0.08365486705834226,0.13769347258159134,0,
DOT-USD,sma200_only,True,True,42,17,25,0.40476190476190477,1.4837741955454051,1486.3705676352947,0.14863705676352948,0.15506307424972446,0.1018084429824557,0,
ATOM-USD,none,False,True,40,12,28,0.3,1.0624079178152874,191.67883934494785,0.019167883934494784,0.02724675708240748,0.10069621071202034,0,
DOT-USD,baseline,False,True,97,37,60,0.38144329896907214,1.3216804861240787,2395.6234398960023,0.23956234398960022,0.16612696457347567,0.11326483045664047,0,
DOT-USD,sma200_only,False,False,225,80,145,0.35555555555555557,1.1232414152354533,2356.6626740565025,0.23566626740565025,0.12091613202980965,0.16643798550160216,0,
DOT-USD,sma200_only,True,False,197,76,121,0.38578680203045684,1.3043815059080495,5049.6609031691205,0.5049660903169121,0.2270281872731544,0.1644625333716918,0,
ATOM-USD,none,False,False,205,76,129,0.37073170731707317,1.0639673181206837,875.8580718237317,0.08758580718237317,0.058049378302781646,0.17330034116181842,0,
DOT-USD,drawdown_10,False,True,133,49,84,0.3684210526315789,1.2329401552796078,2497.7826213216995,0.24977826213216994,0.1520962457157857,0.11674687799938291,0,
ATOM-USD,none,True,True,53,15,38,0.2830188679245283,0.9587399941318152,-172.38154023232528,-0.01723815402323253,-0.009044547516115211,0.13219362909664129,0,
ATOM-USD,none,True,False,190,73,117,0.38421052631578945,1.136963822252118,1719.052894661052,0.1719052894661052,0.09962013119376663,0.1462566239940684,0,
ATOM-USD,baseline,False,False,167,66,101,0.39520958083832336,1.1166957629225345,1329.0644560298751,0.1329064456029875,0.08564937178666795,0.11975484877912877,0,
ATOM-USD,baseline,True,False,156,63,93,0.40384615384615385,1.1571562634515344,1640.7079248748269,0.1640707924874827,0.10421721774459587,0.09893064943139866,0,
ATOM-USD,drawdown_10,True,False,162,68,94,0.41975308641975306,1.3441395868334356,3706.46264531574,0.37064626453157395,0.1911722791861021,0.09935200113018051,0,
ATOM-USD,drawdown_10,False,False,177,70,107,0.3954802259887006,1.2167182835023544,2612.2133461409376,0.26122133461409375,0.14024937427423165,0.13021658327095506,0,
ATOM-USD,baseline,True,True,53,19,34,0.3584905660377358,1.2050308558231286,775.5909108125561,0.07755909108125561,0.07741127286545604,0.08176750926521273,0,
ATOM-USD,drawdown_10,True,True,73,28,45,0.3835616438356164,1.40286923257407,1983.4763479070498,0.19834763479070497,0.14910845971065353,0.07906168158757282,0,
ATOM-USD,sma200_only,False,False,146,61,85,0.4178082191780822,1.1681514015186143,1597.9145074411626,0.15979145074411627,0.10643003778894061,0.11217495520085606,0,
ATOM-USD,drawdown_10,False,True,85,29,56,0.3411764705882353,1.1896768536381233,1160.72119485648,0.116072119485648,0.09024914697883436,0.10739224464587926,0,
ATOM-USD,sma200_only,True,False,139,58,81,0.4172661870503597,1.1958038657678371,1753.7611385000491,0.1753761138500049,0.11652718497988523,0.10264049609372032,0,
ATOM-USD,baseline,False,True,61,20,41,0.32786885245901637,1.1148644377503094,524.7071043736069,0.052470710437360686,0.05296110730976424,0.104483877874749,0,
ATOM-USD,sma200_only,True,True,36,14,22,0.3888888888888889,1.3691821401752213,880.2422077130523,0.08802422077130523,0.1013737454668974,0.06550134014133173,0,
ATOM-USD,sma200_only,False,True,40,15,25,0.375,1.2836591947673976,774.4689498535754,0.07744689498535753,0.08797914348213423,0.0681258941701284,0,
